TIMESTAMP_START,TIMESTAMP_END,TA_F_MDS,TA_F_MDS_QC,TA_ERA,TA_F,TA_F_QC,SW_IN_POT,SW_IN_F_MDS,SW_IN_F_MDS_QC,SW_IN_ERA,SW_IN_F,SW_IN_F_QC,LW_IN_F_MDS,LW_IN_F_MDS_QC,LW_IN_ERA,LW_IN_F,LW_IN_F_QC,LW_IN_JSB,LW_IN_JSB_QC,LW_IN_JSB_ERA,LW_IN_JSB_F,LW_IN_JSB_F_QC,VPD_F_MDS,VPD_F_MDS_QC,VPD_ERA,VPD_F,VPD_F_QC,PA,PA_ERA,PA_F,PA_F_QC,P,P_ERA,P_F,P_F_QC,WS,WS_ERA,WS_F,WS_F_QC,WD,USTAR,RH,NETRAD,PPFD_IN,PPFD_DIF,PPFD_OUT,SW_OUT,LW_OUT,CO2_F_MDS,CO2_F_MDS_QC,TS_F_MDS_1,TS_F_MDS_2,TS_F_MDS_3,TS_F_MDS_4,TS_F_MDS_5,TS_F_MDS_6,TS_F_MDS_1_QC,TS_F_MDS_2_QC,TS_F_MDS_3_QC,TS_F_MDS_4_QC,TS_F_MDS_5_QC,TS_F_MDS_6_QC,SWC_F_MDS_1,SWC_F_MDS_2,SWC_F_MDS_3,SWC_F_MDS_4,SWC_F_MDS_5,SWC_F_MDS_1_QC,SWC_F_MDS_2_QC,SWC_F_MDS_3_QC,SWC_F_MDS_4_QC,SWC_F_MDS_5_QC,G_F_MDS,G_F_MDS_QC,LE_F_MDS,LE_F_MDS_QC,LE_CORR,LE_CORR_25,LE_CORR_75,LE_RANDUNC,LE_RANDUNC_METHOD,LE_RANDUNC_N,LE_CORR_JOINTUNC,H_F_MDS,H_F_MDS_QC,H_CORR,H_CORR_25,H_CORR_75,H_RANDUNC,H_RANDUNC_METHOD,H_RANDUNC_N,H_CORR_JOINTUNC,EBC_CF_N,EBC_CF_METHOD,NIGHT,NEE_CUT_REF,NEE_VUT_REF,NEE_CUT_REF_QC,NEE_VUT_REF_QC,NEE_CUT_REF_RANDUNC,NEE_VUT_REF_RANDUNC,NEE_CUT_REF_RANDUNC_METHOD,NEE_VUT_REF_RANDUNC_METHOD,NEE_CUT_REF_RANDUNC_N,NEE_VUT_REF_RANDUNC_N,NEE_CUT_REF_JOINTUNC,NEE_VUT_REF_JOINTUNC,NEE_CUT_USTAR50,NEE_VUT_USTAR50,NEE_CUT_USTAR50_QC,NEE_VUT_USTAR50_QC,NEE_CUT_USTAR50_RANDUNC,NEE_VUT_USTAR50_RANDUNC,NEE_CUT_USTAR50_RANDUNC_METHOD,NEE_VUT_USTAR50_RANDUNC_METHOD,NEE_CUT_USTAR50_RANDUNC_N,NEE_VUT_USTAR50_RANDUNC_N,NEE_CUT_USTAR50_JOINTUNC,NEE_VUT_USTAR50_JOINTUNC,NEE_CUT_MEAN,NEE_VUT_MEAN,NEE_CUT_MEAN_QC,NEE_VUT_MEAN_QC,NEE_CUT_SE,NEE_VUT_SE,NEE_CUT_05,NEE_CUT_16,NEE_CUT_25,NEE_CUT_50,NEE_CUT_75,NEE_CUT_84,NEE_CUT_95,NEE_VUT_05,NEE_VUT_16,NEE_VUT_25,NEE_VUT_50,NEE_VUT_75,NEE_VUT_84,NEE_VUT_95,NEE_CUT_05_QC,NEE_CUT_16_QC,NEE_CUT_25_QC,NEE_CUT_50_QC,NEE_CUT_75_QC,NEE_CUT_84_QC,NEE_CUT_95_QC,NEE_VUT_05_QC,NEE_VUT_16_QC,NEE_VUT_25_QC,NEE_VUT_50_QC,NEE_VUT_75_QC,NEE_VUT_84_QC,NEE_VUT_95_QC,RECO_NT_VUT_REF,RECO_NT_VUT_USTAR50,RECO_NT_VUT_MEAN,RECO_NT_VUT_SE,RECO_NT_VUT_05,RECO_NT_VUT_16,RECO_NT_VUT_25,RECO_NT_VUT_50,RECO_NT_VUT_75,RECO_NT_VUT_84,RECO_NT_VUT_95,RECO_NT_CUT_REF,RECO_NT_CUT_USTAR50,RECO_NT_CUT_MEAN,RECO_NT_CUT_SE,RECO_NT_CUT_05,RECO_NT_CUT_16,RECO_NT_CUT_25,RECO_NT_CUT_50,RECO_NT_CUT_75,RECO_NT_CUT_84,RECO_NT_CUT_95,GPP_NT_VUT_REF,GPP_NT_VUT_USTAR50,GPP_NT_VUT_MEAN,GPP_NT_VUT_SE,GPP_NT_VUT_05,GPP_NT_VUT_16,GPP_NT_VUT_25,GPP_NT_VUT_50,GPP_NT_VUT_75,GPP_NT_VUT_84,GPP_NT_VUT_95,GPP_NT_CUT_REF,GPP_NT_CUT_USTAR50,GPP_NT_CUT_MEAN,GPP_NT_CUT_SE,GPP_NT_CUT_05,GPP_NT_CUT_16,GPP_NT_CUT_25,GPP_NT_CUT_50,GPP_NT_CUT_75,GPP_NT_CUT_84,GPP_NT_CUT_95,RECO_DT_VUT_REF,RECO_DT_VUT_USTAR50,RECO_DT_VUT_MEAN,RECO_DT_VUT_SE,RECO_DT_VUT_05,RECO_DT_VUT_16,RECO_DT_VUT_25,RECO_DT_VUT_50,RECO_DT_VUT_75,RECO_DT_VUT_84,RECO_DT_VUT_95,RECO_DT_CUT_REF,RECO_DT_CUT_USTAR50,RECO_DT_CUT_MEAN,RECO_DT_CUT_SE,RECO_DT_CUT_05,RECO_DT_CUT_16,RECO_DT_CUT_25,RECO_DT_CUT_50,RECO_DT_CUT_75,RECO_DT_CUT_84,RECO_DT_CUT_95,GPP_DT_VUT_REF,GPP_DT_VUT_USTAR50,GPP_DT_VUT_MEAN,GPP_DT_VUT_SE,GPP_DT_VUT_05,GPP_DT_VUT_16,GPP_DT_VUT_25,GPP_DT_VUT_50,GPP_DT_VUT_75,GPP_DT_VUT_84,GPP_DT_VUT_95,GPP_DT_CUT_REF,GPP_DT_CUT_USTAR50,GPP_DT_CUT_MEAN,GPP_DT_CUT_SE,GPP_DT_CUT_05,GPP_DT_CUT_16,GPP_DT_CUT_25,GPP_DT_CUT_50,GPP_DT_CUT_75,GPP_DT_CUT_84,GPP_DT_CUT_95,SWC_F_MDS_6,SWC_F_MDS_6_QC
202307030000,202307030030,12.1,0,12.982,12.1,0,0,0,0,0,0,0,294.57,0,319.332,294.57,0,359.215,0,321.32,359.215,0,2.279,0,3.358,2.279,0,98.62,98.826,98.62,0,0,0,0,0,4.93,4.719,4.93,0,235.8,0.92,83.86,-81.66,0.05,0.68,-0.03,-4.06,373.66,406.75,0,13.15,13.17,13.11,12.68,11.41,9.89,0,0,0,0,0,0,18.85,20.674,26.535,23.689,10.854,0,3,3,3,3,-0.28,0,9.74,0,12.8624,10.4343,17.9699,9.76159,1,36,11.2469,-87.19,0,-114.674,-160.862,-93.4053,29.8136,1,39,58.2179,366,1,1,5.14,5.14,0,0,0.951416,0.951416,1,1,16,16,0.951416,0.951416,5.14,5.14,0,0,0.951416,0.951416,1,1,16,16,0.951416,0.951416,5.14,5.14,1,1,0.000000000000000711112,0.000000000000000711112,5.14,5.14,5.14,5.14,5.14,5.14,5.14,5.14,5.14,5.14,5.14,5.14,5.14,5.14,0,0,0,0,0,0,0,0,0,0,0,0,0,0,6.37183,6.35254,6.28646,0.0176944,5.89355,6.23559,6.29354,6.31479,6.3238,6.35254,6.36684,6.28743,6.31027,6.29886,0.0117622,6.21387,6.28358,6.28988,6.31027,6.32389,6.34242,6.35926,1.23183,1.21254,1.14646,0.0176944,0.753549,1.09559,1.15354,1.17479,1.1838,1.21254,1.22684,1.16887,1.17027,1.15886,0.0117622,1.07387,1.14358,1.14988,1.17027,1.18389,1.20242,1.21926,5.50632,5.75338,5.47723,0.0680208,4.60089,4.79654,5.19987,5.63805,5.74962,5.75624,5.978,5.61151,5.61096,5.61888,0.0410511,4.75254,5.45282,5.61096,5.6723,5.70508,5.75624,5.97302,0,0,0,0,0,0,0,0,0,0,0,0,0,0,0,0,0,0,0,0,0,0,-9999,-9999
202307030030,202307030100,11.95,0,12.859,11.95,0,0,0,0,0,0,0,300.7,0,319.332,300.7,0,357.975,0,321.32,357.975,0,2.258,0,3.298,2.258,0,98.61,98.813,98.61,0,0,0,0,0,4.62,4.698,4.62,0,232.9,0.811,83.85,-74.45,0.13,0.68,-0.04,-4.23,372.96,407.16,0,13.1,13.13,13.09,12.67,11.41,9.9,0,0,0,0,0,0,18.84,20.675,26.534,23.686,10.855,0,3,3,3,3,-0.42,0,14.7,0,19.3337,15.7479,27.1209,10.5645,1,35,13.5161,-83.21,0,-109.439,-153.519,-89.1415,29.2118,1,40,55.953,367,1,1,4.52,4.52,0,0,1.23639,1.23639,1,1,17,17,1.23639,1.23639,4.52,4.52,0,0,1.23639,1.23639,1,1,17,17,1.23639,1.23639,4.52,4.52,1,1,0.000000000000000284445,0.000000000000000284445,4.52,4.52,4.52,4.52,4.52,4.52,4.52,4.52,4.52,4.52,4.52,4.52,4.52,4.52,0,0,0,0,0,0,0,0,0,0,0,0,0,0,6.32938,6.30609,6.24294,0.0175523,5.85519,6.19196,6.24949,6.27051,6.28604,6.30609,6.32367,6.24771,6.26649,6.25722,0.0116879,6.17306,6.24433,6.24771,6.26694,6.28385,6.30452,6.31685,1.80938,1.78609,1.72294,0.0175523,1.33519,1.67196,1.72949,1.75051,1.76604,1.78609,1.80367,1.7449,1.74649,1.73722,0.0116879,1.65306,1.72433,1.72771,1.74693,1.76385,1.78452,1.79685,5.4672,5.73675,5.44507,0.0700329,4.55418,4.73931,5.17517,5.6158,5.73263,5.7396,5.95874,5.5799,5.57919,5.58862,0.0424248,4.69595,5.39985,5.57919,5.6393,5.68527,5.73952,5.95373,0,0,0,0,0,0,0,0,0,0,0,0,0,0,0,0,0,0,0,0,0,0,-9999,-9999
202307030100,202307030130,12,0,12.737,12,0,0,0,0,0,0,0,293.96,0,317.825,293.96,0,358.727,0,319.541,358.727,0,2.187,0,3.239,2.187,0,98.59,98.799,98.59,0,0,0,0,0,4.86,4.678,4.86,0,236,0.961,84.41,-81.77,0.25,0.68,-0.04,-4.07,373.18,407.34,0,13.05,13.1,13.07,12.66,11.41,9.9,0,0,0,0,0,0,18.83,20.676,26.533,23.682,10.856,0,3,3,3,3,-0.54,0,5.88,0,7.73346,6.29915,10.8483,11.2547,1,33,11.749,-101.87,0,-133.87,-187.362,-109.006,28.4497,1,41,64.6777,368,1,1,5.98,5.98,0,0,1.28656,1.28656,1,1,19,19,1.28656,1.28656,5.98,5.98,0,0,1.28656,1.28656,1,1,19,19,1.28656,1.28656,5.98,5.98,1,1,0.000000000000000568889,0.000000000000000568889,5.98,5.98,5.98,5.98,5.98,5.98,5.98,5.98,5.98,5.98,5.98,5.98,5.98,5.98,0,0,0,0,0,0,0,0,0,0,0,0,0,0,6.33814,6.31628,6.25208,0.0174811,5.8661,6.2022,6.26018,6.28064,6.29059,6.31628,6.33273,6.25708,6.27696,6.26688,0.0115947,6.18694,6.25385,6.25741,6.27703,6.29059,6.31286,6.32542,0.35814,0.336278,0.272075,0.0174811,-0.113899,0.222198,0.280181,0.30064,0.310593,0.336278,0.352733,0.295446,0.296959,0.286877,0.0115947,0.206941,0.273846,0.277406,0.297032,0.310593,0.332859,0.345421,5.4882,5.7501,5.46381,0.0689324,4.58939,4.77278,5.18891,5.62869,5.74559,5.75301,5.97276,5.59736,5.59674,5.6059,0.0416882,4.72924,5.42631,5.59674,5.65669,5.69889,5.75259,5.9677,0,0,0,0,0,0,0,0,0,0,0,0,0,0,0,0,0,0,0,0,0,0,-9999,-9999
202307030130,202307030200,12.04,0,12.656,12.04,0,0,0,0,0,0,0,295.07,0,317.825,295.07,0,359.232,0,319.541,359.232,0,2.152,0,3.256,2.152,0,98.58,98.786,98.58,0,0,0,0,0,4.97,4.601,4.97,0,230.7,0.962,84.7,-80.82,0.45,0.67,-0.03,-4.11,373.44,407,0,13,13.06,13.04,12.65,11.41,9.9,0,0,0,0,0,0,18.8,20.678,26.532,23.68,10.857,0,3,3,3,3,-0.62,0,15.67,0,20.5923,16.787,28.8207,11.1417,1,35,14.2728,-99.96,0,-131.36,-183.849,-107.086,27.5289,1,41,63.2135,369,1,1,6.5,6.5,0,0,1.37586,1.37586,1,1,21,21,1.37586,1.37586,6.5,6.5,0,0,1.37586,1.37586,1,1,21,21,1.37586,1.37586,6.5,6.5,1,1,0,0,6.5,6.5,6.5,6.5,6.5,6.5,6.5,6.5,6.5,6.5,6.5,6.5,6.5,6.5,0,0,0,0,0,0,0,0,0,0,0,0,0,0,6.34433,6.32363,6.25857,0.0174106,5.87455,6.20974,6.26813,6.28798,6.29516,6.32363,6.33917,6.264,6.28471,6.27396,0.0115089,6.19801,6.26088,6.26611,6.28346,6.29516,6.31888,6.33162,-0.155669,-0.176369,-0.241432,0.0174106,-0.625453,-0.290261,-0.231867,-0.212025,-0.204842,-0.176369,-0.160827,-0.216741,-0.215291,-0.226035,0.0115089,-0.301994,-0.239119,-0.233891,-0.216535,-0.204842,-0.181124,-0.168384,5.50623,5.76195,5.48006,0.0679892,4.62053,4.80185,5.19638,5.63983,5.75706,5.76492,5.98513,5.61239,5.61185,5.62083,0.0410565,4.75817,5.44886,5.61185,5.67157,5.71075,5.76401,5.98002,0,0,0,0,0,0,0,0,0,0,0,0,0,0,0,0,0,0,0,0,0,0,-9999,-9999
202307030200,202307030230,11.93,0,12.575,11.93,0,0,0,0,0,0,0,293.91,0,315.464,293.91,0,359.011,0,316.751,359.011,0,1.977,0,3.273,1.977,0,98.58,98.773,98.58,0,0,0,0,0,5.03,4.523,5.03,0,229.2,0.937,85.84,-81.45,0.58,0.68,-0.04,-4.12,372.93,407.16,0,12.96,13.02,13.02,12.64,11.41,9.9,0,0,0,0,0,0,18.79,20.681,26.532,23.678,10.859,0,3,3,3,3,-0.68,0,5.53,0,7.26711,5.91739,10.1709,10.9711,1,35,11.4153,-86.59,0,-113.561,-159.259,-92.6558,25.1418,1,40,55.4051,370,1,1,5.8,5.8,0,0,1.41167,1.40708,1,1,23,22,1.41167,1.40708,5.8,5.8,0,0,1.41167,1.44164,1,1,23,21,1.41167,1.44164,5.8,5.8,1,1,0.000000000000000568889,0.000000000000000568889,5.8,5.8,5.8,5.8,5.8,5.8,5.8,5.8,5.8,5.8,5.8,5.8,5.8,5.8,0,0,0,0,0,0,0,0,0,0,0,0,0,0,6.31219,6.28859,6.22565,0.0172889,5.84607,6.17694,6.23489,6.25261,6.26502,6.28859,6.30652,6.23414,6.25185,6.24264,0.0114577,6.16681,6.23028,6.23691,6.25166,6.26607,6.28909,6.3011,0.512193,0.488586,0.425652,0.0172889,0.0460744,0.376945,0.434893,0.452615,0.46502,0.488586,0.506519,0.450256,0.451845,0.442642,0.0114577,0.366806,0.430284,0.436914,0.451658,0.466067,0.489093,0.501102,5.47904,5.75126,5.45798,0.0693984,4.59725,4.76251,5.14902,5.62456,5.74601,5.75428,5.97246,5.59053,5.58988,5.60006,0.0420184,4.71932,5.41167,5.58988,5.64858,5.69832,5.75286,5.96732,0,0,0,0,0,0,0,0,0,0,0,0,0,0,0,0,0,0,0,0,0,0,-9999,-9999
202307030230,202307030300,11.77,0,12.415,11.77,0,0,0,0,0,0,0,309.11,0,315.464,309.11,0,358.573,0,316.751,358.573,0,1.751,0,3.114,1.751,0,98.57,98.767,98.57,0,0,0,0,0,5,4.469,5,0,226.3,0.955,87.33,-64.64,0.81,0.68,-0.03,-4.24,372.34,407.69,0,12.92,12.99,12.99,12.63,11.41,9.9,0,0,0,0,0,0,18.77,20.684,26.532,23.675,10.86,0,3,3,3,3,-0.75,0,6.075,1,7.96726,6.49545,11.1733,10.8147,2,257,11.357,-87.25,0,-114.427,-160.473,-93.2885,23.4846,1,32,55.0624,371,1,1,6.49,6.49,0,0,1.55665,1.56946,1,1,21,20,1.55665,1.56946,6.49,6.49,0,0,1.55665,1.61062,1,1,21,19,1.55665,1.61062,6.49,6.49,1,1,0.000000000000000568889,0.000000000000000568889,6.49,6.49,6.49,6.49,6.49,6.49,6.49,6.49,6.49,6.49,6.49,6.49,6.49,6.49,0,0,0,0,0,0,0,0,0,0,0,0,0,0,6.26736,6.23953,6.1797,0.0171659,5.80536,6.1308,6.18794,6.20277,6.22493,6.24413,6.26092,6.1921,6.20554,6.1986,0.0114568,6.12159,6.1854,6.19144,6.20277,6.22733,6.24877,6.25587,-0.222636,-0.250469,-0.3103,0.0171659,-0.684644,-0.359195,-0.302058,-0.287235,-0.265068,-0.24587,-0.229075,-0.286257,-0.284462,-0.291404,0.0114568,-0.368411,-0.304599,-0.298562,-0.287235,-0.262671,-0.241232,-0.234125,5.43682,5.73298,5.42317,0.0715807,4.55654,4.70068,5.08262,5.60043,5.72737,5.73604,5.95138,5.55635,5.55553,5.56744,0.0435218,4.65817,5.35477,5.55553,5.61296,5.67789,5.73414,5.94621,0,0,0,0,0,0,0,0,0,0,0,0,0,0,0,0,0,0,0,0,0,0,-9999,-9999
202307030300,202307030330,11.88,0,12.254,11.88,0,0,0,0,0,0,0,342.41,0,309.386,342.41,0,360.886,0,309.572,360.886,0,1.427,0,2.954,1.427,0,98.57,98.76,98.57,0,0.1,0,0.1,0,5.22,4.414,5.22,0,227.3,0.948,89.75,-31.06,3.11,0.97,0.02,-3.79,373.16,407.65,0,12.88,12.95,12.97,12.62,11.41,9.9,0,0,0,0,0,0,18.74,20.687,26.532,23.673,10.861,0,3,3,3,3,-0.76,0,5.73344,1,7.51932,6.13025,10.5451,10.7336,2,260,11.2214,-75.41,0,-98.899,-138.696,-80.6291,24.4454,1,26,49.5018,371,1,1,6.94,6.94,0,0,1.60429,1.63612,1,1,19,18,1.60429,1.63612,6.94,6.94,0,0,1.60429,1.67657,1,1,19,17,1.60429,1.67657,6.94,6.94,1,1,0.000000000000000142222,0.000000000000000142222,6.94,6.94,6.94,6.94,6.94,6.94,6.94,6.94,6.94,6.94,6.94,6.94,6.94,6.94,0,0,0,0,0,0,0,0,0,0,0,0,0,0,6.2914,6.2666,6.20453,0.0171117,5.83099,6.15711,6.21474,6.22798,6.2429,6.26731,6.28556,6.21614,6.23218,6.22356,0.0113437,6.14921,6.21202,6.21745,6.23055,6.25137,6.27232,6.28045,-0.648601,-0.673403,-0.735472,0.0171117,-1.10901,-0.78289,-0.72526,-0.712017,-0.697096,-0.672688,-0.654439,-0.709455,-0.707817,-0.716437,0.0113437,-0.790794,-0.727979,-0.722549,-0.709455,-0.688626,-0.667675,-0.659554,5.47585,5.75539,5.45719,0.0695784,4.61743,4.7612,5.11549,5.62392,5.74939,5.75852,5.97546,5.58856,5.58791,5.59896,0.0421442,4.71826,5.40493,5.58791,5.64549,5.70103,5.75611,5.97024,0,0,0,0,0,0,0,0,0,0,0,0,0,0,0,0,0,0,0,0,0,0,-9999,-9999
202307030330,202307030400,11.71,0,12.162,11.71,0,27.9034,10.48,0,0,10.48,0,341.7,0,309.386,341.7,0,361.592,0,309.572,361.592,0,0.893,0,2.807,0.893,0,98.55,98.748,98.55,0,0.01,0,0.01,0,4.39,4.413,4.39,0,228.2,0.97,93.51,-22.61,20.89,17.4,0.44,-0.98,373.04,407.2,0,12.84,12.92,12.94,12.61,11.41,9.9,0,0,0,0,0,0,18.73,20.69,26.532,23.671,10.862,0,3,3,3,3,-0.76,0,11.23,0,14.728,12.0072,20.6546,10.9064,1,23,12.6507,-51.9073,1,-68.0756,-95.4695,-55.4998,23.3787,2,63,37.7419,371,1,0,4.37,4.37,0,0,1.59027,1.69852,1,1,15,13,1.59027,1.69852,4.37,4.37,0,0,1.59027,1.7468,1,1,15,12,1.59027,1.7468,4.37,4.37,1,1,0.000000000000000426667,0.000000000000000426667,4.37,4.37,4.37,4.37,4.37,4.37,4.37,4.37,4.37,4.37,4.37,4.37,4.37,4.37,0,0,0,0,0,0,0,0,0,0,0,0,0,0,6.24409,6.21481,6.15604,0.016994,5.78785,6.10836,6.16394,6.17533,6.20069,6.22297,6.23744,6.1717,6.18325,6.17703,0.0113766,6.09942,6.16569,6.16869,6.18139,6.21034,6.22497,6.23271,1.87409,1.84482,1.78604,0.016994,1.41785,1.73836,1.79394,1.80533,1.83069,1.85297,1.86744,1.81139,1.81325,1.80703,0.0113766,1.72942,1.79569,1.79869,1.81139,1.84034,1.85497,1.86271,5.43055,5.73553,5.41976,0.0719296,4.57347,4.69469,5.04398,5.59797,5.72918,5.73871,5.95263,5.55186,5.55102,5.56396,0.043766,4.65247,5.34402,5.55102,5.60728,5.67973,5.7358,5.94739,1.10165,1.06868,1.05378,0.00586143,0.969116,1.01608,1.04036,1.05843,1.06922,1.08101,1.1102,1.06599,1.05843,1.06255,0.00430555,1.0031,1.04729,1.05346,1.06268,1.06922,1.08494,1.09759,-9999,-9999
202307030400,202307030430,11.95,0,12.069,11.95,0,102.611,45.1,0,2.355,45.1,0,326.65,0,319.232,326.65,0,361.593,0,321.202,361.593,0,1.403,0,2.66,1.403,0,98.54,98.735,98.54,0,0,0.002,0,0,4.22,4.412,4.22,0,227.1,0.886,89.97,-2.18,82.51,70.43,1.93,4.29,374.4,406.86,0,12.81,12.88,12.92,12.6,11.41,9.9,0,0,0,0,0,0,18.72,20.693,26.533,23.669,10.864,0,3,3,3,3,-0.73,0,6.81,0,8.9312,7.28132,12.5252,11.5855,1,29,12.2202,-50.73,0,-66.5316,-93.3041,-54.241,32.1696,1,32,43.2828,371,1,0,2.92,2.92,0,0,2.29272,2.43177,1,1,16,13,2.29272,2.43177,2.92,2.92,0,0,2.29272,2.35509,1,1,16,12,2.29272,2.35509,2.92,2.92,1,1,0.000000000000000213334,0.000000000000000213334,2.92,2.92,2.92,2.92,2.92,2.92,2.92,2.92,2.92,2.92,2.92,2.92,2.92,2.92,0,0,0,0,0,0,0,0,0,0,0,0,0,0,6.30119,6.27843,6.21485,0.0169802,5.84539,6.16947,6.22638,6.23822,6.24987,6.27843,6.2958,6.22749,6.24494,6.23515,0.0112056,6.16208,6.22427,6.22774,6.24038,6.26458,6.28203,6.2908,3.38119,3.35843,3.29485,0.0169802,2.92539,3.24947,3.30638,3.31822,3.32987,3.35843,3.3758,3.32342,3.32494,3.31515,0.0112056,3.24208,3.30427,3.30774,3.32038,3.34458,3.36203,3.3708,5.50888,5.77762,5.48711,0.067905,4.68279,4.80643,5.12708,5.64447,5.77085,5.77979,5.99856,5.61617,5.61566,5.62641,0.0409886,4.77151,5.446,5.61566,5.67274,5.72292,5.77745,5.99323,4.28975,4.17353,4.12733,0.0198595,3.84157,4.00788,4.07682,4.14432,4.17524,4.22463,4.31966,4.17299,4.14432,4.15813,0.0146247,3.96184,4.10587,4.13079,4.16133,4.17523,4.23334,4.28902,-9999,-9999
202307030430,202307030500,12.11,0,12.099,12.11,0,183.405,55.64,0,4.205,55.64,0,342.8,0,319.232,342.8,0,361.602,0,321.202,361.602,0,1.738,0,2.598,1.738,0,98.53,98.719,98.53,0,0.01,0.002,0.01,0,4.48,4.428,4.48,0,222,0.845,87.7,23.13,105.39,83.59,2.48,5.49,375.17,406.65,0,12.78,12.86,12.89,12.59,11.41,9.9,0,0,0,0,0,0,18.7,20.694,26.534,23.667,10.865,0,3,3,3,3,-0.62,0,20.01,0,26.2428,21.3949,36.803,14.6666,1,30,18.5895,-26.64,0,-34.9379,-48.9971,-28.4837,32.8543,1,33,36.2027,371,1,0,1.54,1.54,0,0,2.76403,2.82622,1,1,15,13,2.76403,2.82622,1.54,1.54,0,0,2.76403,2.82622,1,1,15,13,2.76403,2.82622,1.54,1.54,1,1,0.000000000000000106667,0.000000000000000106667,1.54,1.54,1.54,1.54,1.54,1.54,1.54,1.54,1.54,1.54,1.54,1.54,1.54,1.54,0,0,0,0,0,0,0,0,0,0,0,0,0,0,6.33791,6.31956,6.25273,0.0169754,5.88333,6.20916,6.26484,6.27462,6.29416,6.31956,6.33338,6.26372,6.28507,6.27286,0.0111165,6.20283,6.26152,6.26689,6.27935,6.29849,6.31653,6.32824,4.79791,4.77956,4.71273,0.0169754,4.34333,4.66916,4.72484,4.73462,4.75416,4.77956,4.79338,4.74378,4.74507,4.73286,0.0111165,4.66283,4.72152,4.72689,4.73935,4.75849,4.77653,4.78824,5.56339,5.80764,5.53434,0.0650904,4.76256,4.88279,5.18225,5.67685,5.80046,5.80973,6.03109,5.66091,5.66064,5.66999,0.0390703,4.85569,5.51683,5.66072,5.71812,5.75332,5.80702,6.02569,5.14206,5.00686,4.95542,0.0228216,4.62927,4.82276,4.89433,4.97465,5.00889,5.0686,5.17692,5.00876,4.97465,4.99074,0.0168327,4.76906,4.92728,4.96077,4.99519,5.00876,5.07692,5.14713,-9999,-9999
202307030500,202307030530,11.95,0,12.128,11.95,0,268.452,104.43,0,43.172,104.43,0,326.61,0,311.017,326.61,0,361.754,0,311.498,361.754,0,1.363,0,2.536,1.363,0,98.54,98.702,98.54,0,0.03,0.004,0.03,0,4.27,4.444,4.27,0,225.6,0.806,90.25,51.5,210.62,149.61,4.96,10.47,374.57,405.97,0,12.76,12.83,12.87,12.58,11.41,9.9,0,0,0,0,0,0,18.69,20.695,26.535,23.666,10.867,0,3,3,3,3,-0.47,0,41.78,0,54.7938,44.6716,76.843,17.8027,1,12,29.7604,-25.86,1,-33.915,-47.5625,-27.6498,18.8313,2,174,23.9271,371,1,0,-0.97,-0.97,0,0,3.30979,3.91325,2,2,19,8,3.30979,3.91325,-0.97,-0.97,0,0,3.30979,3.91325,2,2,19,8,3.30979,3.91325,-0.97,-0.97,1,1,0.000000000000000088889,0.000000000000000088889,-0.97,-0.97,-0.97,-0.97,-0.97,-0.97,-0.97,-0.97,-0.97,-0.97,-0.97,-0.97,-0.97,-0.97,0,0,0,0,0,0,0,0,0,0,0,0,0,0,6.29314,6.27053,6.20682,0.0168351,5.8426,6.16304,6.21798,6.22986,6.24365,6.27098,6.28784,6.22171,6.23878,6.22884,0.011113,6.15572,6.21798,6.22171,6.23365,6.26151,6.2756,6.28306,7.26314,7.24053,7.17682,0.0168351,6.8126,7.13304,7.18798,7.19986,7.21365,7.24098,7.25784,7.20728,7.20878,7.19884,0.011113,7.12572,7.18798,7.19171,7.20365,7.23151,7.24561,7.25306,5.52079,5.7893,5.49912,0.0673503,4.72177,4.81215,5.11245,5.65266,5.78177,5.7913,6.00994,5.62653,5.62608,5.63721,0.040584,4.7931,5.45918,5.62613,5.68229,5.73367,5.78714,6.00452,8.53738,8.33854,8.27967,0.0314438,7.83475,8.11875,8.18252,8.30922,8.34423,8.45006,8.5879,8.36385,8.30922,8.33098,0.0233797,8.03998,8.22874,8.29862,8.33552,8.35683,8.4481,8.58036,-9999,-9999
202307030530,202307030600,12.66,0,12.344,12.66,0,356.299,226.22,0,57.284,226.22,0,336.3,0,311.017,336.3,0,327.095,0,311.498,327.095,0,2.355,0,2.717,2.355,0,98.53,98.698,98.53,0,0,0.004,0,0,5.06,4.509,5.06,0,227,1.034,83.93,175.11,436.39,304.15,10.42,23.68,378.54,404.28,0,12.74,12.8,12.85,12.56,11.41,9.9,0,0,0,0,0,0,18.68,20.694,26.534,23.663,10.869,0,3,3,3,3,-0.37,0,63.95,0,83.8694,68.3759,117.619,44.6217,1,7,57.6505,29.74,0,39.0035,31.7983,54.6987,24.1496,1,6,29.5192,371,1,0,-7.75,-7.75,0,0,2.58409,3.1467,2,2,11,7,2.58409,3.1467,-7.75,-7.75,0,0,2.58409,3.1467,2,2,11,7,2.58409,3.1467,-7.75,-7.75,1,1,0,0,-7.75,-7.75,-7.75,-7.75,-7.75,-7.75,-7.75,-7.75,-7.75,-7.75,-7.75,-7.75,-7.75,-7.75,0,0,0,0,0,0,0,0,0,0,0,0,0,0,6.46997,6.46693,6.38888,0.0172387,6.01602,6.3505,6.37287,6.41674,6.43071,6.46234,6.46839,6.39247,6.42772,6.40717,0.0111534,6.34781,6.37225,6.39247,6.41743,6.43071,6.44453,6.46693,14.22,14.2169,14.1389,0.0172387,13.766,14.1005,14.1229,14.1667,14.1807,14.2123,14.2184,14.1772,14.1777,14.1572,0.0111534,14.0978,14.1223,14.1425,14.1674,14.1807,14.1945,14.2169,5.74386,5.90239,5.68991,0.0556418,5.01134,5.13646,5.39399,5.8101,5.89995,5.90589,6.13474,5.80805,5.80855,5.81283,0.032887,5.13646,5.75457,5.80805,5.8664,5.87986,5.9005,6.12917,14.3599,14.0991,14.081,0.0341647,13.6137,13.8915,13.9451,14.1032,14.1815,14.3151,14.4232,14.2097,14.1242,14.146,0.0267494,13.8835,13.9881,14.0841,14.1242,14.1897,14.2658,14.4232,-9999,-9999
202307030600,202307030630,13.17,0,12.56,13.17,0,445.442,294.28,0,99.772,294.28,0,336.36,0,324.699,336.36,0,323.866,0,327.66,323.866,0,2.886,0,2.897,2.886,0,98.54,98.694,98.54,0,0,0.066,0,0,4.45,4.574,4.45,0,230.5,0.975,80.95,235,574.94,383.09,13.33,28.68,381.43,402.42,0,12.73,12.78,12.82,12.55,11.41,9.91,0,0,0,0,0,0,18.67,20.69,26.532,23.661,10.868,0,3,3,3,3,-0.22,0,77.19,0,101.233,82.5323,141.97,27.5606,2,46,51.9705,37.27,1,48.879,39.8494,68.5481,21.0315,2,12,29.915,371,1,0,-10.6667,-10.8175,1,1,2.75225,3.18305,2,2,32,23,2.75328,3.18395,-10.6667,-10.8175,1,1,2.75225,3.18305,2,2,32,23,2.75328,3.18395,-10.7097,-10.768,1,1,0.0128474,0.0237729,-10.8283,-10.8175,-10.7753,-10.6667,-10.6667,-10.6667,-10.6667,-11.043,-10.8175,-10.8175,-10.7264,-10.6667,-10.6667,-10.6667,1,1,1,1,1,1,1,1,1,1,1,1,1,1,6.59609,6.60753,6.51892,0.0177699,6.14242,6.47177,6.48553,6.55328,6.56332,6.59609,6.60444,6.5145,6.5631,6.53472,0.0116133,6.46977,6.49138,6.5145,6.54984,6.56304,6.56405,6.60367,17.4136,17.425,17.2869,0.0160349,17.1515,17.1876,17.2243,17.2611,17.3696,17.3719,17.4219,17.23,17.2298,17.2444,0.0115501,17.1522,17.1812,17.1876,17.2273,17.265,17.3167,17.3725,5.90805,5.98506,5.83121,0.0470153,5.22975,5.39623,5.60848,5.94298,5.98695,6.01461,6.22584,5.94086,5.94209,5.94169,0.0277787,5.39623,5.87922,5.92683,5.97404,6.00607,6.01461,6.21609,16.6006,16.3323,16.3496,0.031556,15.9487,16.1641,16.2203,16.3355,16.463,16.5585,16.6641,16.4902,16.3949,16.4136,0.0261812,16.1631,16.2327,16.3232,16.3949,16.4687,16.5168,16.6909,-9999,-9999
202307030630,202307030700,13.56,0,12.834,13.56,0,534.356,411.39,0,119.669,411.39,0,330.04,0,324.699,330.04,0,308.412,0,327.66,308.412,0,3.391,0,3.118,3.391,0,98.54,98.695,98.54,0,0,0.066,0,0,5.45,4.579,5.45,0,231.6,1.002,78.18,337.08,806.13,437.64,18.68,39.94,383.61,401.63,0,12.72,12.76,12.8,12.54,11.41,9.91,0,0,0,0,0,0,18.65,20.682,26.526,23.657,10.867,0,3,3,3,3,0.02,0,76.01,0,99.6859,81.2706,139.8,27.2455,2,45,51.2325,99.78,0,130.86,106.686,183.518,37.8089,2,8,68.3624,371,1,0,-14.4825,-14.4825,1,1,2.95258,2.75519,2,2,46,40,2.95265,2.75527,-14.4825,-14.4825,1,1,2.95258,2.75519,2,2,46,40,2.95265,2.75527,-14.4729,-14.4634,1,1,0.00284183,0.00338567,-14.4825,-14.4825,-14.4825,-14.4825,-14.4825,-14.44,-14.44,-14.4825,-14.4825,-14.4825,-14.4825,-14.44,-14.44,-14.44,1,1,1,1,1,1,1,1,1,1,1,1,1,1,6.69164,6.71439,6.61756,0.0183096,6.24053,6.54652,6.59038,6.65616,6.66859,6.69496,6.70817,6.60718,6.66612,6.63165,0.012193,6.54266,6.58069,6.60817,6.64768,6.6659,6.66927,6.70663,21.1741,21.1969,21.0809,0.0201791,20.6805,20.9865,21.0694,21.0965,21.1511,21.1775,21.1907,21.1494,21.1486,21.1046,0.0134652,20.9827,21.0632,21.0897,21.1102,21.1484,21.1518,21.1891,6.0364,6.04958,5.94228,0.0404698,5.41044,5.60358,5.72643,6.04056,6.0514,6.11937,6.2968,6.04426,6.04606,6.0422,0.0244683,5.60358,5.9656,5.98868,6.04643,6.11252,6.1355,6.2783,19.4774,19.2123,19.2921,0.0269469,18.9547,19.1003,19.1546,19.338,19.4218,19.4446,19.5563,19.4446,19.3383,19.3503,0.0257594,19.0644,19.1546,19.2031,19.3511,19.422,19.4446,19.6086,-9999,-9999
202307030700,202307030730,13.75,0,13.109,13.75,0,621.519,422.95,0,228.342,422.95,0,325.03,0,324.65,325.03,0,321.41,0,327.602,321.41,0,3.787,0,3.339,3.787,0,98.54,98.695,98.54,0,0,0.059,0,0,5.28,4.584,5.28,0,230.6,1.123,75.93,337.95,838,460.43,19.43,39.77,384.73,400.63,0,12.72,12.75,12.78,12.53,11.41,9.91,0,0,0,0,0,0,18.63,20.672,26.518,23.651,10.864,0,3,3,3,3,0.35,0,100.68,0,132.04,107.648,185.174,34.2843,2,39,66.9186,126,0,165.247,134.72,231.743,31.9656,2,8,78.7055,371,1,0,-15.36,-15.36,0,0,2.80708,2.6309,2,2,45,40,2.80708,2.6309,-15.36,-15.36,0,0,2.80708,2.58938,2,2,45,40,2.80708,2.58938,-15.36,-15.36,1,1,0.00000000000000170667,0.00000000000000170667,-15.36,-15.36,-15.36,-15.36,-15.36,-15.36,-15.36,-15.36,-15.36,-15.36,-15.36,-15.36,-15.36,-15.36,0,0,0,0,0,0,0,0,0,0,0,0,0,0,6.73599,6.76435,6.66345,0.018596,6.2873,6.57959,6.6398,6.70385,6.71944,6.7404,6.75657,6.65077,6.71469,6.67717,0.0125215,6.57486,6.62786,6.65196,6.69102,6.71438,6.71899,6.75465,22.096,22.1243,22.0234,0.018596,21.6473,21.9396,21.9998,22.0638,22.0794,22.1004,22.1166,22.0758,22.0747,22.0372,0.0125215,21.9349,21.9879,22.012,22.051,22.0744,22.079,22.1146,6.1027,6.08412,6.00028,0.0372697,5.49884,5.71304,5.78061,6.0802,6.10233,6.1732,6.33441,6.09768,6.09978,6.09422,0.0231187,5.71304,6.00497,6.04491,6.09978,6.16626,6.18995,6.31136,19.7031,19.4389,19.5254,0.0267709,19.1902,19.3363,19.3825,19.57,19.6538,19.6762,19.793,19.6762,19.57,19.5812,0.0259477,19.2971,19.3825,19.427,19.5826,19.6536,19.6762,19.837,-9999,-9999
202307030730,202307030800,14.24,0,13.439,14.24,0,705.441,556.94,0,259.146,556.94,0,324.68,0,324.65,324.68,0,308.719,0,327.602,308.719,0,4.244,0,3.663,4.244,0,98.55,98.711,98.55,0,0,0.059,0,0,4.9,4.755,4.9,0,232.6,1.106,73.87,457.91,1100.41,476.57,24.92,51.35,387.88,399.39,0,12.72,12.74,12.76,12.51,11.41,9.91,0,0,0,0,0,0,18.61,20.657,26.506,23.645,10.86,0,3,3,3,3,0.62,0,116.34,0,152.578,124.392,213.976,34.2843,2,41,74.7357,211.5,0,277.379,226.138,388.997,44.1239,2,15,128.537,371,1,0,-19.06,-19.06,0,0,3.3485,3.13986,2,2,46,38,3.3485,3.13986,-19.06,-19.06,0,0,3.33325,3.13341,2,2,45,36,3.33325,3.13341,-19.06,-19.06,1,1,0.00000000000000284445,0.00000000000000284445,-19.06,-19.06,-19.06,-19.06,-19.06,-19.06,-19.06,-19.06,-19.06,-19.06,-19.06,-19.06,-19.06,-19.06,0,0,0,0,0,0,0,0,0,0,0,0,0,0,6.85723,6.90018,6.78873,0.0195314,6.41158,6.67467,6.76463,6.83537,6.85339,6.86441,6.88836,6.76808,6.84536,6.80004,0.0136277,6.66755,6.74779,6.77093,6.81033,6.84536,6.85262,6.88543,25.9172,25.9602,25.8487,0.0195314,25.4716,25.7347,25.8246,25.8954,25.9134,25.9244,25.9484,25.9072,25.9054,25.86,0.0136276,25.7275,25.8078,25.8309,25.8703,25.9054,25.9126,25.9454,6.26464,6.16346,6.14087,0.0302486,5.71568,5.90377,6.04435,6.16319,6.23289,6.30454,6.42194,6.22717,6.23,6.22024,0.0213685,5.98114,6.081,6.14439,6.23,6.29677,6.32289,6.41593,21.9646,21.7139,21.8654,0.0259535,21.6116,21.6669,21.7003,21.9131,22.004,22.0379,22.0944,22.0214,21.9088,21.9118,0.0282736,21.6603,21.6792,21.7116,21.9186,22.001,22.0214,22.15,-9999,-9999
202307030800,202307030830,14.37,0,13.768,14.37,0,784.684,520.73,0,225.907,520.73,0,330.52,0,334.207,330.52,0,325.391,0,338.892,325.391,0,4.917,0,3.988,4.917,0,98.56,98.727,98.56,0,0,0.044,0,0,5.8,4.926,5.8,0,234.4,1.24,69.98,426.04,1028.57,444.92,23.15,48.09,388.22,398.53,0,12.74,12.73,12.75,12.5,11.41,9.91,0,0,0,0,0,0,18.59,20.639,26.491,23.637,10.854,0,3,3,3,3,1.04,0,114.07,0,149.601,121.965,209.801,112.617,1,6,130.086,152.6,1,200.132,163.161,280.667,34.7171,2,15,93.769,371,1,0,-16.6,-16.6,0,0,3.52976,3.52976,1,1,7,7,3.52976,3.52976,-16.6,-16.6,0,0,3.52976,3.52976,1,1,7,7,3.52976,3.52976,-16.6,-16.6,1,1,0.00000000000000170667,0.00000000000000170667,-16.6,-16.6,-16.6,-16.6,-16.6,-16.6,-16.6,-16.6,-16.6,-16.6,-16.6,-16.6,-16.6,-16.6,0,0,0,0,0,0,0,0,0,0,0,0,0,0,6.88616,6.93306,6.81876,0.0197865,6.44297,6.69508,6.79689,6.86587,6.88616,6.89411,6.92014,6.79689,6.87758,6.83011,0.0139317,6.68738,6.78054,6.80012,6.83816,6.87758,6.88566,6.91695,23.4862,23.5331,23.4188,0.0197866,23.043,23.2951,23.3969,23.4659,23.4862,23.4941,23.5201,23.4796,23.4776,23.4301,0.0139317,23.2874,23.3805,23.4001,23.4382,23.4776,23.4857,23.5169,6.31286,6.18904,6.18356,0.0286018,5.78618,5.97725,6.10801,6.18862,6.27193,6.34334,6.4496,6.26585,6.26891,6.25795,0.021341,6.06353,6.10834,6.16736,6.26891,6.33562,6.36414,6.44352,21.4113,21.1565,21.2924,0.025984,21.028,21.1017,21.1428,21.3368,21.4237,21.4654,21.5208,21.444,21.3343,21.3389,0.0276541,21.0941,21.1154,21.1545,21.3447,21.4224,21.444,21.583,-9999,-9999
202307030830,202307030900,14.63,0,14.198,14.63,0,857.894,561.77,0,246.961,561.77,0,333.26,0,334.207,333.26,0,327.565,0,338.892,327.565,0,5.372,0,4.433,5.372,0,98.56,98.734,98.56,0,0,0.044,0,0,6.17,4.732,6.17,0,236.1,1.259,67.75,460.28,1108.87,476.14,24.57,51.08,389.76,398.24,0,12.76,12.73,12.73,12.49,11.41,9.91,0,0,0,0,0,0,18.57,20.617,26.473,23.627,10.849,0,3,3,3,3,1.23,0,143.22,0,187.831,153.132,263.415,32.6291,2,47,88.0222,176.828,1,231.907,189.066,325.227,39.575,2,18,108.416,371,1,0,-16.47,-16.47,0,0,2.98975,2.80708,2,2,49,39,2.98975,2.80708,-16.47,-16.47,0,0,2.98383,2.67888,2,2,48,39,2.98383,2.67888,-16.47,-16.47,1,1,0.00000000000000284445,0.00000000000000284445,-16.47,-16.47,-16.47,-16.47,-16.47,-16.47,-16.47,-16.47,-16.47,-16.47,-16.47,-16.47,-16.47,-16.47,0,0,0,0,0,0,0,0,0,0,0,0,0,0,6.94841,7.00323,6.88323,0.0203671,6.50804,6.74226,6.86371,6.9329,6.95241,6.95884,6.98811,6.85766,6.94545,6.89374,0.0146284,6.73331,6.84488,6.86162,6.90277,6.94556,6.95515,6.98438,23.4184,23.4732,23.3532,0.0203671,22.978,23.2123,23.3337,23.4029,23.4224,23.4288,23.4581,23.4179,23.4155,23.3637,0.0146285,23.2033,23.3149,23.3316,23.3728,23.4156,23.4252,23.4544,6.40299,6.23401,6.26261,0.0262115,5.91071,6.11841,6.20932,6.25264,6.3444,6.41593,6.49886,6.3377,6.34118,6.32796,0.021973,6.12535,6.15194,6.21694,6.34118,6.4086,6.45531,6.4927,22.0107,21.7602,21.9157,0.0265718,21.6447,21.725,21.7484,21.9606,22.0494,22.0904,22.16,22.0662,21.9561,21.9579,0.0288215,21.6886,21.7124,21.7576,21.9655,22.0462,22.0662,22.1931,-9999,-9999
202307030900,202307030930,15.03,0,14.628,15.03,0,923.818,560.99,0,472.15,560.99,0,336.48,0,324.964,336.48,0,340.473,0,327.974,340.473,0,5.703,0,4.879,5.703,0,98.57,98.742,98.57,0,0,0.054,0,0,6.22,4.537,6.22,0,236.9,1.158,66.63,457.32,1105.26,506.95,24.34,50.2,392.1,398.37,0,12.77,12.73,12.72,12.48,11.41,9.91,0,0,0,0,0,0,18.54,20.592,26.455,23.617,10.84,0,3,3,3,3,1.43,0,124.53,0,163.319,133.149,229.039,33.8221,2,46,78.7191,176.95,0,232.067,189.197,325.452,39.575,2,18,108.481,371,1,0,-15.41,-15.41,0,0,4.74653,4.74653,1,1,6,6,4.74653,4.74653,-15.41,-15.41,0,0,4.74653,4.74653,1,1,6,6,4.74653,4.74653,-15.41,-15.41,1,1,0.000000000000000853334,0.000000000000000853334,-15.41,-15.41,-15.41,-15.41,-15.41,-15.41,-15.41,-15.41,-15.41,-15.41,-15.41,-15.41,-15.41,-15.41,0,0,0,0,0,0,0,0,0,0,0,0,0,0,7.0466,7.11373,6.98489,0.0213626,6.60951,6.81813,6.96922,7.03858,7.05492,7.06535,7.09519,6.95287,7.05185,6.99357,0.0158279,6.80722,6.93699,6.95687,7.00567,7.05185,7.06325,7.09061,22.4566,22.5237,22.3949,0.0213626,22.0195,22.2281,22.3792,22.4486,22.4649,22.4753,22.5052,22.4649,22.4618,22.4036,0.0158279,22.2172,22.347,22.3669,22.4157,22.4618,22.4733,22.5006,6.53896,6.29976,6.38168,0.0250729,6.09472,6.1805,6.2852,6.44751,6.51745,6.53896,6.57133,6.44554,6.44965,6.43312,0.0244698,6.1804,6.20904,6.28787,6.45165,6.51911,6.55523,6.61326,21.9881,21.7375,21.8936,0.0268573,21.6135,21.7103,21.7254,21.9369,22.0246,22.0741,22.1439,22.0412,21.9324,21.9338,0.0290263,21.6569,21.6878,21.7348,21.9417,22.0213,22.0414,22.1681,-9999,-9999
202307030930,202307031000,14.88,0,15.045,14.88,0,981.327,364.72,0,501.499,364.72,0,350.32,0,324.964,350.32,0,370.79,0,327.974,370.79,0,5.55,0,5.373,5.55,0,98.59,98.749,98.59,0,0.22,0.054,0.22,0,5.97,4.62,5.97,0,240.4,1.181,67.21,290.28,728.56,454.63,16.28,32.78,390.86,398.7,0,12.79,12.74,12.71,12.46,11.4,9.91,0,0,0,0,0,0,18.52,20.563,26.434,23.606,10.831,0,3,3,3,3,1.73,0,118.32,0,155.175,126.509,217.618,34.5634,2,44,75.8684,55.3755,1,72.624,59.2079,101.848,22.1899,2,9,38.62,371,1,0,-10.89,-10.89,0,0,2.8315,3.14164,2,2,33,24,2.8315,3.14164,-10.89,-10.89,0,0,2.8315,3.14164,2,2,33,24,2.8315,3.14164,-10.89,-10.89,1,1,0.00000000000000170667,0.00000000000000170667,-10.89,-10.89,-10.89,-10.89,-10.89,-10.89,-10.89,-10.89,-10.89,-10.89,-10.89,-10.89,-10.89,-10.89,0,0,0,0,0,0,0,0,0,0,0,0,0,0,7.00358,7.06611,6.94055,0.0209521,6.56831,6.78065,6.92464,6.99095,7.01012,7.01966,7.04885,6.91273,7.00715,6.95126,0.0153193,6.77059,6.89866,6.91692,6.95816,7.00715,7.01702,7.04459,17.8936,17.9561,17.8305,0.0209521,17.4583,17.6706,17.8146,17.8809,17.9001,17.9097,17.9388,17.9,17.8972,17.8413,0.0153193,17.6606,17.7887,17.8069,17.8482,17.8972,17.907,17.9346,6.49738,6.28375,6.34658,0.0251799,6.04727,6.16922,6.26574,6.38154,6.44987,6.49738,6.55262,6.4131,6.41702,6.40141,0.0235351,6.15975,6.18896,6.27167,6.41899,6.48525,6.52365,6.5791,18.3939,18.1273,18.1869,0.0294341,17.7939,17.9881,18.0636,18.2193,18.2956,18.3558,18.462,18.3185,18.2212,18.2359,0.0264559,17.9481,18.0386,18.1143,18.2348,18.2955,18.3203,18.5038,-9999,-9999
202307031000,202307031030,13.47,0,15.463,13.47,0,1029.44,454.06,0,550.738,454.06,0,339.58,0,334.077,339.58,0,370.135,0,338.738,370.135,0,2.617,0,5.868,2.617,0,98.64,98.757,98.64,0,0.26,0.071,0.26,0,4.81,4.702,4.81,0,239.8,0.917,83.06,361.56,899.37,369.44,19.5,41.73,383.31,397.7,0,12.82,12.75,12.7,12.45,11.4,9.91,0,0,0,0,0,0,18.48,20.534,26.411,23.591,10.821,0,3,3,3,3,1.93,0,91.58,0,120.106,97.9954,168.437,33.5624,2,37,62.0733,47.3775,1,62.1348,50.6964,87.1381,24.4236,2,10,36.4179,372,1,0,-10.35,-10.35,0,0,2.673,3.18305,2,2,31,21,2.673,3.18305,-10.35,-10.35,0,0,2.673,3.18305,2,2,31,21,2.673,3.18305,-10.35,-10.35,1,1,0.00000000000000113778,0.00000000000000113778,-10.35,-10.35,-10.35,-10.35,-10.35,-10.35,-10.35,-10.35,-10.35,-10.35,-10.35,-10.35,-10.35,-10.35,0,0,0,0,0,0,0,0,0,0,0,0,0,0,6.63867,6.65918,6.56391,0.0178954,6.2031,6.4837,6.54284,6.5929,6.62015,6.6418,6.65358,6.56365,6.61859,6.58504,0.0118447,6.4808,6.56121,6.56633,6.599,6.61839,6.62147,6.65219,16.9887,17.0092,16.9139,0.0178954,16.5531,16.8337,16.8928,16.9429,16.9702,16.9918,17.0036,16.9693,16.9686,16.935,0.0118447,16.8308,16.9112,16.9163,16.949,16.9684,16.9715,17.0022,6.05338,6.07858,5.96388,0.0401487,5.46951,5.60912,5.73927,6.06224,6.07978,6.13159,6.3233,6.06033,6.06224,6.059,0.0239973,5.64517,5.96949,5.99686,6.06492,6.12448,6.15282,6.30322,20.2405,19.9793,20.0862,0.0274281,19.7591,19.9155,19.9637,20.1213,20.2084,20.2624,20.3644,20.2226,20.1208,20.1287,0.0272802,19.8719,19.9097,19.9659,20.145,20.2007,20.2226,20.3747,-9999,-9999
202307031030,202307031100,15.79,0,15.624,15.79,0,1067.33,944.24,0,570.961,944.24,0,323.59,0,334.077,323.59,0,311.384,0,338.738,311.384,0,5.594,0,6.171,5.594,0,98.65,98.763,98.65,0,0,0.071,0,0,5.32,4.787,5.32,0,247.3,1.126,68.83,768.85,1857.96,447.87,39.15,81.85,397.8,395.47,0,12.84,12.75,12.7,12.44,11.4,9.91,0,0,0,0,0,0,18.46,20.502,26.387,23.578,10.811,0,3,3,3,3,2.19,0,111.31,0,145.976,119.108,203.123,37.9819,2,40,72.9479,101.98,2,133.741,109.124,186.097,39.9039,2,7,69.6283,373,1,0,-16.58,-16.58,0,0,2.98975,2.83508,2,2,49,39,2.98975,2.83508,-16.58,-16.58,0,0,2.98383,2.83508,2,2,48,39,2.98383,2.83508,-16.58,-16.58,1,1,0.000000000000000568889,0.000000000000000568889,-16.58,-16.58,-16.58,-16.58,-16.58,-16.58,-16.58,-16.58,-16.58,-16.58,-16.58,-16.58,-16.58,-16.58,0,0,0,0,0,0,0,0,0,0,0,0,0,0,7.22807,7.31914,7.17316,0.0235086,6.80026,6.95417,7.15512,7.2307,7.25049,7.27065,7.29393,7.13013,7.25049,7.17944,0.0183656,6.93958,7.10471,7.13206,7.19397,7.25049,7.26942,7.28771,23.8081,23.8991,23.7532,0.0235086,23.3803,23.5342,23.7351,23.8107,23.8305,23.8507,23.8739,23.8348,23.8305,23.7594,0.0183656,23.5196,23.6847,23.7121,23.774,23.8305,23.8494,23.8677,6.80844,6.43148,6.61996,0.0328234,6.27644,6.39406,6.42392,6.66092,6.74259,6.80074,6.97059,6.65839,6.66378,6.6408,0.0333968,6.28068,6.38088,6.42496,6.66637,6.73689,6.78248,6.92642,25.7322,25.5218,25.819,0.041528,25.5039,25.5228,25.5869,25.7645,25.9629,26.0844,26.3254,25.9642,25.8531,25.8325,0.0422967,25.4113,25.5186,25.5868,25.859,25.9557,25.9823,26.3133,-9999,-9999
202307031100,202307031130,16.73,0,15.784,16.73,0,1094.35,879.33,0,658.518,879.33,0,327.89,0,330.783,327.89,0,314.033,0,334.847,314.033,0,8.048,0,6.474,8.048,0,98.68,98.77,98.68,0,0,0.074,0,0,5.6,4.873,5.6,0,240.9,1.17,57.76,707.84,1728.5,460.19,36.47,74.1,402.56,396.81,0,12.88,12.76,12.69,12.43,11.4,9.91,0,0,0,0,0,0,18.39,20.47,26.362,23.563,10.8,0,3,3,3,3,3.33,0,140.84,0,184.703,150.706,257.011,32.5404,2,50,85.2566,236.775,1,310.516,253.362,432.077,46.2372,2,13,140.316,374,1,0,-17.5,-17.5,0,0,3.13986,2.94425,2,2,52,44,3.13986,2.94425,-17.5,-17.5,0,0,3.13986,2.87524,2,2,51,42,3.13986,2.87524,-17.5,-17.5,1,1,0,0,-17.5,-17.5,-17.5,-17.5,-17.5,-17.5,-17.5,-17.5,-17.5,-17.5,-17.5,-17.5,-17.5,-17.5,0,0,0,0,0,0,0,0,0,0,0,0,0,0,7.46517,7.58672,7.41909,0.0265764,7.04346,7.13954,7.37934,7.48073,7.50665,7.53776,7.553,7.35839,7.50665,7.41958,0.0219908,7.12009,7.32093,7.35839,7.44535,7.50665,7.53244,7.54559,24.9652,25.0867,24.9191,0.0265763,24.5435,24.6395,24.8793,24.9807,25.0066,25.0378,25.053,25.0125,25.0066,24.9196,0.0219908,24.6201,24.8209,24.8584,24.9453,25.0066,25.0324,25.0456,7.12757,6.57646,6.90157,0.0519275,6.49189,6.56031,6.57508,6.90737,7.01501,7.12757,7.55729,6.90737,6.9143,6.88485,0.0475213,6.40225,6.53365,6.5693,6.9175,6.99299,7.08593,7.49945,25.2482,25.0308,25.3098,0.039072,25.0136,25.032,25.0783,25.2828,25.4489,25.5771,25.7903,25.4519,25.3432,25.3245,0.0404204,24.9125,25.0194,25.078,25.3484,25.4418,25.484,25.7694,-9999,-9999
202307031130,202307031200,16.27,0,15.906,16.27,0,1110.03,532.21,0,667.897,532.21,0,341.57,0,330.783,341.57,0,375.353,0,334.847,375.353,0,7.624,0,6.097,7.624,0,98.7,98.792,98.7,0,0,0.074,0,0,5.75,4.984,5.75,0,249.2,1.261,58.8,416.14,1064.38,539.77,23.12,46.02,398.85,397.45,0,12.93,12.78,12.69,12.42,11.4,9.91,0,0,0,0,0,0,18.29,20.437,26.335,23.547,10.79,0,3,3,3,3,4.05,0,226.66,0,296.42,242.538,413.618,41.0755,2,32,133.306,166.34,0,217.535,177.993,303.544,42.313,2,17,102.237,375,1,0,-16.59,-16.59,0,0,2.98975,2.83508,2,2,49,39,2.98975,2.83508,-16.59,-16.59,0,0,2.98383,2.83508,2,2,48,39,2.98383,2.83508,-16.59,-16.59,1,1,0.000000000000000568889,0.000000000000000568889,-16.59,-16.59,-16.59,-16.59,-16.59,-16.59,-16.59,-16.59,-16.59,-16.59,-16.59,-16.59,-16.59,-16.59,0,0,0,0,0,0,0,0,0,0,0,0,0,0,7.34204,7.44856,7.29157,0.0250312,6.92073,7.03872,7.26461,7.35271,7.3757,7.40156,7.41904,7.24162,7.3757,7.29645,0.0201283,7.0218,7.21007,7.24554,7.31361,7.3757,7.39816,7.41177,23.932,24.0386,23.8816,0.0250312,23.5107,23.6287,23.8546,23.9427,23.9657,23.9916,24.009,23.9708,23.9657,23.8864,0.0201283,23.6118,23.8001,23.8355,23.9036,23.9657,23.9882,24.0018,6.98181,6.51529,6.77421,0.0425319,6.38941,6.47419,6.50665,6.79909,6.87749,6.98181,7.28172,6.79451,6.80074,6.77369,0.0408302,6.33887,6.47164,6.50772,6.80373,6.87598,6.94699,7.24065,21.5104,21.2563,21.4037,0.0281357,21.1099,21.2133,21.2539,21.4385,21.5188,21.5896,21.6704,21.5358,21.4344,21.4356,0.0295001,21.1314,21.1878,21.2526,21.4438,21.5159,21.5625,21.6708,-9999,-9999
202307031200,202307031230,13.53,0,16.027,13.53,0,1114.12,510.31,0,618.326,510.31,0,344.83,0,336.984,344.83,0,370.908,0,342.172,370.908,0,2.562,0,5.72,2.562,0,98.76,98.814,98.76,0,0.73,0.048,0.73,0,5.95,5.095,5.95,0,245.3,1.131,83.48,411.74,1029.56,443.76,21.39,44.36,385.93,397.94,0,13,12.82,12.69,12.42,11.4,9.91,0,0,0,0,0,0,18.26,20.404,26.307,23.531,10.78,0,3,3,3,3,4.38,0,212.27,0,277.601,227.14,387.359,40.1921,2,38,125.385,126.927,1,165.991,135.818,231.621,36.8371,2,5,80.0029,376,1,0,-15.39,-15.39,0,0,2.87065,2.67234,2,2,45,40,2.87065,2.67234,-15.39,-15.39,0,0,2.87065,2.6309,2,2,45,40,2.87065,2.6309,-15.39,-15.39,1,1,0.00000000000000170667,0.00000000000000170667,-15.39,-15.39,-15.39,-15.39,-15.39,-15.39,-15.39,-15.39,-15.39,-15.39,-15.39,-15.39,-15.39,-15.39,0,0,0,0,0,0,0,0,0,0,0,0,0,0,6.63682,6.65927,6.56255,0.0179022,6.21199,6.47081,6.54462,6.58631,6.62414,6.64045,6.65314,6.56606,6.62174,6.58698,0.0119621,6.46791,6.56046,6.56786,6.60645,6.6215,6.62511,6.65161,22.0268,22.0493,21.9526,0.0179022,21.602,21.8608,21.9346,21.9763,22.0141,22.0304,22.0431,22.0126,22.0117,21.977,0.0119621,21.8579,21.9505,21.9579,21.9964,22.0115,22.0151,22.0416,6.09825,6.11194,6.00647,0.0383784,5.55168,5.66746,5.78355,6.09769,6.1128,6.16725,6.35712,6.09769,6.0998,6.09586,0.0230581,5.72591,5.99473,6.03533,6.1013,6.15997,6.19164,6.33375,21.1599,20.9037,21.0416,0.0283416,20.7434,20.8512,20.9008,21.0723,21.1599,21.2131,21.306,21.1699,21.0704,21.0729,0.029231,20.7707,20.825,20.8997,21.0802,21.1521,21.2126,21.3116,-9999,-9999
202307031230,202307031300,15.48,0,16.258,15.48,0,1106.54,847.02,0,614.053,847.02,0,328.11,0,336.984,328.11,0,318.759,0,342.172,318.759,0,4.952,0,6.22,4.952,0,98.77,98.839,98.77,0,0,0.048,0,0,4.94,5.089,4.94,0,247.9,1.108,71.85,674.05,1687.65,462.8,35.35,75.32,396.32,395.55,0,13.06,12.86,12.7,12.41,11.4,9.91,0,0,0,0,0,0,18.24,20.369,26.28,23.516,10.771,0,3,3,3,3,4.31,0,295.29,0,386.005,315.976,536.916,56.4576,2,10,173.238,176.63,0,230.892,189.003,321.16,39.575,2,18,105.658,377,1,0,-19.41,-19.41,0,0,3.20856,3.12697,2,2,45,37,3.20856,3.12697,-19.41,-19.41,0,0,3.17648,2.9731,2,2,44,35,3.17648,2.9731,-19.41,-19.41,1,1,0.000000000000000568889,0.000000000000000568889,-19.41,-19.41,-19.41,-19.41,-19.41,-19.41,-19.41,-19.41,-19.41,-19.41,-19.41,-19.41,-19.41,-19.41,0,0,0,0,0,0,0,0,0,0,0,0,0,0,7.13001,7.21134,7.07227,0.0225735,6.71023,6.8638,7.04366,7.12218,7.15085,7.16795,7.18885,7.04065,7.15085,7.08473,0.0171879,6.85117,7.01901,7.04577,7.10113,7.15085,7.16775,7.1833,26.54,26.6213,26.4823,0.0225735,26.1202,26.2738,26.4537,26.5322,26.5608,26.5779,26.5988,26.5647,26.5608,26.4947,0.0171879,26.2612,26.429,26.4558,26.5111,26.5608,26.5777,26.5933,6.73529,6.41104,6.56017,0.0300806,6.22571,6.36538,6.39664,6.60522,6.69185,6.7364,6.83942,6.60265,6.60771,6.58568,0.0307404,6.24475,6.3447,6.40263,6.61189,6.68077,6.71609,6.80693,24.953,24.7308,25.003,0.0386966,24.7152,24.7331,24.7668,24.9879,25.1332,25.2415,25.4866,25.1362,25.0332,25.0132,0.0402079,24.5852,24.7207,24.7666,25.0375,25.1262,25.1746,25.4608,-9999,-9999
202307031300,202307031330,16.69,0,16.489,16.69,0,1087.41,555.9,0,709.896,555.9,0,341.07,0,323.62,341.07,0,376.521,0,326.386,376.521,0,7.536,0,6.72,7.536,0,98.78,98.864,98.78,0,0,0.037,0,0,5.26,5.083,5.26,0,243.9,1.114,60.35,429.5,1121.92,524.09,24.28,50.39,401.52,396.7,0,13.1,12.9,12.7,12.4,11.39,9.91,0,0,0,0,0,0,18.21,20.336,26.252,23.5,10.762,0,3,3,3,3,4.28,0,156.74,0,204.891,167.588,284.995,32.719,2,51,92.9797,134.88,0,176.316,144.215,245.248,35.7771,2,6,83.0011,378,1,0,-13.4,-13.4,0,0,2.80896,2.67234,2,2,44,38,2.80896,2.67234,-13.4,-13.4,0,0,2.80896,2.67234,2,2,44,38,2.80896,2.67234,-13.4,-13.4,1,1,0.00000000000000142222,0.00000000000000142222,-13.4,-13.4,-13.4,-13.4,-13.4,-13.4,-13.4,-13.4,-13.4,-13.4,-13.4,-13.4,-13.4,-13.4,0,0,0,0,0,0,0,0,0,0,0,0,0,0,7.43564,7.55587,7.38912,0.026471,7.02323,7.10359,7.35412,7.45476,7.48068,7.51173,7.52442,7.3348,7.48068,7.39408,0.021731,7.08473,7.29778,7.3379,7.41748,7.48068,7.50632,7.53282,20.8356,20.9559,20.7891,0.0264709,20.4232,20.5036,20.7541,20.8548,20.8807,20.9117,20.9244,20.8865,20.8807,20.7941,0.021731,20.4847,20.6978,20.7379,20.8175,20.8807,20.9063,20.9328,7.14451,6.59677,6.92079,0.0534988,6.4729,6.57964,6.59478,6.92316,7.03912,7.14451,7.59732,6.92213,6.92916,6.89793,0.0485993,6.38218,6.54461,6.58763,6.93257,7.00584,7.10296,7.51045,21.8244,21.5723,21.7333,0.029454,21.4237,21.5299,21.5699,21.7646,21.8533,21.9484,22.0328,21.8579,21.7597,21.7579,0.0309101,21.4225,21.5082,21.5683,21.7682,21.8489,21.8772,21.9852,-9999,-9999
202307031330,202307031400,17.21,0,16.391,17.21,0,1057.08,730.79,0,690.003,730.79,0,346.11,0,323.62,346.11,0,327.026,0,326.386,327.026,0,9.473,0,6.907,9.473,0,98.8,98.891,98.8,0,0,0.037,0,0,6.83,5.072,6.83,0,246.6,1.323,51.77,575.99,1449.9,581.2,30.88,66.69,404.53,398.1,0,13.15,12.93,12.71,12.4,11.39,9.91,0,0,0,0,0,0,18.17,20.301,26.223,23.485,10.753,0,3,3,3,3,4.28,0,194.88,0,254.592,208.367,354.344,38.6683,2,41,114.912,245.84,0,321.167,262.854,447.002,48.1174,2,10,144.739,379,1,0,-17.05,-17.05,0,0,3.12018,2.91541,2,2,51,43,3.12018,2.91541,-17.05,-17.05,0,0,3.05802,2.83508,2,2,50,41,3.05802,2.83508,-17.05,-17.05,1,1,0.00000000000000113778,0.00000000000000113778,-17.05,-17.05,-17.05,-17.05,-17.05,-17.05,-17.05,-17.05,-17.05,-17.05,-17.05,-17.05,-17.05,-17.05,0,0,0,0,0,0,0,0,0,0,0,0,0,0,7.56439,7.70185,7.52292,0.0283317,7.15668,7.20219,7.47531,7.58713,7.62228,7.65429,7.67189,7.45933,7.62081,7.52516,0.0238584,7.18066,7.41552,7.45933,7.54844,7.62081,7.65035,7.68556,24.6144,24.7519,24.5729,0.0283317,24.2067,24.2522,24.5253,24.6371,24.6723,24.7043,24.7219,24.6775,24.6708,24.5752,0.0238584,24.2307,24.4655,24.5093,24.5984,24.6708,24.7003,24.7356,7.32735,6.67985,7.08373,0.0668683,6.57521,6.66226,6.67768,7.06636,7.27481,7.32735,7.95571,7.06394,7.07187,7.03685,0.0577586,6.44187,6.62346,6.6701,7.07566,7.15154,7.27877,7.77779,23.8899,23.6552,23.8893,0.0347478,23.6379,23.6483,23.6579,23.9165,24.0085,24.0973,24.2886,24.0154,23.9165,23.9017,0.0368067,23.4986,23.6434,23.6579,23.9253,24.0017,24.0363,24.2755,-9999,-9999
202307031400,202307031430,17.22,0,16.292,17.22,0,1016.04,557.34,0,662.393,557.34,0,351.2,0,340.02,351.2,0,361.465,0,345.758,361.465,0,9.395,0,7.094,9.395,0,98.83,98.918,98.83,0,0,0.032,0,0,5.57,5.061,5.57,0,258.6,1.099,52.2,435.44,1118.77,657.58,24.21,51.36,404.48,397.73,0,13.19,12.97,12.72,12.39,11.39,9.92,0,0,0,0,0,0,18.14,20.267,26.193,23.47,10.745,0,3,3,3,3,4.64,0,136.7,0,178.695,146.276,248.557,32.8819,1,6,82.6429,211.3,0,276.212,226.102,384.199,20.8864,1,6,119.043,380,1,0,-16,-16,0,0,3.70165,3.70165,1,1,6,6,3.70165,3.70165,-16,-16,0,0,3.70165,3.70165,1,1,6,6,3.70165,3.70165,-16,-16,1,1,0,0,-16,-16,-16,-16,-16,-16,-16,-16,-16,-16,-16,-16,-16,-16,0,0,0,0,0,0,0,0,0,0,0,0,0,0,7.56207,7.69985,7.52067,0.0283861,7.15449,7.19716,7.47375,7.58504,7.6214,7.65218,7.67101,7.4583,7.61978,7.5239,0.0238848,7.17568,7.41434,7.4583,7.54713,7.61978,7.64943,7.68825,23.5621,23.6998,23.5207,0.0283861,23.1545,23.1972,23.4737,23.585,23.6214,23.6522,23.671,23.6265,23.6198,23.5239,0.0238848,23.1757,23.4143,23.4583,23.5471,23.6198,23.6494,23.6883,7.3385,6.68794,7.09469,0.0678271,6.57237,6.6701,6.68561,7.07541,7.29141,7.3385,7.98503,7.07295,7.08095,7.04528,0.0584128,6.43841,6.62912,6.67769,7.0848,7.16025,7.29143,7.79078,21.8221,21.57,21.7334,0.030217,21.4159,21.5233,21.5672,21.7618,21.8523,21.9537,22.0473,21.8523,21.7567,21.7539,0.0315122,21.4148,21.5033,21.5656,21.7649,21.8432,21.8769,21.9789,-9999,-9999
202307031430,202307031500,16.04,0,16.271,16.04,0,965.019,350.86,0,629.025,350.86,0,350.32,0,340.02,350.32,0,375.74,0,345.758,375.74,0,7.037,0,7.307,7.037,0,98.86,98.932,98.86,0,0,0.032,0,0,5.21,5.205,5.21,0,256.3,1.19,61.41,263.45,726.78,597,16.29,32.79,397.5,398.04,0,13.23,13,12.74,12.39,11.39,9.92,0,0,0,0,0,0,18.11,20.235,26.165,23.455,10.739,0,3,3,3,3,4.89,0,164.19,0,214.63,175.692,297.69,33.5784,2,50,96.4688,65.19,0,85.2167,69.7567,118.195,21.927,2,12,42.0725,381,1,0,-14.75,-14.75,0,0,2.87065,2.67234,2,2,45,40,2.87065,2.67234,-14.75,-14.75,0,0,2.87065,2.67234,2,2,45,40,2.87065,2.67234,-14.75,-14.75,1,1,0,0,-14.75,-14.75,-14.75,-14.75,-14.75,-14.75,-14.75,-14.75,-14.75,-14.75,-14.75,-14.75,-14.75,-14.75,0,0,0,0,0,0,0,0,0,0,0,0,0,0,7.25475,7.3539,7.20207,0.0243401,6.84643,6.95083,7.16486,7.25404,7.29042,7.31425,7.32644,7.16486,7.29042,7.2147,0.0191905,6.93566,7.13609,7.17131,7.23456,7.29042,7.31144,7.34162,22.0048,22.1039,21.9521,0.0243401,21.5964,21.7008,21.9149,22.004,22.0404,22.0643,22.0764,22.0452,22.0404,21.9647,0.0191905,21.6857,21.8861,21.9213,21.9846,22.0404,22.0614,22.0916,6.94961,6.52003,6.75222,0.0411527,6.3414,6.4631,6.50846,6.77454,6.85046,6.95846,7.23187,6.77182,6.77792,6.75001,0.0397211,6.30823,6.46202,6.50955,6.78111,6.84925,6.92772,7.19706,17.9764,17.7117,17.7705,0.0321398,17.3503,17.5451,17.6928,17.7853,17.8776,17.9379,18.0637,17.8738,17.7857,17.8015,0.0281497,17.5132,17.5584,17.695,17.8038,17.8636,17.9093,18.0652,-9999,-9999
202307031500,202307031530,16.22,0,16.251,16.22,0,904.876,365.04,0,649.18,365.04,0,341.88,0,324.561,341.88,0,377.183,0,327.498,377.183,0,7.135,0,7.52,7.135,0,98.87,98.946,98.87,0,0,0.02,0,0,4.32,5.349,4.32,0,265.9,1.022,61.32,267.46,748.67,591.73,16.82,35.41,398.74,396.66,0,13.27,13.03,12.75,12.39,11.39,9.92,0,0,0,0,0,0,18.09,20.204,26.136,23.439,10.732,0,3,3,3,3,4.73,0,209.88,0,274.356,224.583,380.53,40.2026,2,35,122.393,89.802,1,117.39,96.0929,162.819,33.0345,2,9,59.4801,381,1,0,-18.53,-18.53,0,0,3.14439,3.04664,2,2,49,42,3.14439,3.04664,-18.53,-18.53,0,0,3.14212,2.90409,2,2,48,40,3.14212,2.90409,-18.53,-18.53,1,1,0.00000000000000284445,0.00000000000000284445,-18.53,-18.53,-18.53,-18.53,-18.53,-18.53,-18.53,-18.53,-18.53,-18.53,-18.53,-18.53,-18.53,-18.53,0,0,0,0,0,0,0,0,0,0,0,0,0,0,7.29609,7.40103,7.24508,0.0249443,6.88863,6.98054,7.20568,7.29697,7.33629,7.36229,7.37359,7.20568,7.33629,7.25748,0.0198697,6.96452,7.1746,7.21255,7.27819,7.33629,7.35865,7.39402,25.8261,25.931,25.7751,0.0249443,25.4186,25.5105,25.7357,25.827,25.8663,25.8923,25.9036,25.8714,25.8663,25.7875,0.0198697,25.4945,25.7046,25.7425,25.8082,25.8663,25.8886,25.924,7.01706,6.55325,6.81262,0.0453946,6.37506,6.4982,6.54114,6.8312,6.90427,7.02255,7.36227,6.82477,6.8312,6.80146,0.04284,6.32708,6.49333,6.54225,6.83615,6.90324,7.00043,7.30967,18.3052,18.0408,18.1082,0.0320392,17.6944,17.8782,18.0217,18.1222,18.2198,18.2671,18.4079,18.2101,18.1222,18.1365,0.0284459,17.8416,17.8911,18.024,18.1634,18.2026,18.2404,18.3976,-9999,-9999
202307031530,202307031600,16.04,0,16.312,16.04,0,836.642,223.2,0,600.087,223.2,0,353.19,0,324.561,353.19,0,373.119,0,327.498,373.119,0,7.573,0,7.6,7.573,0,98.89,98.962,98.89,0,0,0.02,0,0,4.77,5.439,4.77,0,260.6,1.019,58.47,159.52,456.41,430.71,10.31,21.46,396.98,398.94,0,13.3,13.06,12.77,12.39,11.38,9.92,0,0,0,0,0,0,18.06,20.175,26.108,23.424,10.725,0,3,3,3,3,4.55,0,127.76,0,167.009,136.71,231.64,33.3692,1,6,77.8814,4.272,1,5.58438,4.57126,7.7455,18.7109,2,40,18.8583,381,1,0,-10.69,-10.69,0,0,1.92645,1.92645,1,1,6,6,1.92645,1.92645,-10.69,-10.69,0,0,1.92645,1.92645,1,1,6,6,1.92645,1.92645,-10.69,-10.69,1,1,0,0,-10.69,-10.69,-10.69,-10.69,-10.69,-10.69,-10.69,-10.69,-10.69,-10.69,-10.69,-10.69,-10.69,-10.69,0,0,0,0,0,0,0,0,0,0,0,0,0,0,7.24535,7.34452,7.19266,0.0243755,6.83805,6.9372,7.15815,7.2411,7.28315,7.30719,7.31801,7.15815,7.28315,7.20732,0.0192062,6.92221,7.12933,7.16463,7.2209,7.28315,7.30424,7.34113,17.9353,18.0345,17.8827,0.0243755,17.5281,17.6272,17.8481,17.9311,17.9732,17.9972,18.008,17.9779,17.9732,17.8973,0.0192062,17.6122,17.8193,17.8546,17.9109,17.9732,17.9942,18.0311,6.96429,6.53293,6.76723,0.0422164,6.34189,6.47133,6.52037,6.78683,6.86181,6.98074,7.26115,6.78408,6.79026,6.76154,0.0404915,6.30333,6.47133,6.52148,6.79514,6.86076,6.94845,7.22815,14.127,13.8754,13.8648,0.0361315,13.384,13.66,13.7712,13.8694,13.9332,14.0871,14.1923,13.9458,13.8694,13.8973,0.0281933,13.6307,13.7148,13.7712,13.8847,13.9355,14.0783,14.1923,-9999,-9999
202307031600,202307031630,15.81,0,16.373,15.81,0,761.485,211.93,0,531.303,211.93,0,346.52,0,340.995,346.52,0,369.682,0,346.91,369.682,0,7.759,0,7.68,7.759,0,98.91,98.978,98.91,0,0.02,0.018,0.02,0,5.06,5.529,5.06,0,251.6,1.015,56.82,142.43,439.15,399.02,9.87,20.18,395.45,399.75,0,13.31,13.08,12.78,12.39,11.38,9.92,0,0,0,0,0,0,18.03,20.149,26.08,23.409,10.718,0,3,3,3,3,4.3,0,137.44,0,179.662,147.068,249.19,32.6291,2,51,82.4347,24.78,0,32.3925,26.5159,44.9282,20.7486,2,12,24.8354,381,1,0,-10.44,-10.44,0,0,2.65668,3.00728,2,2,32,22,2.65668,3.00728,-10.44,-10.44,0,0,2.65668,3.00728,2,2,32,22,2.65668,3.00728,-10.44,-10.44,1,1,0,0,-10.44,-10.44,-10.44,-10.44,-10.44,-10.44,-10.44,-10.44,-10.44,-10.44,-10.44,-10.44,-10.44,-10.44,0,0,0,0,0,0,0,0,0,0,0,0,0,0,7.18194,7.27379,7.12712,0.0236625,6.77485,6.88378,7.09843,7.17019,7.21639,7.23792,7.24837,7.09843,7.21639,7.14435,0.0183901,6.87006,7.07249,7.10441,7.1518,7.21639,7.23588,7.27372,17.6219,17.7138,17.5671,0.0236625,17.2148,17.3238,17.5384,17.6102,17.6564,17.6779,17.6884,17.6608,17.6564,17.5844,0.0183902,17.3101,17.5125,17.5444,17.5918,17.6564,17.6759,17.7137,6.89492,6.50503,6.70731,0.0382965,6.29781,6.44196,6.49205,6.7331,6.81494,6.90185,7.12689,6.73035,6.7362,6.70903,0.0374762,6.27447,6.43527,6.49315,6.73941,6.80492,6.87919,7.10577,13.694,13.4457,13.4298,0.0364698,12.935,13.2258,13.3305,13.4318,13.4982,13.6543,13.7592,13.5063,13.4318,13.4608,0.0282359,13.1975,13.2682,13.3343,13.4473,13.4961,13.6504,13.7592,-9999,-9999
202307031630,202307031700,15.47,0,16.049,15.47,0,680.692,143.67,0,474.761,143.67,0,350.46,0,340.995,350.46,0,370.389,0,346.91,370.389,0,6.899,0,7.366,6.899,0,98.93,98.994,98.93,0,0,0.018,0,0,4.4,5.477,4.4,0,235.7,0.726,60.76,88.04,298.17,282.55,6.69,13.49,393.5,399.28,0,13.32,13.1,12.8,12.39,11.38,9.92,0,0,0,0,0,0,18,20.126,26.055,23.395,10.713,0,3,3,3,3,3.95,0,67.495,1,88.2298,72.2232,122.374,23.5256,2,46,43.9947,-24.0133,1,-31.3904,-43.5382,-25.6955,18.5324,2,177,22.7682,381,1,0,-3.27,-3.27,0,0,3.30979,3.78546,2,2,11,4,3.30979,3.78546,-3.27,-3.27,0,0,3.30979,3.78546,2,2,11,4,3.30979,3.78546,-3.27,-3.27,1,1,0.000000000000000213334,0.000000000000000213334,-3.27,-3.27,-3.27,-3.27,-3.27,-3.27,-3.27,-3.27,-3.27,-3.27,-3.27,-3.27,-3.27,-3.27,0,0,0,0,0,0,0,0,0,0,0,0,0,0,7.09062,7.17179,7.03273,0.0226391,6.68381,6.80813,7.01187,7.06877,7.11967,7.13748,7.14934,7.01187,7.11967,7.05322,0.0172441,6.79624,6.99014,7.01711,7.06877,7.11967,7.13679,7.17179,10.3606,10.4418,10.3027,0.0226391,9.95381,10.0781,10.2819,10.3388,10.3897,10.4075,10.4193,10.3936,10.3897,10.3232,0.0172441,10.0662,10.2601,10.2871,10.3388,10.3897,10.4068,10.4418,6.78916,6.46048,6.6156,0.0330987,6.2443,6.3964,6.44711,6.65075,6.74385,6.81093,6.92196,6.64802,6.65337,6.62889,0.0331064,6.23395,6.37959,6.44821,6.65798,6.72187,6.77217,6.91969,10.6567,10.438,10.3927,0.035601,9.85403,10.2168,10.2935,10.4162,10.4429,10.6016,10.7177,10.4517,10.3888,10.4214,0.0266724,10.1516,10.2317,10.3477,10.4186,10.4424,10.62,10.7177,-9999,-9999
202307031700,202307031730,14.7,0,15.724,14.7,0,595.644,70.64,0,304.636,70.64,0,363.6,0,336.715,363.6,0,373.181,0,341.853,373.181,0,4.628,0,7.052,4.628,0,98.94,99.01,98.94,0,0,0.002,0,0,3.56,5.426,3.56,0,217.5,0.729,72.34,37.31,143.59,126.92,3.49,6.45,389.48,398.52,0,13.31,13.11,12.81,12.39,11.38,9.92,0,0,0,0,0,0,17.97,20.104,26.03,23.382,10.706,0,3,3,3,3,3.72,0,26.9314,1,35.2049,28.818,48.8289,15.0014,2,85,21.0971,19.79,0,25.8696,21.1763,35.8809,22.7615,1,10,25.237,381,1,0,-0.92,-0.92,0,0,1.79771,2.094,1,1,11,7,1.79771,2.094,-0.92,-0.92,0,0,1.79771,2.094,1,1,11,7,1.79771,2.094,-0.92,-0.92,1,1,0.00000000000000016,0.00000000000000016,-0.92,-0.92,-0.92,-0.92,-0.92,-0.92,-0.92,-0.92,-0.92,-0.92,-0.92,-0.92,-0.92,-0.92,0,0,0,0,0,0,0,0,0,0,0,0,0,0,6.89026,6.94777,6.82565,0.020493,6.48694,6.64534,6.81254,6.84833,6.90602,6.91788,6.93191,6.82044,6.90602,6.85145,0.0149095,6.63743,6.8081,6.82401,6.86437,6.90585,6.91674,6.94731,7.81026,7.86777,7.74565,0.020493,7.40694,7.56534,7.73254,7.76833,7.82602,7.83788,7.85191,7.82872,7.82602,7.77145,0.0149095,7.55743,7.7281,7.74401,7.78437,7.82585,7.83674,7.86731,6.54241,6.35073,6.40113,0.0269444,6.11867,6.21396,6.30864,6.45266,6.52076,6.55255,6.61455,6.45436,6.45855,6.44136,0.0247538,6.14634,6.19757,6.33228,6.46271,6.51975,6.59402,6.61358,6.22675,6.07757,6.02389,0.0270513,5.58606,5.90243,5.94678,6.03428,6.07583,6.15837,6.27134,6.05754,6.01655,6.04436,0.0199225,5.78873,5.91749,6.01011,6.04098,6.06262,6.20049,6.26764,-9999,-9999
202307031730,202307031800,13.52,0,15.582,13.52,0,507.797,58.8,0,259.545,58.8,0,353.88,0,336.715,353.88,0,367.247,0,341.853,367.247,0,3.41,0,7.13,3.41,0,98.96,99.021,98.96,0,1.52,0.002,1.52,0,4.33,5.339,4.33,0,221.1,0.814,78,22.9,127.12,117.18,3.08,4.53,383.28,400.34,0,13.31,13.11,12.83,12.39,11.38,9.92,0,0,0,0,0,0,17.95,20.085,26.008,23.371,10.701,0,3,3,3,3,3.53,0,22.6377,1,29.5922,24.2236,41.0442,14.2166,2,106,18.91,-34.1118,1,-44.5911,-61.8475,-36.5014,21.7444,2,152,28.7374,381,1,0,1.68,1.57,1,1,2.26948,2.31618,2,2,21,8,2.27051,2.31928,1.68,1.57,1,1,2.26948,2.27784,2,2,21,8,2.27051,2.28099,1.67541,1.68453,1,1,0.0125488,0.016992,1.53583,1.57,1.60641,1.69405,1.69405,1.70667,1.80964,1.52909,1.57,1.6056,1.68,1.74826,1.80964,1.83722,1,1,1,1,1,1,1,1,1,1,1,1,1,1,6.58716,6.60989,6.51287,0.0178327,6.18287,6.39931,6.49707,6.53136,6.58542,6.5912,6.60368,6.52988,6.58284,6.54627,0.0123518,6.39726,6.49725,6.52988,6.57182,6.58587,6.58695,6.60458,5.01716,5.03989,4.82834,0.0322034,4.28143,4.65105,4.70716,4.86965,4.96243,5.03214,5.06244,4.90378,4.90284,4.87085,0.0222688,4.65105,4.79166,4.83722,4.88853,4.90695,4.97711,5.05102,6.1663,6.17726,6.07597,0.0368745,5.67423,5.76494,5.91364,6.15855,6.17715,6.22021,6.42074,6.15609,6.15855,6.15438,0.0218935,5.85812,6.04061,6.08526,6.16202,6.21249,6.2434,6.39208,5.3451,5.21367,5.16313,0.0243606,4.76841,5.05537,5.09461,5.16991,5.21192,5.28217,5.38504,5.19092,5.15498,5.18068,0.017904,4.94395,5.06853,5.1491,5.17626,5.1998,5.32174,5.37667,-9999,-9999
202307031800,202307031830,11.32,0,15.44,11.32,0,418.654,281.23,0,286.925,281.23,0,317.16,0,330.143,317.16,0,315.026,0,334.09,315.026,0,0.802,0,7.208,0.802,0,98.98,99.032,98.98,0,0.15,0.043,0.15,0,3.48,5.252,3.48,0,221.9,0.736,94.02,170.47,553.88,243.5,14.29,38.64,373.49,401.29,0,13.29,13.12,12.84,12.4,11.38,9.92,0,0,0,0,0,0,17.93,20.069,25.988,23.36,10.696,0,3,3,3,3,3.16,0,66.07,1,86.3671,70.6984,119.791,24.1563,2,45,43.6792,-80.24,0,-104.89,-145.482,-85.861,26.9441,2,34,51.762,381,1,0,-3.7,-3.7,0,0,2.98187,3.78546,2,2,11,4,2.98187,3.78546,-3.7,-3.7,0,0,2.98187,3.78546,2,2,11,4,2.98187,3.78546,-3.7,-3.7,1,1,0,0,-3.7,-3.7,-3.7,-3.7,-3.7,-3.7,-3.7,-3.7,-3.7,-3.7,-3.7,-3.7,-3.7,-3.7,0,0,0,0,0,0,0,0,0,0,0,0,0,0,6.03116,5.99404,5.94088,0.0155271,5.63168,5.89594,5.91351,5.96766,5.99802,6.01018,6.02416,5.9948,5.99142,5.98694,0.0121887,5.89574,5.91379,5.96766,5.99159,6.02416,6.05065,6.06331,9.73116,9.69404,9.64088,0.0155271,9.33168,9.59594,9.61351,9.66766,9.69802,9.71018,9.72416,9.68933,9.69142,9.68694,0.0121887,9.59574,9.61379,9.66766,9.69159,9.72416,9.75065,9.76331,5.48043,5.84297,5.48871,0.0730621,4.56959,4.80516,5.00901,5.61822,5.82576,5.84278,6.04917,5.60216,5.60162,5.62655,0.0429005,4.80516,5.42656,5.60162,5.64363,5.78841,5.82843,6.04269,16.0358,15.7765,15.8004,0.0360409,15.3402,15.5662,15.7532,15.7974,15.9,15.9961,16.1006,15.8777,15.7987,15.8223,0.0292707,15.5197,15.5811,15.7508,15.8132,15.867,15.9961,16.1006,-9999,-9999
202307031830,202307031900,11.88,0,15.24,11.88,0,329.74,70.78,0,225.685,70.78,0,308.86,0,330.143,308.86,0,362.271,0,334.09,362.271,0,1.087,0,6.89,1.087,0,98.98,99.045,98.98,0,0,0.043,0,0,3.48,5.011,3.48,0,232.7,0.591,92.19,-8.3,157.46,93.31,3.94,10.01,374.2,400.56,0,13.27,13.11,12.85,12.4,11.37,9.93,0,0,0,0,0,0,17.93,20.055,25.971,23.35,10.691,0,3,3,3,3,2.61,0,63.46,0,82.9552,67.9055,115.058,21.0226,1,10,40.7888,-31.6181,1,-41.3313,-57.3263,-33.833,19.6279,2,157,26.2402,381,1,0,0.742917,0.407222,1,1,2.26948,2.82622,2,2,23,11,2.27588,2.8312,0.742917,0.407222,1,1,2.26948,2.82622,2,2,23,11,2.27588,2.8312,0.665626,0.567869,1,1,0.0322613,0.0366296,0.407222,0.426,0.427059,0.742917,0.7672,0.7672,0.853846,0.265,0.407222,0.407222,0.427059,0.742917,0.742917,0.985833,1,1,1,1,1,1,1,1,1,1,1,1,1,1,6.16692,6.1445,6.08047,0.0157423,5.76611,6.04045,6.05366,6.11849,6.14445,6.15077,6.16273,6.12683,6.13701,6.1238,0.0116595,6.04034,6.05795,6.11849,6.13326,6.16273,6.17388,6.19,5.7597,5.73728,5.5126,0.0469498,4.78027,5.36737,5.3941,5.61328,5.70647,5.74355,5.79294,5.39276,5.3941,5.45818,0.0355038,5.27941,5.35693,5.37018,5.40498,5.61753,5.69826,5.74509,5.6597,5.93604,5.64261,0.0636924,4.85326,5.05065,5.22342,5.75146,5.91833,5.93276,6.15146,5.74866,5.74889,5.76613,0.0362174,5.05065,5.61346,5.74889,5.79298,5.87098,5.92107,6.14483,6.23075,6.08254,6.02917,0.0273874,5.58799,5.90026,5.9562,6.03539,6.08034,6.17034,6.27586,6.05917,6.01814,6.04712,0.0201186,5.78731,5.91507,6.01159,6.04227,6.06596,6.20454,6.27495,-9999,-9999
202307031900,202307031930,10.31,0,15.041,10.31,0,242.577,16.22,0,212.512,16.22,0,354.27,0,325.552,354.27,0,350.423,0,328.667,350.423,0,0.737,0,6.572,0.737,0,99.06,99.057,99.06,0,2.77,0,2.77,0,3.77,4.77,3.77,0,248,0.794,94.12,-1.66,35.01,27.82,1.08,3.01,366.62,404.47,0,13.23,13.1,12.85,12.4,11.37,9.93,0,0,0,0,0,0,17.94,20.042,25.956,23.34,10.686,0,3,3,3,3,2.11,0,6.80952,1,8.90144,7.28654,12.3462,11.1007,2,244,11.7172,-58.0309,1,-75.8583,-105.215,-62.0961,24.1153,2,52,40.0402,381,1,0,5.2993,5.2275,1,1,1.37586,1.23639,2,2,65,49,1.37882,1.24423,5.2993,5.2275,1,1,1.37586,1.09953,2,2,65,48,1.37882,1.10834,5.20327,5.1614,1,1,0.014014,0.0189123,4.99867,5.10636,5.1675,5.221,5.26818,5.28714,5.2993,4.93586,4.99867,5.02565,5.22103,5.2275,5.27756,5.2993,1,1,1,1,1,1,1,1,1,1,1,1,1,1,5.77282,5.71067,5.67616,0.0156797,5.37683,5.61652,5.63019,5.70484,5.7321,5.75143,5.77282,5.74709,5.71955,5.72786,0.0138334,5.61616,5.63019,5.69506,5.73033,5.78032,5.803,5.82057,0.54532,0.483171,0.514759,0.0174325,0.343119,0.409091,0.431077,0.500952,0.546629,0.617846,0.736587,0.416906,0.420247,0.52459,0.0170888,0.400663,0.416906,0.431031,0.526261,0.60291,0.617486,0.737241,5.18386,5.69579,5.23839,0.08896,4.11745,4.37339,4.70881,5.36117,5.67846,5.69545,5.88491,5.3589,5.35713,5.39787,0.0545092,4.45372,5.12551,5.3275,5.39375,5.67312,5.69545,5.87852,1.66212,1.61687,1.5954,0.00902748,1.44991,1.55779,1.56903,1.59498,1.61599,1.64751,1.67671,1.60284,1.59063,1.60099,0.00660541,1.50553,1.56276,1.58834,1.59772,1.61126,1.6538,1.66723,-9999,-9999
202307031930,202307032000,9.65,0,14.636,9.65,0,158.655,52.95,0,138.37,52.95,0,333.3,0,325.552,333.3,0,347.982,0,328.667,347.982,0,0.028,0,6.181,0.028,0,99.01,99.067,99.01,0,0.07,0,0.07,0,2.42,4.527,2.42,0,219.9,0.409,99.77,10.34,100.83,81.37,2.48,8.96,363.86,404.79,0,13.18,13.08,12.85,12.41,11.37,9.93,0,0,0,0,0,0,17.99,20.039,25.944,23.331,10.682,0,3,3,3,3,1.32,0,20.53,0,26.8369,21.9682,37.2226,13.3794,2,122,17.5179,-39.36,0,-51.4516,-71.363,-42.1173,21.2727,2,116,30.3732,381,1,0,3.785,2.94333,1,1,1.5998,2.2006,2,2,40,15,2.01039,2.24047,3.785,2.94333,1,1,1.5998,2.2006,2,2,40,15,2.01039,2.24047,2.53746,3.07633,1,1,0.163735,0.0993872,1.35,1.35,1.35,2.94333,3.785,3.785,3.785,1.35,2.94333,2.94333,2.94333,3.785,3.785,3.785,0,0,0,1,1,1,1,0,1,1,1,1,1,1,5.60646,5.52875,5.50595,0.0161329,5.21302,5.43772,5.45478,5.52637,5.58695,5.59153,5.60646,5.58695,5.5445,5.56104,0.0152101,5.42626,5.45478,5.51543,5.55781,5.62943,5.6425,5.66585,2.66313,2.58542,2.42962,0.10198,1.68479,1.7595,1.79958,2.50591,2.60687,2.64837,4.23695,1.75538,1.7595,3.02359,0.171695,1.73043,1.75538,1.80808,2.58957,4.26486,4.2925,4.31585,4.99152,5.59692,5.07635,0.0987325,3.81234,4.09651,4.51415,5.20173,5.57957,5.5965,5.77501,5.19951,5.19698,5.24866,0.0620433,4.23003,4.9298,5.14348,5.23033,5.58244,5.60843,5.76871,4.88362,4.76298,4.71489,0.0231302,4.33924,4.60773,4.65081,4.7161,4.76078,4.84921,4.92143,4.73632,4.70302,4.72855,0.0169297,4.4998,4.62008,4.69736,4.72238,4.74819,4.86196,4.91396,-9999,-9999
202307032000,202307032030,10.03,0,14.232,10.03,0,79.4117,16.39,0,141.225,16.39,0,312.23,0,324.701,312.23,0,350.062,0,327.662,350.062,0,0.272,0,5.789,0.272,0,99.01,99.077,99.01,0,0.09,0.072,0.09,0,2.73,4.284,2.73,0,228.1,0.433,97.79,-42.38,40.64,35.79,0.86,4.64,365.35,405.59,0,13.11,13.06,12.85,12.41,11.37,9.93,0,0,0,0,0,0,18.31,20.081,25.936,23.324,10.679,0,3,3,3,3,0.56,0,17.98,0,23.5036,19.2395,32.5993,11.6511,1,12,15.2914,-71.83,0,-93.8966,-130.234,-76.8619,24.3592,1,12,46.4617,381,1,0,5.471,5.42909,1,1,1.41167,1.23639,2,2,67,49,1.60617,1.24266,5.471,5.42909,1,1,1.41167,1.09953,2,2,67,48,1.60617,1.10658,4.80978,5.25776,1,1,0.115574,0.0624711,3.93,3.93,3.93,5.2436,5.42909,5.46231,5.471,3.93,5.21292,5.21963,5.40314,5.42909,5.46231,5.471,0,0,0,1,1,1,1,0,1,1,1,1,1,1,5.69626,5.62759,5.59796,0.0158013,5.30158,5.53214,5.54744,5.62455,5.66057,5.67586,5.69626,5.67466,5.64066,5.6515,0.0143787,5.53174,5.54744,5.61424,5.65248,5.71251,5.72902,5.74811,0.267171,0.1985,0.340203,0.0678841,-0.0321898,0.148481,0.166001,0.222159,0.312109,0.425348,1.74466,0.166001,0.169661,0.841716,0.124552,0.107596,0.157657,0.177076,0.307229,1.77441,1.79902,1.81811,5.11036,5.66267,5.17775,0.0932418,3.96331,4.26857,4.65802,5.30092,5.64485,5.66217,5.84684,5.29864,5.29658,5.3426,0.0575778,4.37734,5.05386,5.25465,5.33118,5.64615,5.66217,5.84043,1.67778,1.63236,1.61073,0.00918077,1.46023,1.57127,1.58543,1.60947,1.63137,1.6662,1.69263,1.61753,1.60515,1.61589,0.00670466,1.51858,1.57614,1.60282,1.61229,1.62633,1.6694,1.68367,-9999,-9999
202307032030,202307032100,9.95,0,13.706,9.95,0,12.0667,1.41,0,7.628,1.41,0,343.94,0,324.701,343.94,0,349.408,0,327.662,349.408,0,0.272,0,5.284,0.272,0,99.04,99.101,99.04,0,0.66,0.072,0.66,0,3.16,4.124,3.16,0,218.3,0.467,97.78,-21.85,6.64,4.56,0.1,0.41,364.54,407.36,0,13.04,13.02,12.85,12.41,11.37,9.93,0,0,0,0,0,0,18.52,20.093,25.931,23.318,10.678,0,3,3,3,3,0.09,0,21.28,0,27.8173,22.7707,38.5824,10.15,1,11,15.505,-59.16,0,-77.3343,-107.262,-63.3043,26.2492,1,13,41.8429,381,1,0,5.81,5.81593,0,1,0.993208,1.23639,1,2,12,51,0.994562,1.24109,5.81,5.81593,0,1,0.993208,1.09953,1,2,12,50,0.994562,1.10482,5.77796,5.7439,1,1,0.00979457,0.0128159,5.599,5.70625,5.75793,5.81,5.81,5.81,5.81593,5.57895,5.6,5.69522,5.75793,5.81,5.81593,5.81593,1,1,1,0,0,0,1,1,1,1,1,0,1,1,5.67286,5.6024,5.57411,0.015834,5.27863,5.50596,5.52331,5.6005,5.63875,5.65306,5.67286,5.65282,5.61698,5.62826,0.0145358,5.50547,5.52331,5.59002,5.62908,5.69202,5.70637,5.72716,-0.143068,-0.213534,-0.169791,0.0168455,-0.432016,-0.233995,-0.209501,-0.18087,-0.132255,-0.10188,0.0535145,-0.196762,-0.193016,-0.149693,0.0139907,-0.306745,-0.210358,-0.204126,-0.162746,-0.103632,-0.0841551,0.0311136,5.09167,5.65553,5.16274,0.0944899,3.92574,4.24264,4.65262,5.28573,5.63745,5.65495,5.83822,5.28345,5.28132,5.32908,0.0584234,4.36107,5.03658,5.23626,5.31517,5.64053,5.65747,5.83178,0.151126,0.146873,0.14471,0.000881454,0.130321,0.140999,0.142168,0.144536,0.146781,0.150014,0.152548,0.145277,0.144119,0.14518,0.000643255,0.135871,0.141482,0.143892,0.144783,0.146278,0.150332,0.151483,-9999,-9999
202307032100,202307032130,9.68,0,13.18,9.68,0,0,0,0,0,0,0,319.08,0,324.591,319.08,0,347.401,0,327.533,347.401,0,0.225,0,4.779,0.225,0,99.07,99.124,99.07,0,0.37,0,0.37,0,2.91,3.964,2.91,0,217.2,0.49,98.13,-46.73,1.65,0.67,-0.02,-1.25,362.82,407.79,0,12.96,12.98,12.84,12.41,11.37,9.93,0,0,0,0,0,0,18.78,20.105,25.929,23.314,10.679,0,3,3,3,3,-0.32,0,22.87,0,29.8958,24.4721,41.4652,13.16,1,6,18.2172,-76.27,0,-99.7005,-138.284,-81.6129,28.6231,1,8,50.834,381,1,1,5.48,5.86773,0,1,0.90395,1.23639,1,2,9,51,0.924504,1.25149,5.48,5.86773,0,1,0.90395,1.09953,1,2,9,50,0.924504,1.11649,5.58382,5.66947,1,1,0.0247508,0.0256719,5.48,5.48,5.48,5.48,5.67875,5.86773,5.86773,5.48,5.48,5.48,5.67875,5.86773,5.86773,5.86773,0,0,0,0,1,1,1,0,0,0,1,1,1,1,5.60286,5.52616,5.50257,0.0160244,5.20979,5.43001,5.44792,5.52611,5.5785,5.58769,5.60286,5.58585,5.54396,5.55822,0.0151051,5.42497,5.44792,5.51516,5.55706,5.62794,5.63875,5.66371,-0.264874,-0.34157,-0.166897,0.0321931,-0.510406,-0.360921,-0.320398,-0.249194,0.0250349,0.0639586,0.105851,0.0599031,0.0639586,-0.0255973,0.034415,-0.442761,-0.31599,-0.27708,0.0552983,0.147943,0.158754,0.18371,5.01613,5.61814,5.09958,0.098531,3.80412,4.13502,4.58604,5.22322,5.59992,5.61749,5.79624,5.22096,5.21853,5.27119,0.0614888,4.27769,4.96081,5.16432,5.25082,5.60306,5.63722,5.78981,0,0,0,0,0,0,0,0,0,0,0,0,0,0,0,0,0,0,0,0,0,0,-9999,-9999
202307032130,202307032200,9.15,0,12.722,9.15,0,0,0,0,0,0,0,291.84,0,324.591,291.84,0,344.068,0,327.533,344.068,0,0,0,4.327,0,0,99.06,99.134,99.06,0,0,0,0,0,2.54,3.664,2.54,0,211.1,0.389,100,-71.83,0.66,0.67,-0.05,-1.92,360.17,410.09,0,12.89,12.94,12.83,12.41,11.37,9.93,0,0,0,0,0,0,19,20.118,25.928,23.311,10.679,0,3,3,3,3,-0.73,0,4.32,0,5.64713,4.62263,7.83253,10.8147,2,265,11.0734,-58.16,0,-76.0271,-105.449,-62.2343,23.564,2,54,39.7679,381,1,1,6.21231,6.37875,1,1,1.54591,1.28656,2,2,74,53,1.65268,1.30363,6.21231,6.37875,1,1,1.54591,1.10329,2,2,74,51,1.65268,1.12314,5.93916,6.19144,1,1,0.0750408,0.0388974,5.21,5.21,5.21,6.173,6.27889,6.37875,6.37875,5.77,5.95829,6.04929,6.2475,6.37875,6.37875,6.4,0,0,0,1,1,1,1,1,1,1,1,1,1,1,5.46954,5.38084,5.36636,0.0165231,5.07874,5.28702,5.30465,5.38355,5.44967,5.4658,5.48277,5.45749,5.40403,5.42463,0.0162905,5.26436,5.30716,5.37171,5.41907,5.50457,5.51454,5.5423,-0.909209,-0.997908,-0.825078,0.0398198,-1.11351,-1.01597,-0.973458,-0.92608,-0.709827,-0.54408,-0.492489,-0.812936,-0.80828,-0.514526,0.083699,-1.11351,-0.985976,-0.92608,-0.793236,0.152315,0.269111,0.323991,4.864,5.53905,4.97172,0.106139,3.57263,3.92064,4.43812,5.0964,5.52082,5.53833,5.70832,5.09418,5.09114,5.15327,0.0675093,4.10567,4.80629,5.02,5.12084,5.52401,5.59064,5.70195,0,0,0,0,0,0,0,0,0,0,0,0,0,0,0,0,0,0,0,0,0,0,-9999,-9999
202307032200,202307032230,9.07,0,12.264,9.07,0,0,0,0,0,0,0,288.37,0,316.249,288.37,0,343.427,0,317.679,343.427,0,0,0,3.874,0,0,99.06,99.144,99.06,0,0,0,0,0,2.7,3.364,2.7,0,207.8,0.445,100,-74.33,0.65,0.67,-0.05,-2.13,359.63,411.1,0,12.82,12.89,12.81,12.41,11.36,9.93,0,0,0,0,0,0,19.02,20.159,25.962,23.331,10.69,0,3,3,3,3,-1.09,0,-1.34615,1,-1.7597,-2.44767,-1.44046,10.7217,2,246,10.7477,-81.44,0,-106.459,-148.08,-87.1451,26.7989,2,37,52.5216,382,1,1,6.21231,6.37875,1,1,1.54591,1.28656,2,2,74,53,1.63896,1.30363,6.21231,6.37875,1,1,1.54591,1.10329,2,2,74,51,1.63896,1.12314,5.96116,6.19344,1,1,0.0695788,0.0376344,5.29,5.29,5.29,6.173,6.27889,6.37875,6.37875,5.77,5.95829,6.04929,6.2475,6.37875,6.37875,6.4,0,0,0,1,1,1,1,1,1,1,1,1,1,1,5.44646,5.35608,5.34287,0.0165855,5.05616,5.26126,5.27908,5.35987,5.42717,5.44421,5.46153,5.43589,5.3807,5.40172,0.0164625,5.23747,5.28184,5.34788,5.396,5.48369,5.49422,5.52156,-0.932291,-1.02267,-0.850565,0.0386412,-1.13928,-1.03982,-0.99776,-0.949485,-0.732413,-0.565016,-0.514079,-0.836346,-0.831609,-0.559437,0.0784457,-1.13928,-1.00922,-0.949485,-0.816307,0.0477834,0.166269,0.221975,4.84546,5.53165,4.95683,0.107374,3.53661,3.89575,4.43382,5.08117,5.51317,5.53085,5.69945,5.07894,5.07584,5.1399,0.0683829,4.09062,4.78907,5.00172,5.10482,5.51645,5.59173,5.69305,0,0,0,0,0,0,0,0,0,0,0,0,0,0,0,0,0,0,0,0,0,0,-9999,-9999
202307032230,202307032300,9.46,0,11.986,9.46,0,0,0,0,0,0,0,297.44,0,316.249,297.44,0,346.561,0,317.679,346.561,0,0,0,3.555,0,0,99.05,99.152,99.05,0,0.01,0,0.01,0,3.15,3.302,3.15,0,203.3,0.45,100,-66.23,0.65,0.68,-0.05,-3.2,361.4,413.51,0,12.75,12.84,12.79,12.41,11.36,9.93,0,0,0,0,0,0,19.04,20.159,26.004,23.356,10.702,0,3,3,3,3,-1.43,0,0.355937,1,0.465485,0.380872,0.647189,10.7318,2,261,10.7336,-57.1446,1,-74.7321,-103.904,-61.1477,21.9313,2,56,38.5427,383,1,1,5.68,6.04643,0,1,1.50369,1.28376,2,2,73,51,1.51481,1.29843,5.68,6.04643,0,1,1.50369,1.09953,2,2,73,49,1.51481,1.11663,5.78054,5.84091,1,1,0.025148,0.0283322,5.60333,5.68,5.68,5.68,5.90636,6.04643,6.04643,5.60333,5.65714,5.68,5.8025,6.04643,6.04643,6.04643,1,0,0,0,1,1,1,1,1,0,1,1,1,1,5.53806,5.45661,5.4366,0.0161561,5.14658,5.35724,5.37574,5.45981,5.51748,5.52258,5.53806,5.52547,5.47865,5.49394,0.0155615,5.34935,5.37574,5.44843,5.49248,5.56957,5.57596,5.6057,-0.508369,-0.589819,-0.404311,0.0304206,-0.62072,-0.59488,-0.567347,-0.485261,-0.201353,-0.154527,-0.107922,-0.205634,-0.201353,-0.286595,0.0327981,-0.606381,-0.57632,-0.521482,-0.205634,-0.110433,-0.0858531,-0.0743012,4.96612,5.59947,5.05964,0.102032,3.70288,4.06688,4.57798,5.18249,5.5805,5.59859,5.77347,5.1802,5.17758,5.23547,0.0638665,4.2377,4.91502,5.11484,5.20777,5.5839,5.64059,5.76696,0,0,0,0,0,0,0,0,0,0,0,0,0,0,0,0,0,0,0,0,0,0,-9999,-9999
202307032300,202307032330,9.7,0,11.707,9.7,0,0,0,0,0,0,0,290.94,0,306.463,290.94,0,348.501,0,306.119,348.501,0,0,0,3.236,0,0,99.02,99.16,99.02,0,0,0,0,0,3.34,3.24,3.34,0,208.2,0.537,100,-73.48,0.65,0.68,-0.05,-3.9,362.28,414.91,0,12.68,12.79,12.77,12.4,11.36,9.93,0,0,0,0,0,0,19.06,20.203,26.057,23.389,10.72,0,3,3,3,3,-1.89,0,-0.05,0,-0.0653603,-0.0906542,-0.0535026,9.19312,1,11,9.19316,-87.03,0,-113.766,-157.793,-93.1267,27.8744,1,14,55.4515,384,1,1,7.54,5.86773,0,1,0.962563,1.23639,1,2,8,51,1.3115,1.56994,7.54,5.86773,0,1,0.962563,1.09953,1,2,8,50,1.3115,1.46459,6.83867,6.21307,1,1,0.137931,0.123624,5.60267,5.75842,5.86773,7.54,7.54,7.54,7.54,5.57571,5.605,5.725,5.86773,5.88696,7.54,7.54,1,1,1,0,0,0,0,1,1,1,1,1,0,0,5.59311,5.5173,5.49301,0.015929,5.20359,5.41525,5.43348,5.51997,5.56036,5.57657,5.59311,5.57962,5.53802,5.54949,0.0150293,5.41401,5.43348,5.50945,5.55091,5.62138,5.629,5.65636,-0.274622,-0.350428,-0.720057,0.117967,-2.01954,-1.98904,-1.91499,-0.350428,-0.291516,-0.264292,-0.0273213,-2.00597,-2.00198,-1.28917,0.130236,-2.03055,-2.00597,-1.96784,-1.89052,-0.340683,-0.291516,-0.247108,5.04305,5.64329,5.12558,0.0986594,3.80804,4.17802,4.67542,5.24696,5.6239,5.64232,5.82106,5.24463,5.24231,5.29659,0.0609937,4.33418,4.99612,5.18653,5.27311,5.62728,5.67319,5.81446,0,0,0,0,0,0,0,0,0,0,0,0,0,0,0,0,0,0,0,0,0,0,-9999,-9999
202307032330,202307040000,9.69,0,11.425,9.69,0,0,0,0,0,0,0,287.4,0,306.463,287.4,0,348.42,0,306.119,348.42,0,0,0,2.926,0,0,99.02,99.165,99.02,0,0.01,0,0.01,0,3.13,3.16,3.13,0,215.5,0.574,100,-77.11,0.65,0.67,-0.05,-3.88,362.08,415.66,0,12.61,12.74,12.75,12.4,11.36,9.93,0,0,0,0,0,0,19.08,20.267,26.127,23.432,10.743,0,3,3,3,3,-2.01,0,-3.55,0,-4.64058,-6.43645,-3.79869,8.85255,1,15,9.06592,-87.88,0,-114.877,-159.334,-94.0362,26.7989,1,17,55.3279,384,1,1,6.42,6.42,0,0,0.94642,0.807349,1,1,9,8,1.00256,0.904361,6.42,6.42,0,0,0.94642,0.807349,1,1,9,8,1.00256,0.904361,6.29098,6.13969,1,1,0.04508,0.0583532,5.60267,5.75842,6.42,6.42,6.42,6.42,6.42,5.57571,5.605,5.725,6.42,6.42,6.42,6.42,1,1,0,0,0,0,0,1,1,1,0,0,0,0,5.587,5.51107,5.48686,0.0159227,5.19932,5.40718,5.42596,5.51467,5.5528,5.57119,5.587,5.5745,5.53265,5.54363,0.0150459,5.40621,5.42596,5.50403,5.54554,5.61633,5.62301,5.65117,-0.833,-0.908932,-0.652824,0.0519658,-0.982375,-0.923891,-0.904923,-0.847417,-0.331733,-0.272084,-0.0347948,-0.891346,-0.887353,-0.747357,0.039472,-0.982375,-0.908932,-0.896075,-0.845497,-0.771736,-0.550962,-0.254839,5.04528,5.64718,5.12827,0.0989338,3.8023,4.18231,4.69296,5.24915,5.6275,5.64613,5.82463,5.2468,5.2445,5.29944,0.0610512,4.34302,5.00031,5.18785,5.27486,5.63077,5.68068,5.81798,0,0,0,0,0,0,0,0,0,0,0,0,0,0,0,0,0,0,0,0,0,0,-9999,-9999
202307040000,202307040030,9.83,0,11.144,9.83,0,0,0,0,0,0,0,287.57,0,303.652,287.57,0,349.555,0,302.798,349.555,0,0,0,2.616,0,0,99,99.169,99,0,0.01,0,0.01,0,3.04,3.081,3.04,0,215.6,0.551,100,-77.91,0.65,0.68,-0.05,-3.73,362.73,414.81,0,12.55,12.69,12.72,12.39,11.36,9.94,0,0,0,0,0,0,19.1,20.358,26.226,23.494,10.776,0,3,3,3,3,-1.87,0,-1.02,0,-1.33335,-1.84935,-1.09145,9.47726,1,17,9.49389,-82.7,0,-108.106,-149.942,-88.4933,28.1513,1,20,53.5483,384,1,1,5.46,5.46,0,0,0.780206,0.780206,1,1,10,10,0.780206,0.782695,5.46,5.46,0,0,0.780206,0.780206,1,1,10,10,0.780206,0.782695,5.4809,5.50483,1,1,0.00925434,0.0126482,5.46,5.46,5.46,5.46,5.46,5.46,5.6465,5.46,5.46,5.46,5.46,5.56278,5.58474,5.6465,0,0,0,0,0,0,1,0,0,0,0,1,1,1,5.61757,5.54501,5.51825,0.015807,5.23186,5.43786,5.45758,5.54858,5.57852,5.60281,5.61757,5.60494,5.56614,5.5746,0.0147484,5.43742,5.45758,5.5385,5.57542,5.64291,5.65242,5.67946,0.15757,0.0850058,0.0134209,0.0257554,-0.46347,-0.192163,-0.00242376,0.0689297,0.109996,0.142808,0.15757,0.102324,0.106141,0.0937064,0.0215085,-0.209076,-0.00242376,0.0708485,0.1072,0.182906,0.192416,0.219464,5.09264,5.67506,5.16923,0.09697,3.86468,4.25182,4.75859,5.28887,5.65502,5.67393,5.85465,5.2865,5.28438,5.33739,0.0593139,4.40483,5.05104,5.23163,5.31493,5.65816,5.70255,5.84793,0,0,0,0,0,0,0,0,0,0,0,0,0,0,0,0,0,0,0,0,0,0,-9999,-9999
202307040030,202307040100,9.98,0,11.03,9.98,0,0,0,0,0,0,0,301.28,0,303.652,301.28,0,350.774,0,302.798,350.774,0,0,0,2.459,0,0,99,99.155,99,0,0,0,0,0,3.24,2.996,3.24,0,217.4,0.574,100,-64.22,0.65,0.68,-0.05,-3.88,363.51,413.43,0,12.5,12.65,12.69,12.38,11.36,9.94,0,0,0,0,0,0,19.1,20.36,26.226,23.492,10.778,0,3,3,3,3,-1.93,0,5.488,1,7.17705,5.87921,9.97864,10.7209,2,262,11.1432,-96.38,0,-125.988,-174.745,-103.132,28.2421,1,20,60.1313,384,1,1,6.73,6.73,0,0,0.782339,0.782339,1,1,10,10,0.782339,0.946737,6.73,6.73,0,0,0.782339,0.782339,1,1,10,10,0.782339,0.946737,6.60035,6.44411,1,1,0.0549838,0.0744656,5.65409,6.73,6.73,6.73,6.73,6.73,6.73,5.63857,5.66368,5.76167,6.73,6.73,6.73,6.73,1,0,0,0,0,0,0,1,1,1,0,0,0,0,5.65058,5.58164,5.55212,0.0157008,5.26689,5.47164,5.4918,5.58513,5.61293,5.6368,5.65058,5.63774,5.60214,5.608,0.0144408,5.47123,5.4918,5.57566,5.60539,5.67148,5.68416,5.70972,-1.07942,-1.14836,-0.891992,0.0681074,-1.23961,-1.22199,-1.16171,-1.11707,-0.502907,-0.233141,-0.0400472,-1.13149,-1.12786,-0.992349,0.04979,-1.23961,-1.16062,-1.1423,-1.0932,-1.03001,-1.01844,-0.21749,5.14518,5.70228,5.21161,0.0944446,3.93647,4.33251,4.80837,5.33207,5.68253,5.70111,5.88171,5.32979,5.32788,5.37569,0.0572137,4.4605,5.10093,5.27694,5.3579,5.68535,5.71486,5.87455,0,0,0,0,0,0,0,0,0,0,0,0,0,0,0,0,0,0,0,0,0,0,-9999,-9999
202307040100,202307040130,10.15,0,10.917,10.15,0,0,0,0,0,0,0,305.31,0,301.725,305.31,0,351.802,0,300.522,351.802,0,0.088,0,2.303,0.088,0,98.99,99.142,98.99,0,0.01,0,0.01,0,3.2,2.911,3.2,0,213.4,0.586,99.29,-60.59,0.65,0.67,-0.05,-4.18,364.23,412.55,0,12.44,12.6,12.66,12.37,11.36,9.94,0,0,0,0,0,0,19.1,20.362,26.226,23.488,10.78,0,3,3,3,3,-1.93,0,5.77,0,7.54584,6.18131,10.4914,8.94418,1,15,9.49771,-80.14,0,-104.805,-145.716,-85.8527,28.2082,1,20,52.5825,385,1,1,6.82,6.82,0,0,0.690375,0.690375,1,1,10,10,0.690375,0.909115,6.82,6.82,0,0,0.690375,0.690375,1,1,10,10,0.690375,0.909115,6.73288,6.58757,1,1,0.0490413,0.074542,5.6313,6.82,6.82,6.82,6.82,6.82,6.82,5.61545,5.637,6.82,6.82,6.82,6.82,6.82,1,0,0,0,0,0,0,1,1,0,0,0,0,0,5.68848,5.62368,5.59101,0.0156053,5.30687,5.51063,5.53127,5.62695,5.64601,5.67529,5.68848,5.67529,5.64335,5.64632,0.0141101,5.51024,5.53774,5.61801,5.6443,5.70428,5.72061,5.74442,-1.13152,-1.19632,-0.99656,0.069031,-1.30937,-1.28874,-1.25357,-1.17841,-1.13152,-0.420651,0.0106621,-1.18006,-1.17665,-1.08656,0.0459107,-1.29467,-1.27017,-1.19632,-1.15105,-1.10074,-1.07805,-0.413186,5.20363,5.7325,5.2592,0.0915909,4.01861,4.4219,4.8649,5.3802,5.71296,5.73129,5.91226,5.37796,5.37628,5.41879,0.0548891,4.52377,5.15724,5.32818,5.40597,5.7148,5.73129,5.90465,0,0,0,0,0,0,0,0,0,0,0,0,0,0,0,0,0,0,0,0,0,0,-9999,-9999
202307040130,202307040200,9.87,0,10.882,9.87,0,0,0,0,0,0,0,301.15,0,301.725,301.15,0,349.88,0,300.522,349.88,0,0,0,2.159,0,0,98.97,99.14,98.97,0,0,0,0,0,2.88,2.989,2.88,0,200.6,0.537,100,-64.17,0.66,0.68,-0.05,-4.22,363.2,414.85,0,12.4,12.56,12.63,12.36,11.35,9.94,0,0,0,0,0,0,19.09,20.364,26.224,23.486,10.78,0,3,3,3,3,-1.93,0,4.26209,1,5.58948,4.56591,7.77764,10.7225,2,265,10.9836,-88.75,0,-116.065,-161.955,-95.0765,27.2222,1,20,56.5583,386,1,1,6.66,6.66,0,0,0.380994,0.380994,1,1,10,10,0.610382,0.65273,6.66,6.66,0,0,0.380994,0.380994,1,1,10,10,0.610382,0.65273,6.48492,6.28311,1,1,0.0609657,0.0781154,5.599,5.70625,6.66,6.66,6.66,6.66,6.66,5.57895,5.6,5.69522,6.66,6.66,6.66,6.66,1,1,0,0,0,0,0,1,1,1,0,0,0,0,5.61629,5.54497,5.51718,0.015757,5.23618,5.43256,5.45315,5.55092,5.57897,5.60275,5.61629,5.60612,5.56777,5.574,0.0146628,5.43213,5.45315,5.54044,5.56954,5.64136,5.65103,5.67871,-1.04371,-1.11503,-0.765924,0.0699934,-1.18666,-1.12655,-1.10868,-1.05709,-0.269083,-0.224584,-0.0176997,-1.09597,-1.09223,-0.910914,0.053729,-1.18666,-1.11503,-1.10074,-1.05462,-0.984004,-0.460785,-0.208305,5.12678,5.69138,5.19139,0.0956284,3.89129,4.31451,4.7758,5.31597,5.67248,5.69014,5.86358,5.31382,5.31182,5.35605,0.0579432,4.42599,5.07299,5.25107,5.33817,5.67459,5.69966,5.85562,0,0,0,0,0,0,0,0,0,0,0,0,0,0,0,0,0,0,0,0,0,0,-9999,-9999
202307040200,202307040230,10.23,0,10.847,10.23,0,0,0,0,0,0,0,325.41,0,316.292,325.41,0,352.814,0,317.729,352.814,0,0,0,2.015,0,0,98.93,99.138,98.93,0,0,0.002,0,0,3.29,3.067,3.29,0,198.8,0.623,100,-40.61,0.66,0.67,-0.05,-4.19,365.13,414.35,0,12.36,12.52,12.6,12.35,11.35,9.94,0,0,0,0,0,0,19.09,20.368,26.224,23.484,10.78,0,3,3,3,3,-1.9,0,5.05271,1,6.62632,5.41289,9.22039,10.721,2,263,11.0863,-77.83,0,-102.069,-142.027,-83.378,27.2758,1,21,51.3239,387,1,1,6.6,6.6,0,0,0.783153,0.764452,1,1,10,9,0.896237,0.903454,6.6,6.6,0,0,0.783153,0.764452,1,1,10,9,0.896237,0.903454,6.43966,6.2551,1,1,0.0558232,0.0714645,5.6313,5.72842,6.6,6.6,6.6,6.6,6.6,5.61545,5.637,5.71269,6.6,6.6,6.6,6.6,1,1,0,0,0,0,0,1,1,1,0,0,0,0,5.70058,5.63789,5.60358,0.0155712,5.32285,5.52083,5.54212,5.63597,5.65951,5.68866,5.70058,5.68866,5.65823,5.65895,0.0139699,5.52046,5.55467,5.63329,5.65914,5.7145,5.7321,5.75573,-0.899422,-0.962111,-0.651523,0.0626775,-1.03484,-0.972878,-0.956286,-0.911301,-0.193949,-0.159998,0.0152059,-0.945069,-0.941773,-0.780706,0.0481838,-1.03484,-0.962111,-0.949781,-0.910643,-0.846648,-0.397396,-0.145727,5.24182,5.75144,5.28755,0.0898903,4.0621,4.48557,4.89389,5.4113,5.7325,5.75016,5.92756,5.40909,5.40754,5.44389,0.0533983,4.55739,5.18864,5.35672,5.43482,5.73209,5.75016,5.9191,0,0,0,0,0,0,0,0,0,0,0,0,0,0,0,0,0,0,0,0,0,0,-9999,-9999
202307040230,202307040300,10.76,0,10.965,10.76,0,0,0,0,0,0,0,343.4,0,316.292,343.4,0,357.167,0,317.729,357.167,0,0,0,2.043,0,0,98.89,99.113,98.89,0,0,0.002,0,0,3.2,3.143,3.2,0,196.1,0.595,100,-24.76,0.66,0.67,-0.05,-4.4,367.87,412.83,0,12.32,12.48,12.58,12.34,11.35,9.94,0,0,0,0,0,0,19.08,20.372,26.224,23.482,10.78,0,3,3,3,3,-1.87,0,5.26098,1,6.89946,5.66035,9.60046,10.7209,2,264,11.1116,-69.25,0,-90.5632,-125.915,-74.1864,24.2141,1,26,45.3511,388,1,1,5.98,5.98,0,0,0.861403,0.887704,1,1,14,13,0.861403,0.887704,5.98,5.98,0,0,0.861403,0.887704,1,1,14,13,0.861403,0.887704,5.96174,5.9337,1,1,0.0128292,0.019734,5.6552,5.98,5.98,5.98,5.98,5.98,5.98,5.57429,5.98,5.98,5.98,5.98,5.98,5.98,1,0,0,0,0,0,0,1,0,0,0,0,0,0,5.8267,5.77699,5.73292,0.0154739,5.45186,5.65376,5.67596,5.76539,5.79417,5.81581,5.8267,5.81172,5.79329,5.786,0.0130955,5.65346,5.70225,5.76695,5.79402,5.8363,5.85353,5.8707,-0.153298,-0.20301,-0.200775,0.0161942,-0.326538,-0.304041,-0.269461,-0.200993,-0.164188,-0.162045,-0.129789,-0.189344,-0.186712,-0.175735,0.0131325,-0.315007,-0.269461,-0.20786,-0.185834,-0.137215,-0.116446,-0.106771,5.40842,5.83756,5.42862,0.0812635,4.32164,4.73463,5.06953,5.54905,5.81838,5.83623,6.02118,5.54673,5.54583,5.57268,0.0468295,4.75363,5.35918,5.51252,5.57543,5.78977,5.82121,6.01217,0,0,0,0,0,0,0,0,0,0,0,0,0,0,0,0,0,0,0,0,0,0,-9999,-9999
202307040300,202307040330,10.89,0,11.084,10.89,0,0,0,0,0,0,0,352.53,0,328.062,352.53,0,358.241,0,331.633,358.241,0,0,0,2.072,0,0,98.88,99.089,98.88,0,0.12,0.064,0.12,0,3.01,3.218,3.01,0,191.5,0.545,100,-17.64,1.29,0.67,-0.03,-3.99,368.82,413.29,0,12.29,12.44,12.55,12.33,11.35,9.94,0,0,0,0,0,0,19.08,20.376,26.224,23.48,10.78,0,3,3,3,3,-1.77,0,3.87,0,5.07527,4.16378,7.06213,11.1087,1,16,11.3146,-60.05,0,-78.5317,-109.187,-64.3306,26.2567,1,22,42.3683,388,1,1,6.36,6.36,0,0,1.01432,1.05926,1,1,13,12,1.07195,1.13262,6.36,6.36,0,0,1.01432,1.05926,1,1,13,12,1.07195,1.13262,6.24258,6.10527,1,1,0.0448626,0.0589796,5.52545,5.66654,6.36,6.36,6.36,6.36,6.36,5.52545,5.558,5.60033,6.36,6.36,6.36,6.36,1,1,0,0,0,0,0,1,1,1,0,0,0,0,5.85478,5.80838,5.76181,0.0154968,5.48215,5.6823,5.70495,5.7976,5.82442,5.84471,5.85478,5.83977,5.8242,5.81449,0.0129279,5.68203,5.73379,5.79922,5.82442,5.86442,5.88047,5.89637,-0.505222,-0.551623,-0.343454,0.0498548,-0.654618,-0.585962,-0.551623,-0.52023,-0.141648,0.156853,0.166754,-0.538257,-0.535798,-0.428086,0.0373793,-0.626207,-0.556055,-0.545256,-0.513987,-0.467124,-0.394718,0.164855,5.4542,5.86067,5.46623,0.0789479,4.38938,4.80438,5.11423,5.58674,5.84169,5.8593,6.04454,5.58439,5.58366,5.60681,0.0450655,4.80438,5.40369,5.55332,5.61303,5.80365,5.84352,6.03508,0,0,0,0,0,0,0,0,0,0,0,0,0,0,0,0,0,0,0,0,0,0,-9999,-9999
202307040330,202307040400,11.06,0,11.057,11.06,0,26.4894,0.3,0,0,0.3,0,362.99,0,328.062,362.99,0,359.649,0,331.633,359.649,0,0,0,1.824,0,0,98.87,99.055,98.87,0,0.21,0.064,0.21,0,2.64,3.23,2.64,0,198.6,0.456,100,-7.04,4.13,2.06,0.04,-3.19,369.77,413.6,0,12.26,12.41,12.52,12.32,11.35,9.94,0,0,0,0,0,0,19.07,20.38,26.224,23.478,10.782,0,3,3,3,3,-1.53,0,1.11,0,1.4557,1.19426,2.02557,12.3265,1,17,12.3419,-43.93,0,-57.4504,-79.8764,-47.0615,28.1858,1,17,37.2312,388,1,0,5.22,5.70575,0,1,1.24097,1.26007,1,2,11,52,1.26451,1.28327,5.22,5.70575,0,1,1.24097,1.09953,1,2,11,51,1.26451,1.12604,5.38912,5.5449,1,1,0.0352368,0.0327202,5.22,5.22,5.22,5.22,5.65633,5.70575,5.70575,5.22,5.22,5.22,5.65633,5.70575,5.70575,5.70575,0,0,0,0,1,1,1,0,0,0,1,1,1,1,5.89266,5.85059,5.80077,0.0155486,5.52238,5.7213,5.74445,5.84071,5.86558,5.88364,5.89266,5.87733,5.86558,5.85285,0.0127305,5.72105,5.77596,5.84232,5.86558,5.9023,5.91685,5.93095,0.186912,0.144844,0.255872,0.0413061,-0.196821,0.108347,0.125459,0.144844,0.555962,0.645583,0.665491,0.643351,0.645583,0.463732,0.043684,0.0883174,0.128057,0.144844,0.636689,0.682303,0.696852,0.710949,5.51192,5.88983,5.51436,0.0759646,4.47102,4.87043,5.17249,5.63431,5.87095,5.88763,6.07487,5.63191,5.63139,5.65059,0.0428491,4.87043,5.46109,5.60599,5.65936,5.82254,5.87264,6.06493,0.0324226,0.0315752,0.0311634,0.000182605,0.0281688,0.0303973,0.0306731,0.0311328,0.0315416,0.0322363,0.0327206,0.0313791,0.0310341,0.0313064,0.000132502,0.0294737,0.0305786,0.0310095,0.0312278,0.0314112,0.0322802,0.0327206,-9999,-9999
202307040400,202307040430,11.02,0,11.03,11.02,0,101.024,21.45,0,1.619,21.45,0,358.61,0,335.335,358.61,0,359.317,0,340.224,359.317,0,0,0,1.576,0,0,98.84,99.021,98.84,0,0.01,0.521,0.01,0,1.88,3.243,1.88,0,187.9,0.358,100,7.17,40.08,33.69,0.76,0.17,370.2,414.6,0,12.24,12.38,12.49,12.3,11.35,9.94,0,0,0,0,0,0,19.07,20.384,26.226,23.476,10.784,0,3,3,3,3,-1.39,0,3.16,0,4.14415,3.39988,5.7665,12.2858,1,21,12.4104,-20.6,0,-26.9401,-37.4563,-22.0685,35.0265,1,22,36.8371,388,1,0,4.06667,3.73,1,1,1.52041,1.23639,2,2,48,25,1.52931,1.24333,4.06667,3.73,1,1,1.52041,1.23639,2,2,48,25,1.52931,1.24333,3.80709,3.83635,1,1,0.0517066,0.0211481,3.02,3.73,3.73,3.96412,4.007,4.05947,4.06667,3.73,3.73,3.73,3.83,3.96412,3.9925,4.06667,0,1,1,1,1,1,1,1,1,1,1,1,1,1,5.87896,5.83598,5.78681,0.0155627,5.51052,5.7053,5.72869,5.82672,5.85205,5.86989,5.87896,5.86491,5.85205,5.83932,0.0128036,5.70504,5.76243,5.82866,5.85205,5.88882,5.90357,5.91865,2.14896,2.10598,1.95046,0.0198362,1.68052,1.79274,1.8626,1.95852,2.00452,2.10467,2.12085,1.78311,1.78538,2.03222,0.0548689,1.77536,1.79271,1.84272,1.92246,2.04826,2.12085,2.88268,5.50605,5.88638,5.5075,0.076433,4.46103,4.85798,5.16068,5.6294,5.86793,5.88493,6.06846,5.62701,5.62645,5.64419,0.0431275,4.85798,5.4514,5.59742,5.65126,5.81861,5.86925,6.05812,2.17367,2.12033,2.0974,0.0111746,1.91689,2.04884,2.06741,2.09665,2.12364,2.16265,2.19184,2.11273,2.0901,2.10672,0.00810044,1.995,2.06023,2.08875,2.10273,2.11273,2.16501,2.19184,-9999,-9999
202307040430,202307040500,11.05,0,10.957,11.05,0,181.864,17.56,0,2.917,17.56,0,360.46,0,335.335,360.46,0,359.566,0,340.224,359.566,0,0,0,1.125,0,0,98.78,99.014,98.78,0,0.09,0.521,0.09,0,1.74,3.546,1.74,0,175.3,0.389,100,5.7,35.85,31.39,0.72,1.04,370.07,411.88,0,12.23,12.36,12.47,12.29,11.35,9.94,0,0,0,0,0,0,19.08,20.386,26.228,23.474,10.786,0,3,3,3,3,-1.17,0,6.95,0,9.11451,7.47759,12.6826,12.1966,1,13,12.7923,-25.55,0,-33.4136,-46.4567,-27.3713,34.9221,1,17,37.6791,388,1,0,5.3272,5.27163,1,1,1.4293,1.16796,2,2,69,48,1.43107,1.17297,5.3272,5.27163,1,1,1.4293,1.09953,2,2,69,47,1.43107,1.10485,5.24928,5.22002,1,1,0.0108454,0.0143548,5.09324,5.175,5.20964,5.26234,5.2998,5.31735,5.3272,5.05719,5.09324,5.136,5.26326,5.27163,5.30979,5.3272,1,1,1,1,1,1,1,1,1,1,1,1,1,1,5.88245,5.8403,5.79048,0.0155969,5.51602,5.70762,5.73134,5.83176,5.85682,5.87369,5.88245,5.86914,5.85682,5.84308,0.0127932,5.70737,5.76746,5.83391,5.85682,5.89245,5.90683,5.92196,0.610816,0.568675,0.570464,0.0108026,0.401903,0.515386,0.529618,0.572495,0.614128,0.61895,0.67561,0.527392,0.529618,0.593793,0.0126829,0.505125,0.527392,0.536794,0.602865,0.623966,0.673049,0.696327,5.52129,5.89374,5.51895,0.0757532,4.4752,4.87898,5.17228,5.64193,5.87559,5.89026,6.0743,5.63953,5.63901,5.65454,0.0425847,4.87898,5.4641,5.60932,5.66134,5.82253,5.87664,6.06352,1.80203,1.75775,1.73855,0.00930711,1.58782,1.69911,1.71415,1.73832,1.76112,1.79318,1.81719,1.75239,1.73276,1.74697,0.00675959,1.65271,1.7094,1.73168,1.74363,1.75269,1.79496,1.81719,-9999,-9999
202307040500,202307040530,10.56,0,10.885,10.56,0,266.96,2.36,0,10.455,2.36,0,361.43,0,352.515,361.43,0,355.519,0,360.518,355.519,0,0,0,0.674,0,0,98.76,99.007,98.76,0,5.21,0.461,5.21,0,2.95,3.848,2.95,0,200.5,0.63,100,-5.27,8.73,6.29,0.18,-2.32,367.78,409.02,0,12.16,12.32,12.44,12.27,11.34,9.94,0,0,0,0,0,0,19.93,20.388,26.23,23.472,10.788,0,3,3,3,3,-1.08,0,5.34088,1,7.00424,5.74631,9.74625,10.7217,2,266,11.1242,-57.93,1,-75.7592,-105.332,-62.0595,22.3303,2,58,39.0847,388,1,0,5.77512,5.79706,1,1,1.50369,1.23639,2,2,73,51,2.14404,1.23916,5.77512,5.79706,1,1,1.50369,1.09953,2,2,73,50,2.14404,1.10264,4.91298,5.65949,1,1,0.216371,0.0759391,2.72,2.72,2.72,5.73119,5.77512,5.77667,5.79706,5.61808,5.63148,5.67393,5.74405,5.77667,5.79706,5.79706,0,0,0,1,1,1,1,1,1,1,1,1,1,1,5.75863,5.70449,5.6636,0.0155698,5.39292,5.57444,5.59783,5.69595,5.72608,5.74839,5.75863,5.74995,5.72608,5.71877,0.0134903,5.57412,5.63229,5.6991,5.72608,5.7693,5.78877,5.80833,-0.0384307,-0.0925736,0.00411131,0.0787202,-0.289143,-0.124877,-0.0998139,-0.0775776,-0.0280366,0.041779,0.0520716,-0.0518746,-0.0490441,0.805791,0.222581,-0.164772,-0.0979643,-0.0796638,-0.0220189,2.97949,3.0493,3.08158,5.38144,5.82114,5.39543,0.0834538,4.2385,4.69223,5.01108,5.52579,5.80346,5.81607,5.98914,5.52359,5.52252,5.54083,0.0480838,4.69223,5.31142,5.46935,5.53599,5.76549,5.80432,5.97809,0.254096,0.247658,0.244665,0.00137696,0.222121,0.239138,0.241135,0.244646,0.247978,0.252838,0.256353,0.246827,0.243839,0.246024,0.00100412,0.231786,0.240816,0.243682,0.245483,0.247386,0.253079,0.256353,-9999,-9999
202307040530,202307040600,9.9,0,10.737,9.9,0,354.857,26.37,0,13.9,26.37,0,363.02,0,352.515,363.02,0,350.124,0,360.518,350.124,0,0,0,0.445,0,0,98.74,98.964,98.74,0,0.41,0.461,0.41,0,0.43,4.253,0.43,0,303.6,0.329,100,19.57,55.84,50.88,1.09,-0.1,366.27,407.46,0,11.98,12.24,12.41,12.26,11.34,9.94,0,0,0,0,0,0,20.56,20.388,26.23,23.468,10.79,0,3,3,3,3,-2.67,0,18.08,0,23.7108,19.4525,32.9931,13.3186,2,139,16.6775,-3.36,0,-4.39411,-6.10937,-3.59951,19.281,2,96,19.3706,388,1,0,4.42636,3.95857,1,1,1.41167,1.32173,2,2,53,28,1.42768,1.33196,4.42636,3.95857,1,1,1.41167,1.33901,2,2,53,28,1.42768,1.34911,4.21182,4.10661,1,1,0.029088,0.0294619,3.95857,3.95857,3.95857,4.25692,4.385,4.385,4.42636,3.95857,3.95857,3.95857,4.115,4.25692,4.288,4.42636,1,1,1,1,1,1,1,1,1,1,1,1,1,1,5.59405,5.52427,5.49512,0.0157737,5.22886,5.39839,5.42123,5.52805,5.55219,5.58081,5.59405,5.59107,5.55219,5.55354,0.0146543,5.39797,5.43192,5.52427,5.55219,5.62182,5.63277,5.65691,1.63548,1.5657,1.38851,0.0263445,1.08793,1.13757,1.24596,1.42257,1.47335,1.57121,1.62224,1.12221,1.12583,1.34172,0.03083,1.1099,1.13752,1.24547,1.38847,1.45757,1.47335,1.58504,5.19439,5.72248,5.23075,0.0933623,3.9273,4.4473,4.7971,5.36848,5.70503,5.71225,5.87387,5.36728,5.36549,5.38786,0.0553791,4.45529,5.10768,5.28129,5.36848,5.68541,5.70895,5.86262,2.64058,2.57811,2.55313,0.0129366,2.34548,2.49894,2.51994,2.55461,2.5849,2.62918,2.66161,2.57611,2.54609,2.56652,0.00942271,2.43374,2.51507,2.54481,2.56249,2.57611,2.63107,2.6649,-9999,-9999
202307040600,202307040630,10.13,0,10.589,10.13,0,444.051,28.96,0,19.124,28.96,0,359.14,0,360.591,359.14,0,351.997,0,370.057,351.997,0,0,0,0.216,0,0,98.75,98.921,98.75,0,3.31,0.254,3.31,0,1.9,4.657,1.9,0,269.1,0.285,100,18.69,70.59,66.27,1.65,2.43,366.56,408.34,0,11.95,12.2,12.36,12.25,11.34,9.94,0,0,0,0,0,0,20.86,20.384,26.228,23.466,10.788,0,3,3,3,3,-5.47,0,13.5231,1,17.7347,14.5496,24.6775,12.1971,2,173,14.3225,-13.92,0,-18.2042,-25.3103,-14.9123,18.6078,2,172,20.1411,388,1,0,4.02286,3.534,1,1,1.53712,1.55699,2,2,49,20,1.54713,1.56687,4.02286,3.534,1,1,1.53712,1.60456,2,2,49,20,1.54713,1.61415,3.7539,3.65809,1,1,0.025581,0.032483,3.534,3.534,3.534,3.77417,3.85,3.88538,4.02286,3.534,3.534,3.534,3.55875,3.78353,3.88538,4.02286,1,1,1,1,1,1,1,1,1,1,1,1,1,1,5.64626,5.58199,5.54866,0.0156958,5.28339,5.45241,5.47582,5.57845,5.60866,5.63408,5.64626,5.64258,5.60866,5.60626,0.0142446,5.45202,5.49672,5.57845,5.60866,5.66728,5.68277,5.70493,2.11226,2.04799,1.89057,0.0275328,1.58246,1.66335,1.75472,1.91841,1.99109,2.05359,2.10008,1.58246,1.5858,1.85236,0.0248533,1.57112,1.59656,1.75472,1.86338,1.9379,1.9918,2.06631,5.26871,5.76114,5.29301,0.0897037,4.03774,4.5403,4.87317,5.43031,5.74362,5.75106,5.91492,5.42912,5.42759,5.4452,0.0525354,4.5403,5.18254,5.35038,5.43031,5.71151,5.74479,5.90318,2.88051,2.81332,2.78733,0.0138413,2.56594,2.72998,2.75232,2.78981,2.82117,2.86881,2.90299,2.81388,2.78033,2.8026,0.0101026,2.65948,2.74831,2.77907,2.79752,2.81388,2.87052,2.91035,-9999,-9999
202307040630,202307040700,10.31,0,10.895,10.31,0,533.016,41.68,0,22.957,41.68,0,360.66,0,360.591,360.66,0,353.468,0,370.057,353.468,0,0,0,0.209,0,0,98.82,98.932,98.82,0,0.28,0.254,0.28,0,3.44,4.523,3.44,0,246.4,0.611,100,31.45,91.94,85.73,1.86,3.68,367.15,408.48,0,11.88,12.15,12.31,12.23,11.34,9.94,0,0,0,0,0,0,20.97,20.376,26.222,23.462,10.788,0,3,3,3,3,-4.65,0,12.72,0,16.6815,13.6856,23.212,12.0604,2,185,13.9758,-55.54,0,-72.6336,-100.986,-59.4991,19.8744,2,59,36.6171,388,1,0,3.84412,3.41308,1,1,1.5998,1.88011,2,2,44,18,1.60721,1.88642,3.84412,3.41308,1,1,1.5998,1.90425,2,2,44,18,1.60721,1.91048,3.61725,3.52291,1,1,0.0233259,0.0282519,3.41308,3.41308,3.41308,3.63667,3.71737,3.72125,3.84412,3.40909,3.41308,3.41308,3.41308,3.6675,3.72125,3.84412,1,1,1,1,1,1,1,1,1,1,1,1,1,1,5.68631,5.62643,5.58975,0.0156681,5.32572,5.49355,5.51747,5.61952,5.65226,5.67497,5.68631,5.68229,5.65226,5.64677,0.0139537,5.49318,5.54681,5.62199,5.65226,5.70212,5.7212,5.74178,2.27323,2.21335,2.06684,0.0235064,1.80503,1.84821,1.95485,2.08047,2.16583,2.21922,2.26189,1.80503,1.80814,2.02953,0.0211183,1.79445,1.81816,1.93575,2.05703,2.10004,2.1665,2.23107,5.3283,5.79187,5.34272,0.0867573,4.12632,4.61491,4.93344,5.47978,5.7743,5.78183,5.94713,5.47861,5.47729,5.4909,0.0502684,4.61491,5.24209,5.40538,5.47978,5.73238,5.77539,5.93492,4.00034,3.91045,3.87915,0.0181802,3.59249,3.80511,3.833,3.88415,3.92577,3.98558,4.02968,3.91724,3.87077,3.90026,0.013283,3.71784,3.82787,3.86932,3.88914,3.91647,3.98738,4.04536,-9999,-9999
202307040700,202307040730,10.5,0,11.201,10.5,0,620.229,160.95,0,105.181,160.95,0,359.81,0,353.882,359.81,0,355.026,0,362.133,355.026,0,0,0,0.202,0,0,98.89,98.943,98.89,0,0.09,0.131,0.09,0,4.35,4.39,4.35,0,253.2,0.648,100,138.39,326.69,312.08,6.67,14.79,368.35,405.55,0,11.86,12.12,12.28,12.22,11.34,9.94,0,0,0,0,0,0,21.17,20.366,26.214,23.456,10.786,0,3,3,3,3,-3.44,0,51.75,0,67.867,55.6784,94.4355,18.7755,2,48,34.3212,-22.03,0,-28.8102,-40.0564,-23.6004,18.9036,2,180,22.4978,388,1,0,-3.715,-3.715,1,1,3.25464,3.78546,2,2,12,4,3.25464,3.78546,-3.715,-3.715,1,1,3.25464,3.78546,2,2,12,4,3.25464,3.78546,-3.74922,-3.76743,1,1,0.0342159,0.0383495,-3.715,-3.715,-3.715,-3.715,-3.715,-3.715,-3.715,-4.44375,-3.715,-3.715,-3.715,-3.715,-3.715,-3.715,1,1,1,1,1,1,1,1,1,1,1,1,1,1,5.7288,5.67359,5.63333,0.015665,5.37057,5.53729,5.56174,5.66761,5.69848,5.71814,5.7288,5.72437,5.69848,5.68973,0.0136727,5.53695,5.59999,5.67052,5.69848,5.74022,5.76193,5.78084,9.4438,9.38859,9.40076,0.0324982,9.23838,9.27274,9.31499,9.38859,9.42276,9.43937,9.47551,9.41062,9.41348,9.43895,0.028479,9.26513,9.32287,9.38686,9.41428,9.4723,9.48563,9.49789,5.39066,5.8239,5.3951,0.0836237,4.22116,4.70776,4.99736,5.53157,5.80628,5.81417,5.98105,5.53039,5.5293,5.53911,0.0479038,4.70776,5.30501,5.4636,5.53157,5.75536,5.80727,5.96835,11.5646,11.3584,11.3499,0.0356653,10.867,11.1732,11.2966,11.3532,11.4431,11.5491,11.6314,11.4431,11.3365,11.3878,0.0261283,11.1531,11.201,11.3145,11.3532,11.4383,11.5376,11.6839,-9999,-9999
202307040730,202307040800,10.99,0,11.555,10.99,0,704.199,257.91,0,119.424,257.91,0,352.85,0,353.882,352.85,0,359.069,0,362.133,359.069,0,0,0,0.455,0,0,98.94,98.981,98.94,0,0.01,0.131,0.01,0,4.04,3.953,4.04,0,246,0.731,100,217.88,520.2,488.68,10.87,24.37,371.11,401.99,0,11.86,12.1,12.25,12.2,11.34,9.94,0,0,0,0,0,0,21.22,20.352,26.202,23.45,10.784,0,3,3,3,3,-2.76,0,49.86,0,65.3884,53.6449,90.9865,19.4815,2,49,33.8491,-39.01,1,-51.0162,-70.9305,-41.7908,19.8136,2,126,29.3118,388,1,0,-7.21333,-7.21333,1,1,2.47181,2.44611,2,2,8,4,2.47181,2.44611,-7.21333,-7.21333,1,1,2.47181,2.44611,2,2,8,4,2.47181,2.44611,-7.21333,-7.21333,1,1,0.000000000000000284445,0.000000000000000284445,-7.21333,-7.21333,-7.21333,-7.21333,-7.21333,-7.21333,-7.21333,-7.21333,-7.21333,-7.21333,-7.21333,-7.21333,-7.21333,-7.21333,1,1,1,1,1,1,1,1,1,1,1,1,1,1,5.84384,5.80063,5.75188,0.0157528,5.48957,5.65883,5.68422,5.79682,5.82274,5.83547,5.84384,5.8375,5.82274,5.80629,0.0130484,5.65857,5.72174,5.80063,5.82274,5.85563,5.87215,5.88678,13.0572,13.014,12.9652,0.0157527,12.7029,12.8722,12.8975,13.0102,13.0361,13.0488,13.0572,13.0338,13.0361,13.0196,0.0130484,12.8719,12.9351,13.014,13.0361,13.069,13.0855,13.1001,5.54082,5.90106,5.52503,0.0756561,4.46792,4.9104,5.1616,5.65759,5.88346,5.89421,6.06735,5.65521,5.65467,5.65917,0.0421707,4.92702,5.46355,5.61036,5.65923,5.82597,5.88424,6.05405,15.3917,15.1535,15.2009,0.0372192,14.6741,14.9913,15.1092,15.1903,15.32,15.3939,15.5706,15.3129,15.189,15.2351,0.0279754,14.9698,15.0341,15.1108,15.2121,15.3042,15.3799,15.5458,-9999,-9999
202307040800,202307040830,11.85,0,11.909,11.85,0,783.487,483.13,0,266.341,483.13,0,349.7,0,324.317,349.7,0,333.262,0,327.209,333.262,0,0.025,0,0.708,0.025,0,98.99,99.018,98.99,0,0,0.08,0,0,4.35,3.517,4.35,0,242.6,0.828,99.82,421.8,958.6,646.84,20.04,44.19,375.72,398.71,0,11.86,12.08,12.22,12.18,11.34,9.94,0,0,0,0,0,0,21.2,20.334,26.186,23.442,10.78,0,3,3,3,3,-2.02,0,114.68,0,150.396,123.386,209.273,35.4375,2,46,72.8652,147.53,1,193.477,158.729,269.219,34.7171,2,11,88.9587,388,1,0,-11.75,-11.75,0,0,2.75405,2.91566,2,2,43,32,2.75405,2.91566,-11.75,-11.75,0,0,2.75405,2.91566,2,2,43,32,2.75405,2.91566,-11.75,-11.75,1,1,0,0,-11.75,-11.75,-11.75,-11.75,-11.75,-11.75,-11.75,-11.75,-11.75,-11.75,-11.75,-11.75,-11.75,-11.75,0,0,0,0,0,0,0,0,0,0,0,0,0,0,6.04976,6.02841,5.96397,0.0163513,5.70114,5.8775,5.89192,6.02751,6.04323,6.04555,6.0524,6.03877,6.04434,6.01448,0.0124734,5.87737,5.90296,6.01787,6.03877,6.05821,6.06846,6.07612,17.7998,17.7784,17.714,0.0163513,17.4511,17.6275,17.6419,17.7775,17.7932,17.7956,17.8024,17.7932,17.7943,17.7645,0.0124734,17.6274,17.653,17.7679,17.7888,17.8082,17.8185,17.8261,5.80113,6.03276,5.75367,0.0612296,4.83298,5.2444,5.45461,5.87237,6.01263,6.02218,6.21768,5.87058,5.871,5.8696,0.0324348,5.31212,5.75635,5.86885,5.88987,5.95742,6.01235,6.20362,20.6818,20.427,20.6025,0.0379556,20.1194,20.3856,20.4164,20.5996,20.7086,20.868,20.9191,20.722,20.5928,20.6136,0.0314489,20.2989,20.3723,20.4155,20.6319,20.7086,20.8276,20.902,-9999,-9999
202307040830,202307040900,12.37,0,12.462,12.37,0,856.739,496.75,0,291.246,496.75,0,341.51,0,324.317,341.51,0,345.158,0,327.209,345.158,0,0.423,0,1.031,0.423,0,99.02,99.051,99.02,0,0,0.08,0,0,4.01,3.446,4.01,0,240.3,0.997,97.06,420.62,985.02,635.95,20.9,45.63,377.96,398.48,0,11.89,12.07,12.19,12.16,11.34,9.94,0,0,0,0,0,0,21.2,20.312,26.168,23.432,10.776,0,3,3,3,3,-1.2,0,154.11,1,202.106,165.809,281.226,32.674,2,50,91.5845,153.135,1,200.827,164.759,279.446,36.8371,2,13,92.6539,388,1,0,-20.82,-20.82,0,0,4.17023,4.17023,1,1,6,6,4.17023,4.17023,-20.82,-20.82,0,0,4.17023,4.17023,1,1,6,6,4.17023,4.17023,-20.82,-20.82,1,1,0.00000000000000227556,0.00000000000000227556,-20.82,-20.82,-20.82,-20.82,-20.82,-20.82,-20.82,-20.82,-20.82,-20.82,-20.82,-20.82,-20.82,-20.82,0,0,0,0,0,0,0,0,0,0,0,0,0,0,6.17276,6.16507,6.09111,0.0170122,5.829,5.98291,6.00813,6.15958,6.17115,6.17538,6.17837,6.15958,6.17777,6.13929,0.0125516,5.98291,6.03567,6.15359,6.1715,6.17905,6.18713,6.18894,26.9928,26.9851,26.9111,0.0170122,26.649,26.8029,26.8281,26.9796,26.9911,26.9954,26.9984,26.9974,26.9978,26.9593,0.0125516,26.8029,26.8557,26.9736,26.9915,26.9991,27.0071,27.0089,5.96146,6.11229,5.89527,0.0522647,5.13349,5.45304,5.63604,6.00376,6.09049,6.10615,6.30634,6.00263,6.00364,5.99938,0.0269137,5.55467,5.9691,5.98635,6.02708,6.03892,6.09022,6.29365,20.9206,20.666,20.8502,0.0382211,20.3668,20.6309,20.6566,20.8471,20.9682,21.1235,21.1706,20.9731,20.8407,20.8614,0.0315722,20.549,20.6216,20.6556,20.8737,20.9539,21.0801,21.1432,-9999,-9999
202307040900,202307040930,13.11,0,13.016,13.11,0,922.701,453.46,0,460.294,453.46,0,345.77,0,327.853,345.77,0,371.092,0,331.386,371.092,0,1.572,0,1.354,1.572,0,99.03,99.083,99.03,0,0,0.153,0,0,4.06,3.374,4.06,0,239.6,0.749,89.58,381.04,906.06,553.86,19.17,40.71,381.36,397.62,0,11.92,12.06,12.17,12.14,11.33,9.94,0,0,0,0,0,0,21.03,20.288,26.15,23.422,10.768,0,3,3,3,3,-0.52,0,149.33,0,195.837,160.666,272.503,32.719,2,47,89.1269,60.9267,1,79.9017,65.5517,111.181,24.1425,2,8,41.5569,388,1,0,-12.46,-12.46,0,0,2.75405,2.8315,2,2,39,29,2.75405,2.8315,-12.46,-12.46,0,0,2.75405,2.8315,2,2,39,29,2.75405,2.8315,-12.46,-12.46,1,1,0.00000000000000142222,0.00000000000000142222,-12.46,-12.46,-12.46,-12.46,-12.46,-12.46,-12.46,-12.46,-12.46,-12.46,-12.46,-12.46,-12.46,-12.46,0,0,0,0,0,0,0,0,0,0,0,0,0,0,6.35018,6.36256,6.27434,0.0182657,6.01272,6.12502,6.19729,6.33869,6.36256,6.36652,6.37048,6.33311,6.36984,6.319,0.0132022,6.12278,6.22662,6.33223,6.35306,6.36604,6.36966,6.37262,18.8102,18.8226,18.7343,0.0182657,18.4727,18.585,18.6573,18.7987,18.8226,18.8265,18.8305,18.8305,18.8298,18.779,0.0132022,18.5828,18.6866,18.7922,18.8131,18.826,18.8297,18.8326,6.18835,6.2232,6.09803,0.0399217,5.58188,5.75663,5.94945,6.19046,6.22132,6.23472,6.42886,6.18861,6.19046,6.18429,0.0206619,5.89663,6.10823,6.16149,6.19851,6.23395,6.24042,6.41455,20.1911,19.9372,20.1015,0.037649,19.5982,19.8961,19.9242,20.0997,20.218,20.3711,20.4268,20.2295,20.0922,20.1194,0.0303751,19.8187,19.8805,19.9236,20.138,20.2103,20.3146,20.3889,-9999,-9999
202307040930,202307041000,13.44,0,13.597,13.44,0,980.243,365.06,0,488.999,365.06,0,348.14,0,327.853,348.14,0,371.265,0,331.386,371.265,0,2.273,0,2.008,2.273,0,99.05,99.113,99.05,0,0,0.153,0,0,3.8,3.526,3.8,0,238.4,0.81,85.26,297.22,726.89,521.12,16.04,34.7,382.88,396.92,0,11.96,12.07,12.16,12.12,11.33,9.94,0,0,0,0,0,0,20.92,20.26,26.128,23.41,10.76,0,3,3,3,3,0.11,0,166.55,0,218.42,179.193,303.927,32.8819,2,50,98.1368,-21.06,0,-27.5417,-38.2927,-22.5612,18.9036,2,180,22.2112,388,1,0,-14.64,-14.64,0,0,2.91541,2.83329,2,2,49,44,2.91541,2.83329,-14.64,-14.64,0,0,2.91541,2.83329,2,2,49,44,2.91541,2.83329,-14.64,-14.64,1,1,0.00000000000000170667,0.00000000000000170667,-14.64,-14.64,-14.64,-14.64,-14.64,-14.64,-14.64,-14.64,-14.64,-14.64,-14.64,-14.64,-14.64,-14.64,0,0,0,0,0,0,0,0,0,0,0,0,0,0,6.42665,6.44816,6.35372,0.0189647,6.09377,6.18242,6.27853,6.41062,6.44542,6.45027,6.45502,6.40884,6.4539,6.39698,0.0137288,6.18151,6.30877,6.38962,6.42817,6.45028,6.45359,6.4588,21.0666,21.0882,20.9937,0.0189647,20.7338,20.8224,20.9185,21.0506,21.0854,21.0903,21.095,21.095,21.0939,21.037,0.0137288,20.8215,20.9488,21.0296,21.0682,21.0903,21.0936,21.0988,6.29181,6.27301,6.19095,0.0348699,5.79264,5.89618,6.10291,6.25413,6.28969,6.32392,6.48287,6.27343,6.27565,6.26915,0.0189695,6.0162,6.1749,6.20645,6.2776,6.32462,6.33465,6.4661,18.3906,18.1411,18.2596,0.0369344,17.7266,18.0758,18.1198,18.2552,18.3906,18.4584,18.6236,18.393,18.2509,18.29,0.0286371,18.0392,18.0758,18.1206,18.3063,18.3814,18.393,18.5897,-9999,-9999
202307041000,202307041030,14.35,0,14.178,14.35,0,1028.38,629.66,0,524.235,629.66,0,332.07,0,343.829,332.07,0,341.673,0,350.257,341.673,0,3.597,0,2.662,3.597,0,99.07,99.144,99.07,0,0,0.167,0,0,4.43,3.679,4.43,0,236.7,1.008,78.01,512.2,1247.14,483.7,26.59,57.82,388.37,396.72,0,12.01,12.08,12.14,12.11,11.33,9.94,0,0,0,0,0,0,20.87,20.23,26.102,23.394,10.75,0,3,3,3,3,0.59,0,183.313,1,239.732,197.229,333.312,38.5285,2,43,107.985,144.745,2,189.293,155.733,263.185,35.4275,2,10,87.1764,389,1,0,-18.48,-18.48,0,0,3.16405,3.12358,2,2,49,42,3.16405,3.12358,-18.48,-18.48,0,0,3.15422,3.04664,2,2,48,40,3.15422,3.04664,-18.48,-18.48,1,1,0.00000000000000170667,0.00000000000000170667,-18.48,-18.48,-18.48,-18.48,-18.48,-18.48,-18.48,-18.48,-18.48,-18.48,-18.48,-18.48,-18.48,-18.48,0,0,0,0,0,0,0,0,0,0,0,0,0,0,6.64663,6.69412,6.58137,0.021168,6.32199,6.35398,6.51415,6.63819,6.68105,6.69255,6.70339,6.62354,6.69255,6.61995,0.015663,6.35067,6.53176,6.61493,6.63693,6.69106,6.69502,6.70339,25.1266,25.1741,25.0614,0.021168,24.802,24.834,24.9942,25.1182,25.161,25.1725,25.1834,25.175,25.1725,25.1,0.0156629,24.8307,25.0118,25.0949,25.1169,25.1711,25.175,25.1834,6.5714,6.40593,6.4454,0.0265018,6.18519,6.32593,6.3765,6.43371,6.5525,6.60009,6.63304,6.5008,6.50408,6.49922,0.0203968,6.27582,6.32877,6.3804,6.50762,6.58796,6.60634,6.65048,22.819,22.5658,22.8152,0.0415469,22.3629,22.5399,22.5834,22.8094,22.9429,23.1216,23.2078,22.9429,22.8047,22.8156,0.0345146,22.4608,22.5348,22.5835,22.8189,22.9258,23.027,23.1534,-9999,-9999
202307041030,202307041100,15.28,0,14.573,15.28,0,1066.29,756.12,0,543.554,756.12,0,337.23,0,343.829,337.23,0,324.194,0,350.257,324.194,0,5.139,0,3.53,5.139,0,99.09,99.156,99.09,0,0,0.167,0,0,4.89,3.922,4.89,0,235.2,1.081,70.41,618.18,1490.34,521.95,31.46,71.21,394.32,396.64,0,12.06,12.09,12.14,12.09,11.33,9.94,0,0,0,0,0,0,20.82,20.198,26.076,23.38,10.74,0,3,3,3,3,1.29,0,223.228,1,291.932,239.141,405.888,41.0755,2,36,130.254,140.971,1,184.358,151.02,256.323,36.8371,2,9,86.3153,390,1,0,-17.33,-17.33,0,0,3.13986,2.9731,2,2,53,45,3.13986,2.9731,-17.33,-17.33,0,0,3.13002,2.91541,2,2,52,43,3.13002,2.91541,-17.33,-17.33,1,1,0.000000000000000568889,0.000000000000000568889,-17.33,-17.33,-17.33,-17.33,-17.33,-17.33,-17.33,-17.33,-17.33,-17.33,-17.33,-17.33,-17.33,-17.33,0,0,0,0,0,0,0,0,0,0,0,0,0,0,6.87208,6.94716,6.81508,0.023848,6.52298,6.55664,6.75639,6.86979,6.92516,6.9402,6.95495,6.84345,6.93779,6.8487,0.0183412,6.52982,6.73855,6.82134,6.86031,6.93671,6.94716,6.95495,24.2021,24.2772,24.1451,0.023848,23.853,23.8866,24.0864,24.1998,24.2552,24.2702,24.285,24.2717,24.2678,24.1787,0.0183413,23.8598,24.0686,24.1513,24.1903,24.2667,24.2772,24.285,6.85859,6.53955,6.71024,0.0332499,6.29143,6.50902,6.53588,6.73729,6.8392,6.92663,7.01692,6.73291,6.73729,6.7369,0.029416,6.43719,6.50585,6.53588,6.7487,6.84663,6.9128,6.9722,24.1715,23.921,24.2196,0.0454665,23.805,23.9023,23.977,24.2066,24.3721,24.5423,24.7598,24.3435,24.2074,24.2081,0.0379265,23.7978,23.9048,23.9806,24.2131,24.3435,24.3847,24.6294,-9999,-9999
202307041100,202307041130,14.43,0,14.968,14.43,0,1093.33,511.76,0,546.431,511.76,0,331.08,0,343.25,331.08,0,372.224,0,349.573,372.224,0,4.249,0,4.399,4.249,0,99.13,99.169,99.13,0,0.13,0.332,0.13,0,4.92,4.166,4.92,0,239,0.983,74.16,397.9,1013.42,403.58,21.72,47.36,388.34,397.39,0,12.13,12.11,12.13,12.08,11.33,9.94,0,0,0,0,0,0,20.74,20.166,26.048,23.364,10.73,0,3,3,3,3,2.13,0,239.31,0,312.963,256.369,435.129,40.4473,2,27,138.549,175.4,1,229.383,187.903,318.924,43.6596,2,14,106.486,391,1,0,-10.3,-10.3,0,0,2.64036,2.8315,2,2,33,23,2.64036,2.8315,-10.3,-10.3,0,0,2.64036,2.8315,2,2,33,23,2.64036,2.8315,-10.3,-10.3,1,1,0.00000000000000113778,0.00000000000000113778,-10.3,-10.3,-10.3,-10.3,-10.3,-10.3,-10.3,-10.3,-10.3,-10.3,-10.3,-10.3,-10.3,-10.3,0,0,0,0,0,0,0,0,0,0,0,0,0,0,6.65606,6.7057,6.59222,0.0214476,6.33785,6.35772,6.52268,6.64946,6.69236,6.7057,6.71826,6.63612,6.70681,6.63122,0.0159618,6.35353,6.54115,6.62655,6.64813,6.70543,6.70941,6.71826,16.9561,17.0057,16.8922,0.0214476,16.6378,16.6577,16.8227,16.9495,16.9924,17.0057,17.0183,17.0094,17.0068,16.9312,0.0159618,16.6535,16.8411,16.9265,16.9481,17.0054,17.0094,17.0183,6.60052,6.41949,6.47247,0.0261763,6.19704,6.36704,6.38904,6.48912,6.58845,6.6268,6.64936,6.52608,6.52937,6.52593,0.0206466,6.30502,6.35722,6.39292,6.53945,6.61975,6.63408,6.68458,21.23,20.9761,21.177,0.0389061,20.6726,20.9446,20.9734,21.1748,21.3075,21.4365,21.4852,21.3178,21.1677,21.194,0.0309959,20.8979,20.9367,20.9734,21.1892,21.3003,21.423,21.4518,-9999,-9999
202307041130,202307041200,15.36,0,15.16,15.36,0,1109.02,768.28,0,554.263,768.28,0,316.73,0,343.25,316.73,0,323.619,0,349.573,323.619,0,6.163,0,4.588,6.163,0,99.15,99.19,99.15,0,0,0.332,0,0,5.73,4.514,5.73,0,230.9,1.231,64.7,601.49,1520.98,460.87,32.38,67.75,394.15,396.76,0,12.2,12.15,12.13,12.07,11.32,9.94,0,0,0,0,0,0,20.66,20.132,26.018,23.346,10.72,0,3,3,3,3,2.56,0,187.23,0,245.541,201.443,340.434,38.5984,2,42,110.025,153.28,0,201.018,164.916,278.704,36.8371,2,13,92.0428,392,1,0,-16.7,-16.7,0,0,2.99586,2.84952,2,2,51,41,2.99586,2.84952,-16.7,-16.7,0,0,2.98383,2.84952,2,2,50,41,2.98383,2.84952,-16.7,-16.7,1,1,0.00000000000000113778,0.00000000000000113778,-16.7,-16.7,-16.7,-16.7,-16.7,-16.7,-16.7,-16.7,-16.7,-16.7,-16.7,-16.7,-16.7,-16.7,0,0,0,0,0,0,0,0,0,0,0,0,0,0,6.8812,6.95847,6.82568,0.0241631,6.52545,6.57267,6.76456,6.8812,6.93712,6.95191,6.96969,6.85584,6.95191,6.85973,0.0186802,6.53251,6.74626,6.83129,6.87034,6.95078,6.95847,6.96969,23.5812,23.6585,23.5257,0.0241631,23.2254,23.2727,23.4646,23.5812,23.6371,23.6519,23.6697,23.656,23.6519,23.5597,0.0186802,23.2325,23.4463,23.5313,23.5703,23.6508,23.6585,23.6697,6.88554,6.552,6.73695,0.0342867,6.3032,6.52049,6.54986,6.76123,6.88554,6.95366,7.05109,6.75684,6.76121,6.76388,0.0299679,6.46824,6.51699,6.54986,6.76509,6.87922,6.94101,7.00723,24.3139,24.0627,24.3686,0.0461267,23.9455,24.059,24.1238,24.3537,24.518,24.7041,24.9275,24.4973,24.3549,24.3578,0.037726,23.9591,24.0699,24.1335,24.3606,24.4973,24.5313,24.772,-9999,-9999
202307041200,202307041230,16.23,0,15.353,16.23,0,1113.11,896.25,0,568.608,896.25,0,321.18,0,334.34,321.18,0,309.58,0,339.048,309.58,0,7.992,0,4.777,7.992,0,99.17,99.211,99.17,0,0,2.246,0,0,5.88,4.862,5.88,0,233.8,1.289,56.7,710.44,1772.46,447.76,37.72,78.62,399.52,397.26,0,12.27,12.19,12.13,12.05,11.32,9.94,0,0,0,0,0,0,20.61,20.096,25.988,23.33,10.71,0,3,3,3,3,3.12,0,182.48,1,238.642,196.332,330.852,36.9629,2,45,106.348,147.34,1,192.687,158.525,267.14,35.4275,2,10,87.9649,393,1,0,-21.04,-21.04,0,0,3.36375,3.13341,2,2,35,26,3.36375,3.13341,-21.04,-21.04,0,0,3.27091,3.09849,2,2,34,24,3.27091,3.09849,-21.04,-21.04,1,1,0.00000000000000170667,0.00000000000000170667,-21.04,-21.04,-21.04,-21.04,-21.04,-21.04,-21.04,-21.04,-21.04,-21.04,-21.04,-21.04,-21.04,-21.04,0,0,0,0,0,0,0,0,0,0,0,0,0,0,7.09182,7.19582,7.04454,0.0270098,6.69206,6.79333,6.99142,7.0954,7.16437,7.18456,7.2059,7.06142,7.18197,7.07378,0.0216857,6.69546,6.96681,7.02823,7.07247,7.18046,7.19582,7.2059,28.1318,28.2358,28.0845,0.0270098,27.7321,27.8333,28.0314,28.1354,28.2044,28.2246,28.2459,28.2274,28.222,28.1138,0.0216857,27.7355,28.0068,28.0682,28.1125,28.2205,28.2358,28.2459,7.15316,6.67394,6.98881,0.0517918,6.491,6.63827,6.7039,6.97764,7.14109,7.31009,7.49503,6.9724,6.97777,6.98897,0.0416356,6.59521,6.6492,6.70276,6.98206,7.13029,7.23218,7.4485,25.3732,25.1244,25.4717,0.0502886,25.1004,25.1348,25.194,25.4513,25.595,25.8204,26.1364,25.595,25.455,25.4496,0.0409508,25.0067,25.14,25.2267,25.4626,25.5851,25.6006,25.9232,-9999,-9999
202307041230,202307041300,16,0,14.461,16,0,1105.53,628.78,0,564.71,628.78,0,326.98,0,334.34,326.98,0,350.96,0,339.048,350.96,0,7.701,0,4.011,7.701,0,99.19,99.246,99.19,0,0,2.246,0,0,5.98,4.845,5.98,0,234.3,1.246,57.66,482.61,1245.91,470.69,26.83,53.86,397.33,397.98,0,12.33,12.23,12.14,12.04,11.32,9.94,0,0,0,0,0,0,20.55,20.06,25.962,23.314,10.702,0,3,3,3,3,3.63,0,162.93,0,213.673,175.298,295.406,32.6807,2,48,94.8429,178.97,1,234.708,192.556,324.488,43.6596,2,16,107.103,394,1,0,-10.47,-10.47,0,0,2.64036,2.8315,2,2,31,21,2.64036,2.8315,-10.47,-10.47,0,0,2.61945,2.8315,2,2,30,21,2.61945,2.8315,-10.47,-10.47,1,1,0.00000000000000142222,0.00000000000000142222,-10.47,-10.47,-10.47,-10.47,-10.47,-10.47,-10.47,-10.47,-10.47,-10.47,-10.47,-10.47,-10.47,-10.47,0,0,0,0,0,0,0,0,0,0,0,0,0,0,7.02915,7.12583,6.9802,0.0262629,6.63972,6.73218,6.92273,7.0303,7.09907,7.11629,7.13863,7.00263,7.11629,7.01129,0.0209067,6.64411,6.89989,6.96744,7.01322,7.11488,7.12583,7.13863,17.4992,17.5958,17.4502,0.026263,17.1097,17.2022,17.3927,17.5003,17.5691,17.5863,17.6086,17.5914,17.5863,17.4813,0.0209067,17.1141,17.3699,17.4374,17.4832,17.5849,17.5958,17.6086,7.08271,6.64218,6.92391,0.04649,6.40175,6.60709,6.6716,6.92259,7.08077,7.22905,7.36861,6.91748,6.9225,6.93351,0.0380578,6.57366,6.62337,6.6716,6.92659,7.07068,7.15544,7.32356,22.8815,22.6274,22.8851,0.0422217,22.4037,22.6021,22.6657,22.8774,23.027,23.1969,23.2489,23.0289,22.873,22.8918,0.0334125,22.581,22.6273,22.6658,22.8818,23.0132,23.1012,23.1969,-9999,-9999
202307041300,202307041330,16.39,0,13.569,16.39,0,1086.39,769.86,0,598.999,769.86,0,319.56,0,333.782,319.56,0,320.233,0,338.39,320.233,0,8.551,0,3.245,8.551,0,99.2,99.282,99.2,0,0,0.094,0,0,6.11,4.828,6.11,0,235.4,1.177,54.14,589.92,1530.74,432.6,32.61,66.61,400.01,398.04,0,12.4,12.28,12.15,12.04,11.32,9.94,0,0,0,0,0,0,20.49,20.026,25.934,23.298,10.694,0,3,3,3,3,3.67,0,149.9,0,196.035,161.279,271.781,32.6357,2,50,88.1761,222.96,0,291.581,239.885,404.245,45.4189,2,15,130.029,395,1,0,-16.9,-16.9,0,0,3.13002,2.88246,2,2,52,44,3.13002,2.88246,-16.9,-16.9,0,0,2.99586,2.84952,2,2,51,43,2.99586,2.84952,-16.9,-16.9,1,1,0.00000000000000170667,0.00000000000000170667,-16.9,-16.9,-16.9,-16.9,-16.9,-16.9,-16.9,-16.9,-16.9,-16.9,-16.9,-16.9,-16.9,-16.9,0,0,0,0,0,0,0,0,0,0,0,0,0,0,7.12045,7.22919,7.07552,0.0276104,6.70955,6.83006,7.02066,7.13086,7.19893,7.21743,7.24258,7.09282,7.21743,7.10467,0.0223477,6.71322,6.99499,7.05872,7.10339,7.21584,7.22919,7.24258,24.0204,24.1292,23.9755,0.0276104,23.6095,23.7301,23.9207,24.0309,24.0989,24.1174,24.1426,24.1231,24.1174,24.0047,0.0223478,23.6132,23.895,23.9587,24.0034,24.1158,24.1292,24.1426,7.202,6.69618,7.03822,0.0553318,6.56814,6.65882,6.74315,7.01973,7.202,7.38005,7.56298,7.01431,7.01973,7.03672,0.0434356,6.64809,6.67722,6.73948,7.02396,7.18746,7.28702,7.5171,24.3737,24.1209,24.4321,0.0466442,24.0055,24.1293,24.1888,24.4151,24.5837,24.7857,24.9964,24.5688,24.4162,24.4239,0.0369901,24.0503,24.13,24.2043,24.4217,24.5603,24.5977,24.8166,-9999,-9999
202307041330,202307041400,16.29,0,14.345,16.29,0,1056.03,698.68,0,582.227,698.68,0,326.44,0,333.782,326.44,0,331.102,0,338.39,331.102,0,7.806,0,3.213,7.806,0,99.2,99.314,99.2,0,0,0.094,0,0,5.74,4.522,5.74,0,222.4,1.279,57.87,534.45,1386.35,483.48,29.63,61.85,399.15,398.33,0,12.45,12.32,12.16,12.03,11.31,9.94,0,0,0,0,0,0,20.43,19.99,25.906,23.282,10.686,0,3,3,3,3,3.68,0,189.32,0,247.587,203.692,343.253,38.5984,2,42,110.421,225.63,0,295.073,242.758,409.086,45.4189,2,13,131.397,396,1,0,-15.85,-15.85,0,0,3.04804,2.88246,2,2,52,44,3.04804,2.88246,-15.85,-15.85,0,0,2.98975,2.88246,2,2,51,44,2.98975,2.88246,-15.85,-15.85,1,1,0.00000000000000199111,0.00000000000000199111,-15.85,-15.85,-15.85,-15.85,-15.85,-15.85,-15.85,-15.85,-15.85,-15.85,-15.85,-15.85,-15.85,-15.85,0,0,0,0,0,0,0,0,0,0,0,0,0,0,7.09006,7.19551,7.04464,0.0272965,6.68378,6.80223,6.98689,7.10047,7.1663,7.1867,7.21117,7.06526,7.1867,7.07484,0.0220243,6.68715,6.96203,7.02589,7.07496,7.18516,7.19551,7.21117,22.9401,23.0455,22.8946,0.0272965,22.5338,22.6522,22.8369,22.9505,23.0163,23.0367,23.0612,23.0423,23.0367,22.9248,0.0220242,22.5372,22.812,22.8759,22.925,23.0352,23.0455,23.0612,7.17132,6.68249,7.01075,0.0528557,6.53209,6.64512,6.73023,6.99647,7.1744,7.34739,7.50348,6.99125,6.99647,7.01446,0.0417037,6.64093,6.66778,6.72909,7.00058,7.16472,7.25383,7.4586,23.6947,23.4406,23.7286,0.0446187,23.2583,23.4454,23.5066,23.7142,23.8734,24.0696,24.1984,23.8734,23.7138,23.7292,0.0348556,23.3987,23.4454,23.5081,23.7182,23.8589,23.9182,24.0696,-9999,-9999
202307041400,202307041430,16.57,0,15.122,16.57,0,1014.98,557.94,0,640.652,557.94,0,341.87,0,327.524,341.87,0,362.205,0,330.997,362.205,0,7.727,0,3.18,7.727,0,99.21,99.346,99.21,0,0,0.775,0,0,5.23,4.216,5.23,0,220.7,1.264,59.03,428.31,1119.78,582.41,24.33,51.68,400.41,397.67,0,12.5,12.36,12.18,12.02,11.31,9.95,0,0,0,0,0,0,20.38,19.956,25.876,23.268,10.678,0,3,3,3,3,4,0,176.85,0,231.179,190.275,317.424,32.8819,1,6,99.825,191.38,0,250.173,205.908,343.503,20.8864,1,6,104.114,397,1,0,-18.82,-18.82,0,0,3.70165,3.70165,1,1,6,6,3.70165,3.70165,-18.82,-18.82,0,0,3.70165,3.70165,1,1,6,6,3.70165,3.70165,-18.82,-18.82,1,1,0.00000000000000227556,0.00000000000000227556,-18.82,-18.82,-18.82,-18.82,-18.82,-18.82,-18.82,-18.82,-18.82,-18.82,-18.82,-18.82,-18.82,-18.82,0,0,0,0,0,0,0,0,0,0,0,0,0,0,7.15393,7.26806,7.11156,0.028296,6.73072,6.87192,7.05515,7.17162,7.23643,7.25822,7.28474,7.12895,7.25822,7.14049,0.0230963,6.7347,7.02827,7.09028,7.13774,7.25654,7.26806,7.28474,25.9739,26.0881,25.9316,0.028296,25.5507,25.6919,25.8752,25.9916,26.0564,26.0782,26.1047,26.0842,26.0782,25.9605,0.0230963,25.5547,25.8483,25.9103,25.9577,26.0765,26.0881,26.1047,7.25611,6.72079,7.0933,0.0594897,6.65421,6.68153,6.77972,7.06609,7.26165,7.45824,7.63882,7.06061,7.06609,7.0897,0.045566,6.67716,6.71841,6.77972,7.07027,7.25092,7.34876,7.59355,22.0017,21.7477,21.9809,0.0407576,21.4592,21.7236,21.7762,21.9804,22.1107,22.2342,22.3265,22.1401,21.9702,22.0006,0.0311706,21.7099,21.7516,21.784,21.9949,22.1249,22.2193,22.2524,-9999,-9999
202307041430,202307041500,16.82,0,15.181,16.82,0,963.926,650.31,0,608.37,650.31,0,337,0,327.524,337,0,335.116,0,330.997,335.116,0,7.441,0,3.774,7.441,0,99.23,99.339,99.23,0,0,0.775,0,0,5.86,4.6,5.86,0,219.1,1.25,61.17,508.81,1310.74,508.06,29.02,61.9,402.29,397.37,0,12.55,12.4,12.19,12.02,11.31,9.95,0,0,0,0,0,0,20.34,19.924,25.848,23.252,10.672,0,3,3,3,3,4.35,0,169.51,0,221.584,181.593,304.249,32.8005,2,46,96.659,189.734,1,248.022,203.259,340.549,44.5651,2,18,111.101,398,1,0,-16.89,-16.89,0,0,3.12018,2.87716,2,2,53,45,3.12018,2.87716,-16.89,-16.89,0,0,2.99281,2.86334,2,2,52,44,2.99281,2.86334,-16.89,-16.89,1,1,0.00000000000000170667,0.00000000000000170667,-16.89,-16.89,-16.89,-16.89,-16.89,-16.89,-16.89,-16.89,-16.89,-16.89,-16.89,-16.89,-16.89,-16.89,0,0,0,0,0,0,0,0,0,0,0,0,0,0,7.21031,7.33223,7.17074,0.0292132,6.77179,6.93396,7.11534,7.23316,7.29842,7.32168,7.35006,7.1854,7.32168,7.19858,0.0240825,6.7763,7.08664,7.14184,7.19479,7.31989,7.33223,7.35006,24.1003,24.2222,24.0607,0.0292132,23.6618,23.824,24.0053,24.1232,24.1884,24.2117,24.2401,24.2181,24.2117,24.0886,0.0240825,23.6663,23.9766,24.0318,24.0848,24.2099,24.2222,24.2401,7.33131,6.75461,7.16734,0.0656687,6.70364,6.73447,6.82572,7.12802,7.37097,7.55861,7.77296,7.12232,7.12802,7.15743,0.0490617,6.70899,6.76221,6.82572,7.13225,7.32917,7.43391,7.7123,23.1937,22.9389,23.212,0.0435217,22.7143,22.9429,23.0004,23.1993,23.3491,23.5153,23.6173,23.3669,23.1979,23.2208,0.0332304,22.906,22.9441,23.0004,23.2069,23.3525,23.4174,23.5153,-9999,-9999
202307041500,202307041530,16.9,0,15.24,16.9,0,903.747,561.01,0,489.344,561.01,0,329.22,0,336.227,329.22,0,347.351,0,341.277,347.351,0,7.502,0,4.368,7.502,0,99.23,99.333,99.23,0,0,0.058,0,0,5.48,4.983,5.48,0,214.1,1.331,61.05,403.27,1134.81,369.38,25,52.86,402.28,398.32,0,12.61,12.44,12.21,12.02,11.3,9.95,0,0,0,0,0,0,20.29,19.892,25.818,23.236,10.664,0,3,3,3,3,4.81,0,204.05,0,266.735,218.596,366.244,40.1815,2,37,116.593,224.78,0,293.834,240.803,403.452,45.828,2,14,128.986,398,1,0,-14.61,-14.61,0,0,2.89628,2.83329,2,2,52,46,2.89628,2.83329,-14.61,-14.61,0,0,2.87065,2.83329,2,2,51,46,2.87065,2.83329,-14.61,-14.61,1,1,0.00000000000000170667,0.00000000000000170667,-14.61,-14.61,-14.61,-14.61,-14.61,-14.61,-14.61,-14.61,-14.61,-14.61,-14.61,-14.61,-14.61,-14.61,0,0,0,0,0,0,0,0,0,0,0,0,0,0,7.22448,7.34879,7.18611,0.0295341,6.78033,6.95231,7.12979,7.24778,7.31431,7.33934,7.36834,7.20101,7.33934,7.21391,0.0244308,6.78498,7.10056,7.15501,7.21061,7.33751,7.34879,7.36834,21.8345,21.9588,21.7961,0.0295341,21.3903,21.5623,21.7398,21.8578,21.9243,21.9493,21.9783,21.9559,21.9493,21.8239,0.0244308,21.395,21.7106,21.765,21.8206,21.9475,21.9588,21.9783,7.35462,6.7652,7.19189,0.0676232,6.71855,6.74506,6.8445,7.1483,7.41232,7.59458,7.82627,7.1426,7.1483,7.18144,0.0500059,6.72251,6.79122,6.85143,7.1525,7.35854,7.46156,7.74335,22.0734,21.8194,22.0576,0.0411595,21.5259,21.8095,21.8579,22.0532,22.1852,22.3041,22.4152,22.2234,22.0465,22.0796,0.0309921,21.78,21.8234,21.8748,22.0701,22.2089,22.291,22.3352,-9999,-9999
202307041530,202307041600,17.09,0,14.83,17.09,0,835.474,644.72,0,452.309,644.72,0,333.24,0,336.227,333.24,0,318.264,0,341.277,318.264,0,8.571,0,3.984,8.571,0,99.23,99.343,99.23,0,0,0.058,0,0,6.01,5.085,6.01,0,224.6,1.141,56.03,477.8,1298.09,429.36,29.56,65.28,403.56,398.55,0,12.67,12.48,12.23,12.01,11.3,9.95,0,0,0,0,0,0,20.26,19.862,25.788,23.22,10.656,0,3,3,3,3,4.97,0,77.78,0,101.674,83.3245,139.605,28.1765,2,44,50.3439,208.99,0,273.193,223.888,375.111,45.4189,2,17,120.952,398,1,0,-15.32,-15.32,0,0,2.89628,2.83329,2,2,52,46,2.89628,2.83329,-15.32,-15.32,0,0,2.87065,2.83329,2,2,51,46,2.87065,2.83329,-15.32,-15.32,1,1,0.000000000000000568889,0.000000000000000568889,-15.32,-15.32,-15.32,-15.32,-15.32,-15.32,-15.32,-15.32,-15.32,-15.32,-15.32,-15.32,-15.32,-15.32,0,0,0,0,0,0,0,0,0,0,0,0,0,0,7.26587,7.39612,7.22978,0.0302581,6.80977,6.99896,7.17376,7.29029,7.35998,7.38662,7.41705,7.24299,7.38662,7.25685,0.0252095,6.8148,7.14316,7.19292,7.25306,7.38471,7.39612,7.41731,22.5859,22.7161,22.5498,0.030258,22.1298,22.319,22.4938,22.6103,22.68,22.7066,22.7371,22.7135,22.7066,22.5769,0.0252095,22.1348,22.4632,22.5129,22.5731,22.7047,22.7161,22.7373,7.41084,6.79043,7.2485,0.0724915,6.74198,6.77025,6.88113,7.19509,7.50572,7.67304,7.94726,7.18925,7.19509,7.23388,0.0526476,6.74594,6.83952,6.90016,7.1993,7.42004,7.52667,7.82948,23.1582,22.903,23.1775,0.0437299,22.6662,22.9068,22.9711,23.1642,23.3106,23.4669,23.5793,23.3391,23.1628,23.1893,0.0327719,22.868,22.9197,22.9816,23.1718,23.3253,23.3833,23.4669,-9999,-9999
202307041600,202307041630,17.06,0,14.42,17.06,0,760.275,561.36,0,475.172,561.36,0,315.62,0,327.394,315.62,0,319.971,0,330.843,319.971,0,9.069,0,3.599,9.069,0,99.25,99.353,99.25,0,0,0.01,0,0,5.78,5.186,5.78,0,221.8,1.295,53.39,384.35,1140.53,284.94,26.69,58.35,402.87,398.44,0,12.73,12.52,12.25,12.01,11.3,9.95,0,0,0,0,0,0,20.22,19.834,25.758,23.204,10.648,0,3,3,3,3,4.99,0,152.29,0,199.074,163.146,273.341,32.6423,2,53,87.9674,177.409,1,231.91,190.056,318.427,45.0063,2,17,105.267,398,1,0,-13.02,-13.02,0,0,2.87065,2.88246,2,2,45,36,2.87065,2.88246,-13.02,-13.02,0,0,2.84051,2.88246,2,2,44,36,2.84051,2.88246,-13.02,-13.02,1,1,0.00000000000000113778,0.00000000000000113778,-13.02,-13.02,-13.02,-13.02,-13.02,-13.02,-13.02,-13.02,-13.02,-13.02,-13.02,-13.02,-13.02,-13.02,0,0,0,0,0,0,0,0,0,0,0,0,0,0,7.25273,7.38185,7.21679,0.0301859,6.79731,6.98901,7.1586,7.27695,7.34603,7.37462,7.40486,7.23217,7.37462,7.24451,0.0251352,6.80222,7.1283,7.18127,7.2422,7.37271,7.38185,7.40491,20.2727,20.4018,20.2368,0.0301859,19.8173,20.009,20.1786,20.2969,20.366,20.3946,20.4249,20.4015,20.3946,20.2645,0.0251352,19.8222,20.1483,20.2013,20.2622,20.3927,20.4018,20.4249,7.40062,6.78609,7.24087,0.0716053,6.73702,6.76596,6.88228,7.18849,7.49542,7.66702,7.93361,7.18278,7.18849,7.22951,0.0519198,6.74096,6.8506,6.90233,7.19262,7.4177,7.51696,7.80359,22.1068,21.8528,22.0949,0.0415127,21.5522,21.85,21.9005,22.0875,22.2199,22.3353,22.4643,22.2676,22.0836,22.1196,0.0307905,21.8117,21.8793,21.931,22.1002,22.2537,22.3243,22.3788,-9999,-9999
202307041630,202307041700,16.38,0,15.17,16.38,0,679.435,147.12,0,424.539,147.12,0,343.74,0,327.394,343.74,0,375.332,0,330.843,375.332,0,7.869,0,4.901,7.869,0,99.26,99.372,99.26,0,0,0.01,0,0,5.25,4.999,5.25,0,224.2,1.062,57.77,78.29,309.14,261.67,7.19,12.72,397.9,399.59,0,12.78,12.56,12.27,12.02,11.29,9.95,0,0,0,0,0,0,20.18,19.808,25.732,23.188,10.642,0,3,3,3,3,4.9,0,120.96,0,158.12,129.583,217.108,34.8425,2,49,73.6454,-13.785,1,-18.0088,-24.7423,-14.7676,18.6078,2,172,20.0231,398,1,0,-3.975,-3.975,1,1,2.98187,3.78546,2,2,11,4,3.04412,3.83469,-3.975,-3.975,1,1,2.98187,3.78546,2,2,11,4,3.04412,3.83469,-4.18599,-4.41531,1,1,0.0708191,0.0876755,-5.2,-5.2,-3.975,-3.975,-3.975,-3.975,-3.975,-5.2,-5.2,-5.2,-3.975,-3.975,-3.975,-3.975,1,1,1,1,1,1,1,1,1,1,1,1,1,1,7.07894,7.18633,7.03697,0.0278195,6.66129,6.81227,6.96955,7.0991,7.16078,7.18633,7.21331,7.06565,7.18798,7.06928,0.022628,6.66454,6.94443,7.01961,7.07413,7.18633,7.19007,7.21331,11.0539,11.1613,11.4523,0.0787115,10.8626,11.0378,11.0743,11.1613,11.8817,12.1695,12.2111,11.1687,11.163,11.2553,0.0666301,10.841,10.9966,11.0124,11.0993,11.1867,11.8525,12.2111,7.19731,6.69501,7.04558,0.0544567,6.60224,6.67526,6.77587,7.02581,7.23354,7.41142,7.52701,7.02094,7.02581,7.05778,0.0416267,6.65301,6.74664,6.79484,7.02995,7.2257,7.28708,7.45961,11.052,10.8739,10.8928,0.0311498,10.3749,10.7891,10.8241,10.9061,11.0213,11.0628,11.1607,11.0628,10.9023,10.9704,0.0249404,10.7881,10.8167,10.8671,10.9454,11.0515,11.0654,11.3231,-9999,-9999
202307041700,202307041730,16.73,0,15.919,16.73,0,594.339,317.4,0,403.367,317.4,0,354.95,0,333.877,354.95,0,366.945,0,338.501,366.945,0,8.094,0,6.202,8.094,0,99.26,99.39,99.26,0,0,0.041,0,0,5.23,4.812,5.23,0,234.2,1.137,57.52,222.02,638.01,340.81,15.37,35.75,400.62,398.98,0,12.81,12.59,12.29,12.02,11.29,9.95,0,0,0,0,0,0,20.15,19.784,25.706,23.174,10.634,0,3,3,3,3,4.52,0,110.18,0,144.028,118.034,197.759,21.2791,1,7,62.8136,76.0825,1,99.4554,81.506,136.559,29.9463,2,11,50.6185,398,1,0,-11.2787,-11.6193,1,1,2.64036,3.01251,2,2,41,30,2.64584,3.01732,-11.2787,-11.6193,1,1,2.61945,3.01251,2,2,40,30,2.62498,3.01732,-11.4402,-11.4829,1,1,0.0289696,0.0282613,-11.82,-11.6193,-11.6193,-11.46,-11.2787,-11.2787,-11.2787,-11.6193,-11.6193,-11.6193,-11.6193,-11.2787,-11.2787,-11.2787,1,1,1,1,1,1,1,1,1,1,1,1,1,1,7.15977,7.27803,7.12154,0.0290819,6.72118,6.8998,7.05609,7.18197,7.24855,7.27803,7.30597,7.14589,7.27807,7.15218,0.0239666,6.72519,7.02843,7.09733,7.1552,7.27631,7.28132,7.30597,18.7791,18.8973,18.6044,0.0270937,18.3405,18.4122,18.4627,18.5754,18.718,18.8345,18.8831,18.5631,18.5568,18.5923,0.030119,18.3308,18.3869,18.4548,18.5631,18.6761,18.7449,18.9006,7.30044,6.74166,7.14762,0.0629505,6.69301,6.73622,6.83173,7.11079,7.34785,7.55067,7.74178,7.10562,7.11079,7.15115,0.0464934,6.69689,6.82375,6.87269,7.11527,7.33385,7.40589,7.62086,17.3837,17.15,17.2717,0.036334,16.6686,17.1054,17.1263,17.2809,17.3732,17.4077,17.5984,17.4701,17.2744,17.3379,0.0276043,17.0916,17.1266,17.2185,17.3333,17.3898,17.4701,17.6935,-9999,-9999
202307041730,202307041800,16.71,0,15.85,16.71,0,506.442,149.98,0,343.549,149.98,0,349.58,0,333.877,349.58,0,378.509,0,338.501,378.509,0,7.956,0,6.375,7.956,0,99.28,99.389,99.28,0,0,0.041,0,0,5.2,4.496,5.2,0,228.7,1.075,58.19,85.54,310.41,274.42,7.11,13.57,399.88,398.65,0,12.82,12.61,12.32,12.02,11.29,9.95,0,0,0,0,0,0,20.12,19.762,25.682,23.162,10.628,0,3,3,3,3,4.3,0,97.02,0,126.825,103.936,174.139,33.9234,2,36,62.121,3.604,1,4.71117,3.86091,6.46873,21.7989,2,41,21.8844,398,1,0,-3.41,-3.41,0,0,3.25464,3.78546,2,2,12,4,3.25464,3.78546,-3.41,-3.41,0,0,3.25464,3.78546,2,2,12,4,3.25464,3.78546,-3.41,-3.41,1,1,0.000000000000000355556,0.000000000000000355556,-3.41,-3.41,-3.41,-3.41,-3.41,-3.41,-3.41,-3.41,-3.41,-3.41,-3.41,-3.41,-3.41,-3.41,0,0,0,0,0,0,0,0,0,0,0,0,0,0,7.1492,7.26666,7.11121,0.0290545,6.7107,6.89247,7.04374,7.17125,7.23939,7.26666,7.29662,7.13752,7.26883,7.14242,0.0239413,6.7146,7.01631,7.08684,7.14682,7.26666,7.27153,7.29662,10.5592,10.6767,10.5212,0.0290545,10.1207,10.3025,10.4537,10.5813,10.6494,10.6767,10.7066,10.6851,10.6788,10.5524,0.0239413,10.1246,10.4263,10.4968,10.5568,10.6767,10.6815,10.7066,7.29384,6.73886,7.14315,0.0623825,6.6896,6.73622,6.83099,7.10695,7.34354,7.54824,7.73432,7.10189,7.10695,7.14938,0.045996,6.69347,6.83539,6.88354,7.11171,7.33412,7.39961,7.60213,11.2141,11.0365,11.0605,0.0310754,10.5337,10.9641,10.9932,11.0766,11.1795,11.2402,11.3149,11.2402,11.0724,11.1425,0.0252752,10.9637,10.9773,11.0296,11.1171,11.2295,11.2482,11.5035,-9999,-9999
202307041800,202307041830,14.65,0,15.78,14.65,0,417.248,57.92,0,269.794,57.92,0,365.02,0,335.07,365.02,0,373.852,0,339.911,373.852,0,4.363,0,6.549,4.363,0,99.29,99.387,99.29,0,0.69,0.073,0.69,0,4.32,4.181,4.32,0,226.6,0.907,73.84,24.85,122.34,110.71,2.83,8.92,388.18,400.35,0,12.84,12.64,12.34,12.02,11.29,9.95,0,0,0,0,0,0,20.09,19.742,25.662,23.15,10.622,0,3,3,3,3,4.08,0,117.8,0,153.989,126.197,211.436,27.6474,1,22,68.9706,-29.178,1,-38.1183,-52.3709,-31.258,19.2262,2,170,24.791,398,1,0,2.34,2.34,0,0,1.8523,2.06171,1,1,13,8,1.8523,2.06171,2.34,2.34,0,0,1.8523,2.06171,1,1,13,8,1.8523,2.06171,2.34,2.34,1,1,0.000000000000000355556,0.000000000000000355556,2.34,2.34,2.34,2.34,2.34,2.34,2.34,2.34,2.34,2.34,2.34,2.34,2.34,2.34,0,0,0,0,0,0,0,0,0,0,0,0,0,0,6.63717,6.69183,6.58103,0.0225497,6.30833,6.36527,6.49084,6.64656,6.68029,6.69888,6.72891,6.64222,6.71545,6.62452,0.0173474,6.31136,6.53073,6.62094,6.64656,6.69438,6.71545,6.72891,4.29717,4.35183,4.24103,0.0225497,3.96833,4.02527,4.15084,4.30656,4.3403,4.35888,4.38891,4.37851,4.37545,4.28452,0.0173474,3.97136,4.19073,4.28094,4.30656,4.35438,4.37545,4.38891,6.69614,6.46369,6.56553,0.0252967,6.24145,6.43233,6.46111,6.6195,6.68172,6.69614,6.7257,6.61662,6.6195,6.62784,0.0207591,6.42679,6.46111,6.49276,6.63575,6.70515,6.74043,6.81742,5.42003,5.3229,5.31191,0.019237,4.99749,5.26606,5.28584,5.32245,5.37372,5.42348,5.44791,5.42348,5.32245,5.37011,0.0164762,5.20472,5.28344,5.31719,5.3468,5.41763,5.43071,5.60694,-9999,-9999
202307041830,202307041900,12.98,0,15.409,12.98,0,328.283,40.71,0,212.041,40.71,0,363.2,0,335.07,363.2,0,368.561,0,339.911,368.561,0,1.918,0,5.832,1.918,0,99.34,99.395,99.34,0,1.34,0.073,1.34,0,3.34,4.306,3.34,0,239.8,0.606,87.18,17.97,87.09,77.24,1.91,5.41,379.52,401.3,0,12.84,12.65,12.36,12.03,11.28,9.95,0,0,0,0,0,0,20.06,19.724,25.644,23.14,10.614,0,3,3,3,3,3.72,0,67.81,0,88.6416,72.6438,121.71,30.5988,1,17,47.5316,-30.802,1,-40.2399,-55.2858,-32.9977,19.7468,2,166,25.747,398,1,0,3.51941,3.38111,1,1,1.8523,1.88011,2,2,39,18,1.85826,1.88868,3.51941,3.24731,1,1,1.8523,1.90425,2,2,39,16,1.85826,1.91272,3.44136,3.34007,1,1,0.0220249,0.0273519,3.15857,3.24731,3.38111,3.49657,3.51941,3.54469,3.605,3.1275,3.16,3.1655,3.38111,3.51941,3.51941,3.54469,1,1,1,1,1,1,1,1,1,1,1,1,1,1,6.22468,6.23229,6.15546,0.0186605,5.94307,5.98694,6.0484,6.22608,6.24093,6.26143,6.27193,6.24253,6.27193,6.20804,0.0142434,5.98244,6.08576,6.21681,6.24254,6.25697,6.26987,6.27426,2.97737,2.98498,2.81539,0.0188153,2.65585,2.69803,2.73505,2.78093,2.85982,2.96647,2.98585,2.75316,2.75252,2.76668,0.0142995,2.63463,2.66926,2.72987,2.74758,2.82095,2.84867,2.98413,6.22675,6.23772,6.11823,0.0398792,5.57485,5.74663,6.00255,6.21986,6.23369,6.25686,6.40465,6.22872,6.23001,6.21434,0.0202607,5.8842,6.17172,6.20339,6.23085,6.26664,6.26999,6.40024,4.0002,3.9271,3.91573,0.0149062,3.67257,3.88371,3.89688,3.92496,3.96551,4.0002,4.02245,4.00425,3.92496,3.96295,0.0130227,3.82849,3.89587,3.9219,3.9456,3.99997,4.01774,4.15065,-9999,-9999
202307041900,202307041930,12.42,0,15.038,12.42,0,241.07,25.81,0,155.229,25.81,0,365.53,0,328.858,365.53,0,367.058,0,332.573,367.058,0,1.057,0,5.114,1.057,0,99.37,99.403,99.37,0,0.19,0.001,0.19,0,3.43,4.431,3.43,0,230.4,0.58,92.67,10.8,55.22,48.79,1.18,2.84,377.05,402.22,0,12.83,12.66,12.37,12.04,11.28,9.95,0,0,0,0,0,0,20.04,19.708,25.628,23.13,10.608,0,3,3,3,3,3.42,0,45.85,0,59.9354,49.1184,82.295,17.7128,1,15,30.3081,-39.2859,1,-51.3233,-70.5133,-42.0864,19.8744,2,125,28.9663,398,1,0,3.93435,3.64125,1,1,1.5637,1.32593,2,2,46,24,1.58417,1.34564,3.93435,3.42667,1,1,1.5637,1.90425,2,2,46,18,1.58417,1.91803,3.78964,3.63529,1,1,0.0337602,0.0327324,3.42667,3.42667,3.64125,3.8856,3.93435,3.93435,4.0231,3.42667,3.42667,3.42667,3.64125,3.82857,3.8856,3.93435,1,1,1,1,1,1,1,1,1,1,1,1,1,1,6.08405,6.07667,6.01103,0.0177483,5.80155,5.86816,5.89772,6.07492,6.08405,6.11987,6.12238,6.10712,6.12238,6.06671,0.0138682,5.86816,5.93411,6.06546,6.10777,6.11987,6.12225,6.12448,2.65738,2.65,2.37575,0.0276612,2.0461,2.18803,2.21455,2.41245,2.47312,2.50791,2.65285,2.1879,2.18803,2.27707,0.0271941,2.08467,2.12394,2.18749,2.22151,2.41896,2.47099,2.65,6.07565,6.16273,5.97443,0.0489562,5.23846,5.51936,5.79482,6.10335,6.14072,6.15604,6.31661,6.10257,6.10335,6.07968,0.0247278,5.68801,5.99601,6.09269,6.10573,6.1303,6.14365,6.30443,2.65118,2.60193,2.59246,0.0103164,2.42436,2.57256,2.58031,2.59958,2.62823,2.65118,2.66696,2.65522,2.59958,2.62656,0.00919117,2.53004,2.57986,2.59744,2.61706,2.65243,2.66696,2.75936,-9999,-9999
202307041930,202307042000,12.15,0,14.933,12.15,0,157.1,29.28,0,100.78,29.28,0,353.36,0,328.858,353.36,0,365.946,0,332.573,365.946,0,0.745,0,4.937,0.745,0,99.41,99.422,99.41,0,0.21,0.001,0.21,0,3.88,4.311,3.88,0,232.2,0.665,94.74,2.76,60.73,53.31,1.23,3.42,375.62,402.93,0,12.81,12.67,12.39,12.04,11.28,9.95,0,0,0,0,0,0,20.03,19.708,25.616,23.12,10.602,0,3,3,3,3,2.99,0,42.37,0,55.3863,45.3903,76.0488,13.2313,1,12,26.2979,-84.62,0,-110.548,-151.882,-90.6521,29.2207,1,12,53.9818,398,1,0,3.02,3.02,0,0,1.60934,2.06171,1,2,10,15,1.60934,2.06272,3.02,3.02,0,0,1.60934,2.06171,1,2,10,15,1.60934,2.06272,3.04364,3.06683,1,1,0.0176205,0.0206454,3.02,3.02,3.02,3.02,3.02,3.02,3.14867,3.02,3.02,3.02,3.02,3.02,3.14867,3.25556,0,0,0,0,0,0,1,0,0,0,0,0,1,1,6.01401,5.99953,5.93942,0.0174065,5.73264,5.81007,5.82243,5.99953,6.01401,6.04673,6.05046,6.04041,6.0489,5.99674,0.0138447,5.81007,5.85821,5.99953,6.0401,6.04841,6.0501,6.05895,2.99401,2.97953,2.87259,0.0347909,2.16181,2.6677,2.80244,2.97953,2.99401,3.02673,3.03046,3.02841,3.0289,2.9531,0.0281591,2.6614,2.83821,2.97953,3.0201,3.02841,3.0301,3.03895,6.00626,6.12773,5.9076,0.05336,5.08321,5.41262,5.70286,6.04439,6.10756,6.11521,6.27427,6.04439,6.04493,6.01675,0.0271566,5.59531,5.9109,6.02903,6.04507,6.06647,6.11047,6.25818,2.97936,2.9249,2.91556,0.0113867,2.72785,2.89447,2.90061,2.92398,2.95627,2.97936,2.99655,2.98694,2.92398,2.95413,0.0102462,2.84958,2.90011,2.92111,2.94503,2.98396,2.99655,3.10276,-9999,-9999
202307042000,202307042030,12.34,0,14.828,12.34,0,77.8113,12.27,0,111.38,12.27,0,350.41,0,337.534,350.41,0,367.963,0,342.821,367.963,0,0.646,0,4.76,0.646,0,99.43,99.442,99.43,0,0,0.003,0,0,3.86,4.191,3.86,0,230.8,0.688,95.5,-15.41,27.23,23.05,0.54,0.75,376.35,403.86,0,12.79,12.67,12.4,12.05,11.27,9.95,0,0,0,0,0,0,20.01,19.798,25.61,23.114,10.598,0,3,3,3,3,2.58,0,24.14,0,31.5559,25.8608,43.3283,13.6029,1,20,18.7803,-60.81,0,-79.4425,-109.146,-65.1448,31.2602,1,20,45.1788,398,1,0,5.87,5.87,0,0,1.48076,1.64003,1,1,13,9,1.48076,1.64003,5.87,5.87,0,0,1.48076,1.64003,1,1,13,9,1.48076,1.64003,5.87,5.86644,1,1,0.000000000000000426667,0.00356481,5.87,5.87,5.87,5.87,5.87,5.87,5.87,5.87,5.87,5.87,5.87,5.87,5.87,5.87,0,0,0,0,0,0,0,0,0,0,0,0,0,0,6.05511,6.04553,5.9823,0.0177289,5.77796,5.84089,5.86539,6.04448,6.05511,6.09344,6.09574,6.08213,6.09504,6.03909,0.0139865,5.84089,5.90229,6.03771,6.08347,6.09344,6.09504,6.09913,0.185105,0.175529,0.115867,0.0173115,-0.0920405,-0.0231481,-0.00197649,0.174478,0.185105,0.223435,0.225736,0.224818,0.225039,0.169085,0.0139865,-0.0291061,0.0322947,0.167709,0.213472,0.223435,0.225039,0.229133,6.0632,6.1559,5.95995,0.0500939,5.19822,5.49135,5.78149,6.09317,6.13438,6.14736,6.30427,6.09249,6.09317,6.06653,0.0253297,5.66338,5.97584,6.0779,6.09485,6.11774,6.13731,6.29092,1.31578,1.29124,1.28592,0.00529897,1.19888,1.27738,1.27971,1.28955,1.30401,1.31578,1.32246,1.31992,1.29025,1.30466,0.00487398,1.25403,1.27973,1.28916,1.30175,1.31863,1.3235,1.37546,-9999,-9999
202307042030,202307042100,12.27,0,14.447,12.27,0,11.1374,0.48,0,4.185,0.48,0,362.77,0,337.534,362.77,0,367.576,0,342.821,367.576,0,0.59,0,4.38,0.59,0,99.47,99.458,99.47,0,0.05,0.003,0.05,0,3.86,4.025,3.86,0,236.9,0.702,95.87,-12.63,5.26,2.5,0.07,-3.27,375.46,405.85,0,12.76,12.66,12.41,12.05,11.27,9.95,0,0,0,0,0,0,20.08,19.828,25.608,23.11,10.596,0,3,3,3,3,1.98,0,20.07,0,26.2356,21.5007,36.0231,11.0071,1,21,15.3964,-67.54,0,-88.2346,-121.226,-72.3545,30.8039,1,22,47.5535,398,1,0,5.62,5.62,0,0,0.994196,0.908411,1,1,12,9,0.994196,0.908411,5.62,5.62,0,0,0.994196,0.908411,1,1,12,9,0.994196,0.908411,5.62,5.62536,1,1,0.000000000000000426667,0.00535577,5.62,5.62,5.62,5.62,5.62,5.62,5.62,5.62,5.62,5.62,5.62,5.62,5.62,5.62,0,0,0,0,0,0,0,0,0,0,0,0,0,0,6.03342,6.02198,5.96051,0.0176794,5.75873,5.8215,5.84157,6.02149,6.03342,6.07223,6.07457,6.06259,6.0736,6.01798,0.0140379,5.8215,5.87862,6.01962,6.06259,6.07223,6.0736,6.07959,0.413424,0.401977,0.335154,0.0195272,0.0617113,0.201503,0.221568,0.401489,0.413424,0.452225,0.454571,0.453293,0.453599,0.397983,0.0140379,0.201503,0.258616,0.399621,0.44259,0.452225,0.453599,0.459594,6.04895,6.14845,5.94502,0.0511655,5.16048,5.46525,5.7644,6.08064,6.12742,6.13824,6.29346,6.08064,6.08126,6.0526,0.0259094,5.64058,5.95601,6.06439,6.08126,6.10401,6.13034,6.27901,0.0534824,0.0524738,0.0522255,0.000223312,0.0485589,0.0518498,0.0519913,0.0523926,0.0529473,0.0534824,0.0536982,0.0536934,0.0524242,0.0530452,0.000209473,0.0508628,0.0519942,0.0523782,0.0528675,0.0536427,0.0537414,0.0560927,-9999,-9999
202307042100,202307042130,11.98,0,14.066,11.98,0,0,0,0,0,0,0,362.42,0,334.96,362.42,0,366.802,0,339.78,366.802,0,0.144,0,3.999,0.144,0,99.5,99.474,99.5,0,0.01,0.008,0.01,0,3.9,3.859,3.9,0,231.7,0.65,98.97,-12.74,1.51,0.75,-0.02,-3.85,374.2,406.58,0,12.73,12.64,12.42,12.06,11.27,9.95,0,0,0,0,0,0,20.07,19.856,25.61,23.108,10.598,0,3,3,3,3,1.71,0,-2.52,0,-3.29214,-4.52308,-2.69964,11.2841,1,19,11.3648,-50.1731,1,-65.5464,-90.0545,-53.7497,20.937,2,73,34.0974,398,1,1,3.9,3.9,0,0,0.860472,0.957265,1,1,14,11,0.860472,0.957265,3.9,3.9,0,0,0.860472,0.957265,1,1,14,11,0.860472,0.957265,3.94761,3.99597,1,1,0.0476129,0.0669866,3.9,3.9,3.9,3.9,3.9,3.9,3.9,3.9,3.9,3.9,3.9,3.9,3.9,3.9,0,0,0,0,0,0,0,0,0,0,0,0,0,0,5.95881,5.93983,5.8842,0.0173405,5.68504,5.75974,5.76651,5.93983,5.95881,5.99342,5.9984,5.99135,5.99516,5.94337,0.0140525,5.75974,5.79787,5.93983,5.99063,5.99589,5.9984,6.00964,2.05881,2.03983,1.88823,0.0749893,-0.0908604,1.85974,1.86651,2.03983,2.05881,2.09342,2.0984,2.09448,2.09516,1.99575,0.0555566,1.85974,1.89787,2.03983,2.09063,2.09589,2.0984,2.10964,5.97537,6.11115,5.87365,0.0559013,4.99523,5.35101,5.66949,6.01857,6.09226,6.09804,6.24835,6.01857,6.01895,5.98487,0.028573,5.54124,5.86477,5.99325,6.01904,6.03563,6.09412,6.22932,0,0,0,0,0,0,0,0,0,0,0,0,0,0,0,0,0,0,0,0,0,0,-9999,-9999
202307042130,202307042200,12.01,0,13.574,12.01,0,0,0,0,0,0,0,370.69,0,334.96,370.69,0,367.597,0,339.78,367.597,0,0,0,3.362,0,0,99.52,99.517,99.52,0,0.63,0.008,0.63,0,3.33,3.844,3.33,0,229.2,0.623,100,-4.4,0.66,0.68,-0.05,-3.96,374.66,407.2,0,12.7,12.63,12.42,12.06,11.27,9.95,0,0,0,0,0,0,20.07,19.884,25.614,23.108,10.598,0,3,3,3,3,1.45,0,5.1511,1,6.73354,5.51829,9.24557,10.7273,2,267,11.0774,-23.14,0,-30.2302,-41.5334,-24.7895,34.7987,1,25,36.9461,398,1,1,4.38,4.38,0,0,1.12142,1.09953,1,1,14,12,1.12142,1.09953,4.38,4.38,0,0,1.12142,1.09953,1,1,14,12,1.12142,1.09953,4.41561,4.48609,1,1,0.0356129,0.0596841,4.38,4.38,4.38,4.38,4.38,4.38,4.38,4.38,4.38,4.38,4.38,4.38,4.38,5.745,0,0,0,0,0,0,0,0,0,0,0,0,0,1,5.96129,5.94304,5.88729,0.0174348,5.69064,5.75969,5.768,5.94304,5.96129,5.99777,6.00242,5.99538,5.99972,5.94668,0.0141359,5.75969,5.80027,5.94304,5.99476,5.9999,6.00175,6.01308,1.58129,1.56304,1.4012,0.0704321,-0.113882,1.37969,1.388,1.56304,1.58129,1.61777,1.62242,1.61909,1.61972,1.53107,0.0439244,1.37969,1.42027,1.56304,1.61476,1.6199,1.62175,1.63308,5.98865,6.11749,5.88462,0.0553103,5.01595,5.36513,5.68967,6.02987,6.0984,6.10436,6.2533,6.02987,6.03027,5.99542,0.0282205,5.55332,5.87752,6.00617,6.03037,6.04697,6.1013,6.2346,0,0,0,0,0,0,0,0,0,0,0,0,0,0,0,0,0,0,0,0,0,0,-9999,-9999
202307042200,202307042230,12.09,0,13.081,12.09,0,0,0,0,0,0,0,370.89,0,331.148,370.89,0,368.273,0,335.278,368.273,0,0,0,2.725,0,0,99.53,99.56,99.53,0,0.05,0.01,0.05,0,3.68,3.83,3.68,0,230.1,0.711,100,-5.1,0.65,0.68,-0.05,-3.04,375.25,407.77,0,12.67,12.61,12.42,12.07,11.26,9.95,0,0,0,0,0,0,20.07,19.92,25.618,23.11,10.6,0,3,3,3,3,1.31,0,5.12313,1,6.69699,5.48833,9.19538,10.7225,2,267,11.069,-62.56,0,-81.7287,-112.287,-67.0195,32.1487,1,29,46.4713,398,1,1,6.42,6.42,0,0,1.02618,0.990895,1,1,14,13,1.02618,0.990895,6.42,6.42,0,0,1.02618,0.990895,1,1,14,13,1.02618,0.990895,6.40461,6.37309,1,1,0.0153871,0.026428,6.42,6.42,6.42,6.42,6.42,6.42,6.42,5.80452,6.42,6.42,6.42,6.42,6.42,6.42,0,0,0,0,0,0,0,1,0,0,0,0,0,0,5.97579,5.95955,5.90276,0.0175985,5.70861,5.76925,5.77804,5.95955,5.97579,6.01491,6.01888,6.01115,6.01722,5.96215,0.0142308,5.76925,5.81562,5.95955,6.01085,6.01514,6.01829,6.02798,-0.444211,-0.460448,-0.47033,0.0227548,-0.65075,-0.642077,-0.603244,-0.456892,-0.40522,-0.40131,-0.114431,-0.403296,-0.402777,-0.442467,0.0155492,-0.642504,-0.603244,-0.459223,-0.408851,-0.403296,-0.40131,-0.389101,6.01528,6.13055,5.90837,0.0538893,5.06574,5.39931,5.72712,6.05251,6.11086,6.11734,6.266,6.05251,6.05296,6.01821,0.0274025,5.58282,5.9065,6.0309,6.05251,6.07071,6.11377,6.24846,0,0,0,0,0,0,0,0,0,0,0,0,0,0,0,0,0,0,0,0,0,0,-9999,-9999
202307042230,202307042300,12.25,0,12.904,12.25,0,0,0,0,0,0,0,366.7,0,331.148,366.7,0,369.626,0,335.278,369.626,0,0,0,2.481,0,0,99.57,99.574,99.57,0,0,0.01,0,0,3.69,3.742,3.69,0,234.3,0.661,100,-10.16,0.65,0.67,-0.05,-3.12,375.95,407.69,0,12.64,12.6,12.42,12.07,11.26,9.95,0,0,0,0,0,0,20.06,19.837,25.62,23.11,10.6,0,3,3,3,3,1.21,0,2.07,0,2.70591,2.21756,3.71539,10.4138,1,25,10.4729,-38.49,0,-50.2835,-69.0847,-41.2337,30.6405,1,30,36.947,398,1,1,4.99,4.99,0,0,0.904573,0.904573,1,1,13,13,0.904573,0.904573,4.99,4.99,0,0,0.904573,0.904573,1,1,13,13,0.904573,0.904573,4.99,5.01111,1,1,0.000000000000000284445,0.0211058,4.99,4.99,4.99,4.99,4.99,4.99,4.99,4.99,4.99,4.99,4.99,4.99,4.99,4.99,0,0,0,0,0,0,0,0,0,0,0,0,0,0,6.00949,5.99734,5.93803,0.0178839,5.7464,5.80049,5.81308,5.99721,6.00949,6.05412,6.05637,6.0457,6.05544,5.99704,0.0143613,5.79414,5.85169,5.99734,6.04573,6.05412,6.05544,6.06117,1.01949,1.00734,0.926924,0.0301564,0.676316,0.804145,0.823079,1.00721,1.01949,1.06412,1.06637,1.06515,1.06544,1.00704,0.0143613,0.804145,0.861691,1.00734,1.05573,1.06412,1.06544,1.07117,6.06316,6.15427,5.95262,0.0511365,5.16287,5.46587,5.7919,6.09319,6.13471,6.1454,6.29099,6.09319,6.09375,6.06063,0.0258685,5.64037,5.96152,6.07752,6.09319,6.11426,6.13624,6.27602,0,0,0,0,0,0,0,0,0,0,0,0,0,0,0,0,0,0,0,0,0,0,-9999,-9999
202307042300,202307042330,12.19,0,12.727,12.19,0,0,0,0,0,0,0,332.805,1,344.64,332.805,1,369.118,0,351.216,369.118,0,0,0,2.236,0,0,99.6,99.588,99.6,0,0,0.002,0,0,3.24,3.654,3.24,0,231.8,0.557,100,-9999,0.66,-9999,-0.05,-9999,-9999,408.63,0,12.62,12.58,12.42,12.07,11.26,9.95,0,0,0,0,0,0,20.06,19.825,25.62,23.11,10.6,0,3,3,3,3,1.1,0,5.07305,1,6.63152,5.43468,9.10549,10.721,2,267,11.0609,-28.68,0,-37.4906,-51.477,-30.7244,30.8068,1,33,34.4343,399,1,1,5.9914,6.00136,1,1,1.50369,1.28376,2,2,71,51,1.50506,1.28605,5.9914,5.9814,1,1,1.50369,1.09953,2,2,71,49,1.50506,1.10221,5.92752,5.92811,1,1,0.0100712,0.0109916,5.79696,5.86333,5.88792,5.95098,5.9914,5.9914,6.00136,5.80452,5.84167,5.86811,5.95674,5.9914,5.9951,6.00136,1,1,1,1,1,1,1,1,1,1,1,1,1,1,5.9903,5.97655,5.9188,0.0178606,5.7297,5.78326,5.79193,5.97655,5.9903,6.03502,6.03782,6.02856,6.03666,5.97844,0.014426,5.77675,5.83072,5.97655,6.02839,6.03502,6.03666,6.04398,0.00889969,-0.0048461,-0.00931081,0.00882821,-0.0932212,-0.0724316,-0.0599537,-0.0135951,0.0309615,0.0448957,0.0927539,0.0448957,0.0452609,0.0509262,0.0133021,-0.0724316,-0.0569892,-0.0135951,0.0436249,0.139642,0.139887,0.162838,6.05208,6.14837,5.94044,0.0520504,5.13112,5.44383,5.77994,6.08391,6.1279,6.13928,6.2819,6.08391,6.08441,6.04915,0.026364,5.62108,5.94501,6.06662,6.08314,6.10319,6.13082,6.26584,0,0,0,0,0,0,0,0,0,0,0,0,0,0,0,0,0,0,0,0,0,0,-9999,-9999
202307042330,202307050000,11.9,0,12.701,11.9,0,0,0,0,0,0,0,330.204,1,344.64,330.204,1,366.67,0,351.216,366.67,0,0,0,2.183,0,0,99.63,99.61,99.63,0,0,0.002,0,0,2.64,3.555,2.64,0,229.1,0.468,100,-9999,0.66,-9999,-0.04,-9999,-9999,409.82,0,12.6,12.56,12.41,12.07,11.26,9.95,0,0,0,0,0,0,20.06,20.884,26.727,23.809,10.896,0,3,3,3,3,1.11,0,-3.49,0,-4.55935,-6.26097,-3.73448,10.2178,1,29,10.388,-40.05,0,-52.3215,-71.8486,-42.8556,29.1454,1,32,36.2128,400,1,1,5.96462,6.01067,1,1,1.50369,1.28376,2,2,71,51,1.5051,1.28594,5.96462,5.99136,1,1,1.50369,1.09953,2,2,71,49,1.5051,1.10208,5.91719,5.92358,1,1,0.00932649,0.0107438,5.83771,5.84304,5.86685,5.92623,5.96462,5.9734,6.01067,5.80452,5.84167,5.86811,5.94143,5.96765,5.99136,6.01067,1,1,1,1,1,1,1,1,1,1,1,1,1,1,5.91601,5.8948,5.84347,0.0176612,5.65618,5.71528,5.72242,5.8948,5.91601,5.95775,5.9739,5.98393,5.95849,5.91071,0.0151739,5.71218,5.7504,5.8948,5.95552,5.97688,5.98326,5.98719,-0.0753517,-0.0965619,-0.0801139,0.0105362,-0.167781,-0.148344,-0.12781,-0.0965619,-0.0441618,-0.00687408,0.0476737,-0.00687408,-0.00613165,-0.00648106,0.0156811,-0.150265,-0.12781,-0.0986152,-0.00910425,0.110517,0.118619,0.121863,5.98027,6.1118,5.86976,0.0567878,4.96634,5.32973,5.69082,6.02315,6.09328,6.10039,6.2374,6.02286,6.02315,5.98141,0.029022,5.5218,5.85406,5.99004,6.02315,6.03529,6.09586,6.21619,0,0,0,0,0,0,0,0,0,0,0,0,0,0,0,0,0,0,0,0,0,0,-9999,-9999
202307050000,202307050030,11.65,0,12.675,11.65,0,0,0,0,0,0,0,328.716,1,324.106,328.716,1,364.57,0,326.96,364.57,0,0,0,2.131,0,0,99.64,99.632,99.64,0,0,0,0,0,2.89,3.456,2.89,0,228.5,0.467,100,-9999,0.66,-9999,-0.04,-9999,-9999,410.52,0,12.58,12.55,12.41,12.07,11.25,9.95,0,0,0,0,0,0,20.05,20.956,26.798,23.853,10.918,0,3,3,3,3,0.97,0,5.95118,1,7.77942,6.37541,10.6816,10.7925,2,263,11.2547,-40,0,-52.2882,-71.795,-42.8514,29.2974,1,28,36.3136,401,1,1,5.96462,6.01067,1,1,1.50369,1.28376,2,2,71,51,1.50464,1.28594,5.96462,5.99136,1,1,1.50369,1.09953,2,2,71,49,1.50464,1.10208,5.91901,5.92358,1,1,0.00900564,0.0107438,5.83771,5.86685,5.86685,5.92623,5.96462,5.9734,6.01067,5.80452,5.84167,5.86811,5.94143,5.96765,5.99136,6.01067,1,1,1,1,1,1,1,1,1,1,1,1,1,1,5.85151,5.82396,5.77824,0.0175911,5.59274,5.65023,5.66925,5.82474,5.85151,5.89054,5.91328,5.9483,5.89088,5.85274,0.0161882,5.64303,5.68072,5.82396,5.88664,5.92107,5.94709,5.95425,-0.139855,-0.167403,-0.145346,0.0109974,-0.230071,-0.217879,-0.196996,-0.166625,-0.112018,-0.0748024,-0.0129538,-0.0748024,-0.0737405,-0.0662678,0.0170958,-0.224489,-0.196996,-0.167403,-0.0779819,0.0451856,0.0802374,0.0873995,5.91985,6.08073,5.80985,0.0608315,4.83497,5.23265,5.6181,5.97125,6.05947,6.06524,6.1992,5.97125,5.97136,5.92365,0.0313661,5.43706,5.77657,5.91657,5.97056,5.97877,6.06448,6.17335,0,0,0,0,0,0,0,0,0,0,0,0,0,0,0,0,0,0,0,0,0,0,-9999,-9999
202307050030,202307050100,11.41,0,12.338,11.41,0,0,0,0,0,0,0,328.196,1,324.106,328.196,1,362.562,0,326.96,362.562,0,0,0,1.778,0,0,99.67,99.659,99.67,0,0,0,0,0,2.56,3.24,2.56,0,221,0.47,100,-9999,0.66,-9999,-0.05,-9999,-9999,411.78,0,12.56,12.53,12.4,12.07,11.25,9.95,0,0,0,0,0,0,20.05,20.957,26.797,23.851,10.919,0,3,3,3,3,0.83,0,-5.05,0,-6.60139,-9.06412,-5.40998,10.8401,1,28,11.1734,-41.87,0,-54.7327,-75.1514,-44.8547,29.3887,1,29,36.9877,401,1,1,5.91941,5.95932,1,1,1.50369,1.28376,2,2,71,51,1.50501,1.28474,5.91941,5.93837,1,1,1.50369,1.09953,2,2,71,49,1.50501,1.10068,5.87455,5.89375,1,1,0.0088452,0.00781181,5.80073,5.80073,5.80073,5.88115,5.91941,5.92653,5.95932,5.80073,5.83771,5.86811,5.90723,5.92653,5.93837,5.95932,1,1,1,1,1,1,1,1,1,1,1,1,1,1,5.78957,5.75603,5.71566,0.0176002,5.53193,5.58534,5.61389,5.75667,5.78957,5.82605,5.85505,5.91466,5.82605,5.79726,0.0173931,5.57668,5.61638,5.75603,5.82061,5.86526,5.91294,5.9232,-0.1488,-0.182345,-0.178084,0.0141359,-0.291426,-0.277862,-0.263363,-0.181696,-0.133298,-0.0947008,-0.0260968,-0.0947251,-0.0933614,-0.0772866,0.0216359,-0.282768,-0.248913,-0.182345,-0.0947251,0.0621519,0.112205,0.122468,5.86277,6.05114,5.75298,0.0646706,4.75328,5.14041,5.55122,5.92166,6.02335,6.03736,6.1602,5.92224,5.9222,5.86848,0.033643,5.3563,5.70273,5.84542,5.92046,5.92528,6.03554,6.13218,0,0,0,0,0,0,0,0,0,0,0,0,0,0,0,0,0,0,0,0,0,0,-9999,-9999
202307050100,202307050130,11.2,0,12.001,11.2,0,0,0,0,0,0,0,326.786,1,316.316,326.786,1,360.812,0,317.758,360.812,0,0,0,1.424,0,0,99.68,99.687,99.68,0,0,0,0,0,2.36,3.023,2.36,0,223,0.418,100,-9999,0.63,-9999,-0.04,-9999,-9999,413.09,0,12.53,12.52,12.39,12.07,11.25,9.95,0,0,0,0,0,0,20.04,20.957,26.795,23.848,10.921,0,3,3,3,3,0.63,0,-10.37,0,-13.5557,-18.6128,-11.1092,11.7011,1,25,12.956,-40.03,0,-52.3274,-71.8488,-42.8835,29.113,1,29,36.1746,401,1,1,5.82729,5.85439,1,1,1.49222,1.23639,2,2,72,51,1.49347,1.23783,5.82729,5.85439,1,1,1.49222,1.09953,2,2,72,50,1.49347,1.10116,5.78218,5.80444,1,1,0.00861745,0.00694678,5.70885,5.70885,5.70885,5.78857,5.82729,5.83087,5.85439,5.72727,5.73471,5.76571,5.81,5.842,5.85439,5.85439,1,1,1,1,1,1,1,1,1,1,1,1,1,1,5.73496,5.69623,5.66447,0.0184149,5.47865,5.52808,5.55788,5.69676,5.73496,5.78703,5.83024,5.88776,5.79442,5.75553,0.0191231,5.51816,5.56399,5.69623,5.78703,5.84179,5.88557,5.89858,-0.119435,-0.158158,-0.139966,0.0166981,-0.331346,-0.247286,-0.225628,-0.150372,-0.0865121,-0.0402627,0.0416722,-0.0345464,-0.0328722,-0.0266459,0.0237986,-0.247545,-0.21053,-0.157631,-0.039547,0.112868,0.176723,0.189733,5.81414,6.02571,5.70407,0.0679813,4.68285,5.06066,5.49621,5.87929,5.99149,6.01389,6.12442,5.88028,5.8801,5.82073,0.0356382,5.27264,5.63886,5.78367,5.87483,5.88297,6.01025,6.09614,0,0,0,0,0,0,0,0,0,0,0,0,0,0,0,0,0,0,0,0,0,0,-9999,-9999
202307050130,202307050200,10.95,0,11.692,10.95,0,0,0,0,0,0,0,325.385,1,316.316,325.385,1,358.738,0,317.758,358.738,0,0,0,1.206,0,0,99.7,99.695,99.7,0,0,0,0,0,1.79,2.891,1.79,0,221.8,0.289,100,-9999,0.66,-9999,-0.04,-9999,-9999,414.41,0,12.51,12.5,12.39,12.07,11.25,9.96,0,0,0,0,0,0,20.03,20.959,26.795,23.847,10.922,0,3,3,3,3,0.45,0,-5.06,0,-6.61446,-9.17421,-5.4207,11.4171,1,25,11.7513,-26.53,0,-34.6802,-48.1011,-28.4212,27.6674,1,29,31.278,402,1,1,5.74409,5.75838,1,1,1.49222,1.23639,2,2,72,51,1.49346,1.23889,5.74409,5.75838,1,1,1.49222,1.09953,2,2,72,50,1.49346,1.10234,5.68719,5.69808,1,1,0.00904775,0.00928883,5.60033,5.62271,5.62271,5.70378,5.74409,5.74409,5.75838,5.58724,5.60111,5.63968,5.71225,5.74409,5.75838,5.75838,1,1,1,1,1,1,1,1,1,1,1,1,1,1,5.67099,5.6262,5.60359,0.0193159,5.41574,5.46122,5.4895,5.62937,5.67099,5.7432,5.7959,5.85101,5.75217,5.70405,0.020962,5.44984,5.51054,5.6262,5.7432,5.81009,5.84829,5.86449,-0.087388,-0.132182,-0.0944919,0.0155312,-0.250803,-0.18984,-0.178455,-0.0958352,-0.0564513,-0.000885487,0.0921202,0.00605059,0.0080843,0.0168613,0.0240197,-0.20151,-0.177769,-0.11616,-0.000885487,0.146765,0.225581,0.241777,5.75581,5.99508,5.64566,0.0718826,4.5605,4.96618,5.43079,5.82941,5.95253,5.98566,6.08167,5.82974,5.82941,5.76343,0.0380303,5.17103,5.56266,5.7097,5.81781,5.83201,5.9798,6.05316,0,0,0,0,0,0,0,0,0,0,0,0,0,0,0,0,0,0,0,0,0,0,-9999,-9999
202307050200,202307050230,10.7,0,11.383,10.7,0,0,0,0,0,0,0,324.758,1,323.672,324.758,1,356.672,0,326.447,356.672,0,0,0,0.987,0,0,99.7,99.702,99.7,0,0,0,0,0,1.78,2.76,1.78,0,214.4,0.209,100,-9999,0.66,-9999,-0.04,-9999,-9999,416.27,0,12.48,12.48,12.38,12.07,11.25,9.96,0,0,0,0,0,0,20.02,20.961,26.796,23.845,10.924,0,3,3,3,3,0.26,0,-6.3,0,-8.23896,-11.4551,-6.74909,12.0988,1,21,12.5917,-18.76,0,-24.5338,-34.1107,-20.0973,25.7446,1,27,27.7614,403,1,1,5.765,5.78429,1,1,1.49222,1.23639,2,2,72,51,1.49363,1.23896,5.765,5.78429,1,1,1.49222,1.09953,2,2,72,50,1.49363,1.10242,5.70716,5.72126,1,1,0.00953573,0.00944374,5.62143,5.63652,5.63652,5.72233,5.765,5.766,5.78429,5.60815,5.6248,5.66276,5.73368,5.766,5.78429,5.78429,1,1,1,1,1,1,1,1,1,1,1,1,1,1,5.60722,5.55645,5.54411,0.020499,5.35301,5.39464,5.42192,5.56321,5.60505,5.69908,5.76119,5.8139,5.70961,5.65378,0.0228564,5.38181,5.45719,5.55645,5.69908,5.77541,5.81066,5.83002,-0.177069,-0.227837,-0.177158,0.0174794,-0.343657,-0.284313,-0.269243,-0.186657,-0.143789,-0.0659237,0.038857,-0.0577779,-0.0553884,-0.053386,0.0266408,-0.295855,-0.268121,-0.209845,-0.0659237,0.0805583,0.174136,0.1935,5.69818,5.9646,5.58777,0.0757191,4.43521,4.87265,5.3678,5.7791,5.91294,5.95765,6.03886,5.77957,5.7791,5.70631,0.0404186,5.0705,5.48693,5.63736,5.76154,5.7814,5.94948,6.01014,0,0,0,0,0,0,0,0,0,0,0,0,0,0,0,0,0,0,0,0,0,0,-9999,-9999
202307050230,202307050300,10.48,0,11.218,10.48,0,0,0,0,0,0,0,323.641,1,323.672,323.641,1,354.862,0,326.447,354.862,0,0,0,0.908,0,0,99.71,99.731,99.71,0,0,0,0,0,1.65,2.594,1.65,0,211.5,0.271,100,-9999,0.7,-9999,-0.03,-9999,-9999,418.42,0,12.45,12.46,12.37,12.07,11.25,9.96,0,0,0,0,0,0,20.01,20.963,26.797,23.842,10.925,0,3,3,3,3,0.11,0,-9.62,0,-12.5808,-17.4917,-10.3058,12.9163,1,16,13.9716,-28.86,0,-37.7423,-52.4751,-30.9173,25.9245,1,21,30.4542,404,1,1,5.78625,5.81121,1,1,1.49222,1.23639,2,2,72,51,1.49383,1.23903,5.78625,5.81121,1,1,1.49222,1.09953,2,2,72,50,1.49383,1.1025,5.72749,5.74465,1,1,0.0101053,0.00965443,5.64308,5.65,5.65,5.74098,5.78625,5.78842,5.81121,5.6296,5.64957,5.68667,5.75556,5.78842,5.81121,5.81121,1,1,1,1,1,1,1,1,1,1,1,1,1,1,5.55074,5.49479,5.49203,0.0217688,5.29621,5.33563,5.36169,5.50312,5.54393,5.66252,5.733,5.78357,5.67445,5.61066,0.0247531,5.32155,5.40965,5.49479,5.66252,5.74354,5.77986,5.80204,-0.260474,-0.31642,-0.252622,0.0194274,-0.424459,-0.365123,-0.353701,-0.271052,-0.219952,-0.123726,-0.00797701,-0.114506,-0.111801,-0.116829,0.0293135,-0.391136,-0.35104,-0.296731,-0.123726,0.0226803,0.12986,0.152044,5.64885,5.93826,5.5377,0.0790314,4.32726,4.79133,5.31606,5.73579,5.87772,5.93359,6.00121,5.73637,5.73579,5.65657,0.0425045,4.98315,5.42104,5.5749,5.71204,5.7378,5.9233,5.97225,0,0,0,0,0,0,0,0,0,0,0,0,0,0,0,0,0,0,0,0,0,0,-9999,-9999
202307050300,202307050330,10.32,0,11.053,10.32,0,0,0,0,0,0,0,321.18,1,318.062,321.18,1,353.55,0,319.821,353.55,0,0,0,0.83,0,0,99.71,99.76,99.71,0,0,0,0,0,1.62,2.428,1.62,0,210.5,0.199,100,-9999,5.34,-9999,0.1,-9999,-9999,418.92,0,12.41,12.44,12.36,12.07,11.24,9.96,0,0,0,0,0,0,20,20.966,26.797,23.84,10.927,0,3,3,3,3,-0.11,0,-5.37,0,-7.02273,-9.76409,-5.7528,11.9644,1,13,12.3284,-23.93,0,-31.295,-43.5111,-25.6358,27.4123,1,16,30.4469,404,1,1,5.79054,5.819,1,1,1.48076,1.23639,2,2,71,51,1.48264,1.23973,5.79054,5.819,1,1,1.48076,1.09953,2,2,71,50,1.48264,1.10329,5.72706,5.74614,1,1,0.0110117,0.0107555,5.6313,5.6439,5.6439,5.74158,5.79054,5.79314,5.819,5.61545,5.637,5.68083,5.75758,5.79314,5.819,5.819,1,1,1,1,1,1,1,1,1,1,1,1,1,1,5.50856,5.44889,5.45524,0.0231531,5.25258,5.2914,5.31669,5.45766,5.50856,5.64153,5.71838,5.7673,5.65451,5.58256,0.0265847,5.27642,5.36938,5.44889,5.64153,5.7299,5.76323,5.78756,-0.310442,-0.370108,-0.290904,0.0211382,-0.451955,-0.419978,-0.396602,-0.321733,-0.241821,-0.149013,-0.0231981,-0.138977,-0.136031,-0.1445,0.0315297,-0.449624,-0.389427,-0.349218,-0.149013,0.000575066,0.119325,0.143659,5.61524,5.92003,5.5026,0.0813916,4.25066,4.73317,5.27474,5.70599,5.85204,5.91705,5.97398,5.70665,5.70599,5.62132,0.0439983,4.92068,5.37421,5.52986,5.67798,5.70777,5.90519,5.94474,0,0,0,0,0,0,0,0,0,0,0,0,0,0,0,0,0,0,0,0,0,0,-9999,-9999
202307050330,202307050400,10.31,0,10.758,10.31,0,24.9928,12.648,0,0,12.648,0,326.862,1,318.062,326.862,1,351.546,0,319.821,351.546,0,0,0,0.674,0,0,99.71,99.751,99.71,0,0,0,0,0,1.38,2.262,1.38,0,197.7,0.209,100,-9999,25.89,-9999,0.78,-9999,-9999,418.73,0,12.38,12.41,12.35,12.07,11.24,9.96,0,0,0,0,0,0,19.99,20.968,26.798,23.838,10.929,0,3,3,3,3,-0.3,0,-7.54,0,-9.8606,-13.7097,-8.07748,13.3864,1,14,14.0223,-20.73,0,-27.1101,-37.6926,-22.2077,30.5422,1,15,32.628,404,1,0,5.40286,5.34971,1,1,1.4293,1.23639,2,2,69,49,1.43144,1.24256,5.40286,5.34971,1,1,1.4293,1.09953,2,2,69,48,1.43144,1.10647,5.31482,5.28872,1,1,0.012457,0.0162426,5.13828,5.23625,5.25723,5.33342,5.3686,5.39293,5.40286,5.09958,5.13828,5.2,5.33342,5.34971,5.38575,5.40286,1,1,1,1,1,1,1,1,1,1,1,1,1,1,5.50179,5.44189,5.45495,0.0246511,5.24457,5.28365,5.30923,5.45061,5.50179,5.66005,5.73841,5.78686,5.67328,5.59069,0.02835,5.26858,5.36207,5.44189,5.6571,5.75016,5.7827,5.80754,0.152079,0.0921798,0.166235,0.0160808,0.0123582,0.0806837,0.107299,0.130696,0.239305,0.258684,0.369806,0.267417,0.270421,0.275873,0.026044,0.0123582,0.108622,0.130305,0.258464,0.399868,0.476833,0.50846,5.61965,5.92179,5.50401,0.0814894,4.24864,4.7313,5.27262,5.70931,5.85137,5.919,5.97285,5.70996,5.70931,5.62205,0.0440356,4.91862,5.37424,5.52846,5.67934,5.71105,5.90701,5.9432,1.37271,1.35111,1.3501,0.00521431,1.25578,1.33702,1.34272,1.35496,1.36516,1.37271,1.38015,1.39704,1.35881,1.37564,0.00575564,1.33439,1.34318,1.35496,1.36695,1.38545,1.39704,1.45944,-9999,-9999
202307050400,202307050430,10.64,0,10.463,10.64,0,99.3025,40.761,0,2.066,40.761,0,352.195,1,327.349,352.195,1,356.178,0,330.791,356.178,0,0,0,0.519,0,0,99.72,99.742,99.72,0,0,0,0,0,1.34,2.097,1.34,0,173,0.213,100,-9999,80.71,-9999,2.38,-9999,-9999,418.88,0,12.34,12.39,12.34,12.06,11.24,9.96,0,0,0,0,0,0,19.99,20.971,26.799,23.836,10.931,0,3,3,3,3,-0.46,0,-5.05,0,-6.60425,-9.18224,-5.40998,12.1777,1,19,12.4946,-13.24,0,-17.3149,-24.0738,-14.1838,29.2746,1,19,30.1787,404,1,0,3.92778,3.55143,1,1,1.5637,1.69852,2,2,46,21,1.56933,1.7037,3.92778,3.55143,1,1,1.5637,1.7468,2,2,46,21,1.56933,1.75184,3.72066,3.6489,1,1,0.0197182,0.0233802,3.55143,3.55143,3.55143,3.72938,3.799,3.81706,3.92778,3.55143,3.55143,3.55143,3.57083,3.74762,3.81706,3.92778,1,1,1,1,1,1,1,1,1,1,1,1,1,1,5.57514,5.52291,5.53756,0.0264282,5.31707,5.35837,5.38669,5.53048,5.57514,5.76921,5.83788,5.88859,5.78083,5.68143,0.0300426,5.34511,5.42349,5.52291,5.76308,5.84815,5.884,5.90655,2.02371,1.97148,1.88866,0.0173458,1.70721,1.79402,1.83078,1.84143,1.97905,1.98953,2.04948,1.85041,1.85305,1.96077,0.022179,1.70721,1.83117,1.84143,1.9714,2.05754,2.13736,2.16126,5.70931,5.96833,5.58801,0.0764169,4.41687,4.85757,5.38739,5.78709,5.90858,5.96294,6.03084,5.78755,5.78709,5.70445,0.0407677,5.05409,5.48058,5.6294,5.76094,5.78923,5.95341,6.00049,4.0698,4.0086,4.01275,0.0140901,3.75157,3.9711,3.99224,4.02473,4.05236,4.07363,4.08922,4.14187,4.03584,4.08096,0.0154184,3.96959,3.99224,4.02413,4.0591,4.11346,4.14187,4.30481,-9999,-9999
202307050430,202307050500,11.27,0,10.495,11.27,0,180.193,89.904,0,3.761,89.904,0,347.152,1,327.349,347.152,1,361.395,0,330.791,361.395,0,0,0,0.504,0,0,99.73,99.748,99.73,0,0,0,0,0,1.16,2.077,1.16,0,179.3,0.242,100,-9999,176.54,-9999,5.07,-9999,-9999,417.6,0,12.31,12.36,12.32,12.06,11.24,9.96,0,0,0,0,0,0,19.98,20.972,26.799,23.835,10.933,0,3,3,3,3,-0.61,0,-1.89,0,-2.47169,-3.43652,-2.02473,14.6358,1,11,14.6732,-19.4259,1,-25.4046,-35.3214,-20.8106,19.2138,2,185,22.0199,404,1,0,0.155,0.155,1,1,2.26948,2.82622,2,2,23,9,2.27262,2.82622,0.155,0.155,1,1,2.26948,2.82622,2,2,23,9,2.27262,2.82622,0.275808,0.223342,1,1,0.0293835,0.0359666,0.155,0.155,0.155,0.155,0.394,0.394,0.394,0.155,0.155,0.155,0.155,0.155,0.155,0.394,1,1,1,1,1,1,1,1,1,1,1,1,1,1,5.71948,5.68231,5.69611,0.0286614,5.46102,5.50635,5.53931,5.69168,5.71958,5.96021,6.0087,6.06416,5.96847,5.84743,0.0317617,5.49665,5.53931,5.68231,5.93317,6.00961,6.061,6.07646,5.56448,5.52731,5.47277,0.0476023,4.39152,5.3419,5.38259,5.53668,5.56458,5.68726,5.8116,5.8116,5.81347,5.57162,0.0382214,5.34165,5.38431,5.52731,5.60809,5.68246,5.75636,5.8116,5.87406,6.0534,5.74624,0.0664122,4.73445,5.10198,5.60274,5.92896,6.01782,6.042,6.14061,5.93031,5.9302,5.85996,0.0345699,5.31667,5.68274,5.82775,5.91302,5.93318,6.0382,6.10929,7.87144,7.75992,7.78691,0.0237318,7.33353,7.69688,7.75155,7.80001,7.86398,7.87713,7.95135,8.0067,7.82283,7.89716,0.0252971,7.6947,7.76474,7.79887,7.86525,7.95198,8.0067,8.2619,-9999,-9999
202307050500,202307050530,11.97,0,10.527,11.97,0,265.343,132.964,0,43.16,132.964,0,352.245,1,314.982,352.245,1,366.895,0,316.182,366.895,0,0,0,0.489,0,0,99.73,99.754,99.73,0,0,0,0,0,1.47,2.057,1.47,0,184.4,0.299,100,-9999,260.51,-9999,7.12,-9999,-9999,416.59,0,12.27,12.34,12.31,12.05,11.24,9.96,0,0,0,0,0,0,19.97,20.972,26.8,23.833,10.935,0,3,3,3,3,-0.67,0,46.18,1,60.5623,49.6856,84.2711,17.6889,2,60,31.148,-2.95,0,-3.85793,-5.36388,-3.16029,17.668,1,10,17.7433,404,1,0,-3.351,-3.351,1,1,3.14583,3.78546,2,2,14,4,3.14583,3.78974,-3.351,-3.351,1,1,3.14583,3.78546,2,2,14,4,3.14583,3.78974,-3.29379,-3.15104,1,1,0.0532129,0.142588,-3.60889,-3.351,-3.351,-3.351,-3.351,-3.351,-3.24875,-3.60889,-3.60889,-3.351,-3.351,-3.29857,-3.24875,-2.39,1,1,1,1,1,1,1,1,1,1,1,1,1,1,5.88082,5.86096,5.87305,0.0313095,5.62222,5.66652,5.6739,5.86597,5.92531,6.1727,6.19767,6.25859,6.17703,6.03205,0.0337836,5.66468,5.70947,5.86096,6.13103,6.19813,6.25711,6.26433,9.23182,9.21196,9.02409,0.152999,7.16011,8.91542,8.97068,9.22812,9.47271,9.5237,9.54867,9.52705,9.52803,9.32584,0.0718555,8.05468,9.18421,9.22812,9.48203,9.54913,9.60811,9.61533,6.05622,6.14617,5.92378,0.054853,5.04429,5.38109,5.8209,6.08781,6.12787,6.13676,6.25131,6.08781,6.08808,6.03393,0.0278818,5.56442,5.91004,6.04137,6.0826,6.09536,6.13065,6.22957,10.51,10.3675,10.4219,0.0287285,9.86458,10.292,10.3716,10.4454,10.51,10.5296,10.6698,10.6881,10.4615,10.5493,0.0298107,10.2898,10.4084,10.4302,10.5052,10.6162,10.6881,10.9745,-9999,-9999
202307050530,202307050600,13.29,0,10.89,13.29,0,353.295,205.327,0,57.506,205.327,0,355.941,1,314.982,355.941,1,353.625,0,316.182,353.625,0,0,0,0.598,0,0,99.73,99.757,99.73,0,0,0,0,0,-9999,2.048,2.048,2,-9999,-9999,100,-9999,401.62,-9999,10.1,-9999,-9999,406.644,1,12.24,12.31,12.29,12.05,11.23,9.96,0,0,0,0,0,0,19.96,20.971,26.799,23.831,10.936,0,3,3,3,3,-0.62,0,66.3192,1,86.9737,71.3536,121.022,24.1563,2,47,44.0357,-1.09286,1,-1.42921,-1.9871,-1.17076,20.1325,2,78,20.1416,404,1,0,-7.79778,-7.79778,1,1,2.63531,3.1467,2,2,12,7,2.63531,3.15538,-7.79778,-7.79778,1,1,2.63531,3.1467,2,2,12,7,2.63531,3.15538,-7.84748,-7.72023,1,0.975,0.0559731,0.0711895,-8.597,-7.79778,-7.79778,-7.79778,-7.79778,-7.79778,-7.33,-7.79778,-7.79778,-7.79778,-7.79778,-7.79778,-7.33,-7.33,1,1,1,1,1,1,1,1,1,1,1,1,1,1,6.19889,6.21218,6.21133,0.0354762,5.90869,5.93343,5.99455,6.21204,6.29615,6.5327,6.55644,6.60837,6.5556,6.37594,0.0362415,5.91266,6.04204,6.21218,6.48785,6.55644,6.59832,6.60837,13.9967,14.01,13.9316,0.0879584,13.1447,13.2634,13.3883,14.01,14.2404,14.3342,14.3571,14.3542,14.3534,14.2234,0.0801056,13.2427,13.8398,14.01,14.3269,14.3961,14.4076,15.1535,6.39543,6.3156,6.26206,0.0333899,5.85697,5.92737,6.21666,6.33956,6.38218,6.4067,6.45453,6.3798,6.38079,6.36329,0.018333,6.03478,6.2838,6.34139,6.38218,6.43124,6.43666,6.47439,13.947,13.7678,13.8712,0.0338061,13.2167,13.7109,13.8303,13.8821,13.9558,13.9777,14.1874,14.1741,13.9077,14.0045,0.0328784,13.6837,13.8458,13.8792,13.9558,14.0794,14.1741,14.4608,-9999,-9999
202307050600,202307050630,14.71,0,11.254,14.71,0,442.546,265.757,0,129.664,265.757,0,361.26,1,315.074,361.26,1,359.945,0,316.29,359.945,0,0,0,0.707,0,0,99.72,99.76,99.72,0,0,0,0,0,-9999,2.038,2.038,2,-9999,-9999,100,-9999,519.46,-9999,12.71,-9999,-9999,402.248,1,12.22,12.29,12.28,12.04,11.23,9.96,0,0,0,0,0,0,19.95,20.967,26.797,23.829,10.935,0,3,3,3,3,-0.64,0,94.4536,1,123.87,101.624,172.363,33.5624,2,35,62.2591,34.2671,1,44.9393,36.8684,62.5321,24.1496,2,9,30.7429,404,1,0,-9.93667,-10.01,1,1,2.61945,2.83299,2,2,30,20,2.6197,2.8575,-9.93667,-10.0125,1,1,2.61945,2.83299,2,2,30,20,2.6197,2.8575,-9.87132,-9.78059,1,1,0.0384507,0.0534362,-10.0125,-10.01,-9.93667,-9.93667,-9.93667,-9.93667,-9.26556,-10.0125,-10.0125,-10.0125,-9.93667,-9.88182,-9.26556,-9.02286,1,1,1,1,1,1,1,1,1,1,1,1,1,1,6.54344,6.59482,6.57897,0.0407496,6.17046,6.27124,6.35145,6.59464,6.71074,6.89413,6.9708,6.98722,6.96784,6.74927,0.0397416,6.17046,6.4023,6.59464,6.87521,6.96451,6.97961,6.98722,16.5559,16.6073,16.3596,0.086383,15.1933,15.4379,15.8362,16.5891,16.6474,16.8308,16.9075,16.9075,16.9045,16.6206,0.0700349,15.2874,16.4148,16.535,16.8119,16.9012,16.9163,16.9239,6.76087,6.49312,6.63534,0.0249995,6.28172,6.47538,6.56079,6.67403,6.71972,6.75427,6.85218,6.69231,6.69408,6.72299,0.0218858,6.44957,6.55932,6.66214,6.71556,6.77388,6.86946,6.94528,16.1576,15.9574,16.1014,0.0367897,15.406,15.927,16.0514,16.129,16.177,16.2136,16.5382,16.4155,16.1313,16.2294,0.0335849,15.872,16.0605,16.129,16.177,16.308,16.4155,16.6793,-9999,-9999
202307050630,202307050700,15.59,0,11.986,15.59,0,531.566,345.53,0,155.794,345.53,0,358.645,1,315.074,358.645,1,354.941,0,316.29,354.941,0,0,0,1.011,0,0,99.73,99.763,99.73,0,0,0,0,0,-9999,2.155,2.155,2,-9999,-9999,100,-9999,675.02,-9999,16.23,-9999,-9999,404.739,1,12.21,12.27,12.26,12.03,11.23,9.96,0,0,0,0,0,0,19.94,20.959,26.791,23.825,10.933,0,3,3,3,3,-0.42,0,95.7725,1,125.6,103.043,174.77,33.5624,2,37,62.877,45.1983,1,59.2749,48.6294,82.4797,26.6574,2,9,36.6097,404,1,0,-11.2017,-11.768,1,1,2.68654,2.99982,2,2,41,31,2.70142,3.01315,-11.2017,-11.768,1,1,2.66345,2.99982,2,2,40,31,2.67846,3.01315,-11.4145,-11.5478,1,1,0.0450617,0.0485659,-11.9725,-11.768,-11.768,-11.2017,-11.2017,-11.2017,-11.2017,-11.9725,-11.768,-11.768,-11.768,-11.2017,-11.2017,-11.2017,1,1,1,1,1,1,1,1,1,1,1,1,1,1,6.75953,6.83515,6.81315,0.0452545,6.32948,6.47902,6.57171,6.83485,7.01129,7.14216,7.23674,7.2343,7.23674,6.98978,0.0430655,6.32948,6.62485,6.83485,7.11089,7.22275,7.23674,7.25398,18.5275,18.6031,18.3609,0.0282346,18.0455,18.0975,18.213,18.3575,18.4575,18.5762,18.6031,18.4428,18.4384,18.4043,0.0307708,18.0416,18.213,18.3216,18.3993,18.4557,18.5736,18.652,6.98778,6.60093,6.87229,0.0376479,6.42172,6.58277,6.77661,6.88805,6.9737,7.02288,7.23701,6.88582,6.88805,6.94991,0.0309633,6.54781,6.7809,6.8449,6.94664,7.03543,7.14483,7.24599,18.4505,18.23,18.423,0.0402272,17.7042,18.2075,18.3527,18.4448,18.5022,18.5413,18.905,18.7363,18.4414,18.5371,0.0334642,18.147,18.3613,18.4318,18.4894,18.652,18.7331,18.9571,-9999,-9999
202307050700,202307050730,16.16,0,12.718,16.16,0,618.834,361.289,0,256.341,361.289,0,356.589,1,313.963,356.589,1,376.581,0,314.979,376.581,0,0,0,1.316,0,0,99.73,99.766,99.73,0,0,0,0,0,-9999,2.272,2.272,2,-9999,-9999,100,-9999,705.75,-9999,16.68,-9999,-9999,407.77,1,12.2,12.25,12.24,12.03,11.23,9.96,0,0,0,0,0,0,19.93,20.949,26.783,23.819,10.93,0,3,3,3,3,-0.05,0,82.63,1,108.364,88.9026,150.787,31.0204,2,37,55.3777,70.9062,1,92.9893,76.2889,129.393,26.4019,2,10,47.3992,404,1,0,-11.545,-11.545,1,1,2.68654,2.99982,2,2,41,29,2.68654,2.99982,-11.545,-11.545,1,1,2.66345,2.99982,2,2,40,29,2.66345,2.99982,-11.6387,-11.545,1,1,0.0469255,0.000000000000000568889,-12.6333,-11.545,-11.545,-11.545,-11.545,-11.545,-11.545,-11.545,-11.545,-11.545,-11.545,-11.545,-11.545,-11.545,1,1,1,1,1,1,1,1,1,1,1,1,1,1,6.90127,6.99254,6.96977,0.0491322,6.42863,6.61138,6.71245,6.99208,7.218,7.33264,7.42211,7.40508,7.42211,7.1532,0.0460644,6.42975,6.76728,6.99208,7.27025,7.39279,7.41501,7.443,18.4463,18.5375,18.5148,0.0491322,17.9736,18.1564,18.2575,18.5371,18.763,18.8776,18.9671,18.9724,18.9671,18.7919,0.0690026,17.9747,18.3123,18.5371,18.848,18.9579,18.9724,19.6313,7.13423,6.66965,7.02814,0.0498858,6.60657,6.66604,6.8584,7.01347,7.16608,7.21401,7.52577,7.01097,7.01347,7.09914,0.0381608,6.60998,6.88558,6.93655,7.1162,7.20341,7.32731,7.4437,18.8494,18.6261,18.8298,0.0410621,18.1105,18.6053,18.765,18.8493,18.9185,18.9465,19.3236,19.1452,18.8463,18.9423,0.0336662,18.5432,18.7668,18.8364,18.895,19.0678,19.1423,19.3572,-9999,-9999
202307050730,202307050800,16.92,0,13.374,16.92,0,702.856,483.503,0,291.197,483.503,0,346.146,1,313.963,346.146,1,356.583,0,314.979,356.583,0,0.376,0,1.89,0.376,0,99.72,99.77,99.72,0,0,0,0,0,-9999,2.157,2.157,2,-9999,-9999,98.05,-9999,944.07,-9999,21.92,-9999,-9999,398.658,1,12.2,12.24,12.23,12.02,11.23,9.96,0,0,0,0,0,0,19.92,20.934,26.772,23.813,10.925,0,3,3,3,3,0.25,0,200.521,1,262.972,215.743,365.92,39.6771,2,39,118.183,150.04,1,196.768,161.43,273.799,35.4275,2,12,90.5191,404,1,0,-12.3822,-12.1788,1,1,2.79278,2.8315,2,2,38,31,2.81013,2.84862,-12.3822,-12.1788,1,1,2.75405,2.8315,2,2,37,31,2.77165,2.84862,-12.2028,-11.8647,1,1,0.0800388,0.0952074,-13.027,-12.3822,-12.3822,-12.3822,-12.1788,-11.7586,-11.7586,-12.3822,-12.3822,-12.1788,-12.1788,-11.7586,-11.7586,-10.07,1,1,1,1,1,1,1,1,1,1,1,1,1,1,7.08957,7.20269,7.17607,0.0538112,6.56231,6.79043,6.90283,7.20208,7.48849,7.5704,7.66252,7.62534,7.66252,7.36637,0.0497092,6.56507,6.95978,7.15746,7.48849,7.61022,7.64152,7.68846,19.2684,19.3815,19.0407,0.137572,16.9542,17.8534,18.6607,19.3809,19.6673,19.877,20.0447,20.0512,20.0447,19.5692,0.118353,17.8412,18.7184,19.3131,19.8523,20.0197,20.0512,20.3705,7.32815,6.75963,7.23743,0.0685949,6.68777,6.75594,6.97185,7.17899,7.42328,7.54847,7.9944,7.17612,7.17899,7.29824,0.048618,6.69121,7.02628,7.06076,7.31676,7.48493,7.57512,7.70856,21.3365,21.0925,21.3585,0.0461748,20.7228,21.0846,21.2582,21.3555,21.4518,21.4983,21.8942,21.6554,21.3554,21.4439,0.0330393,21.0174,21.2842,21.3326,21.4388,21.5237,21.6554,21.795,-9999,-9999
202307050800,202307050830,17.81,0,14.029,17.81,0,782.195,503.395,0,307.494,503.395,0,346.557,1,332.84,346.557,1,360.317,0,337.276,360.317,0,4.855,0,2.464,4.855,0,99.72,99.775,99.72,0,0,0,0,0,-9999,2.043,2.043,2,-9999,-9999,76.2,-9999,982.86,-9999,22.28,-9999,-9999,400.17,1,12.22,12.23,12.22,12.01,11.23,9.95,0,0,0,0,0,0,19.91,20.915,26.758,23.805,10.919,0,3,3,3,3,0.65,0,152.596,1,200.121,164.18,278.464,32.6291,2,53,90.7837,153.795,1,201.694,165.47,280.652,36.8371,2,13,92.9906,404,1,0,-17.1525,-17.046,1,1,3.13002,2.89628,2,2,54,46,3.16532,2.90926,-17.1525,-17.046,1,1,2.99586,2.86334,2,2,53,44,3.03272,2.87647,-17.0239,-17.2424,1,1,0.0570044,0.0363198,-17.595,-17.4382,-17.26,-17.1525,-16.4954,-16.4954,-16.4954,-17.595,-17.595,-17.4382,-17.26,-17.046,-17.046,-17.046,1,1,1,1,1,1,1,1,1,1,1,1,1,1,7.3101,7.4498,7.41808,0.0591146,6.71918,7.00168,7.12763,7.44904,7.73547,7.84215,7.94212,7.88043,7.94212,7.61495,0.0538927,6.72389,7.19543,7.39384,7.73649,7.88043,7.91618,7.9742,24.3561,24.4958,24.6604,0.0480581,24.3041,24.3533,24.3876,24.558,24.8513,25.0946,25.229,25.1027,25.0946,24.6389,0.0570144,24.0669,24.3096,24.3573,24.5265,24.889,25.0946,25.229,7.55387,6.86294,7.48537,0.0928432,6.78069,6.85916,7.09322,7.37297,7.74965,7.86433,8.56401,7.36782,7.37111,7.53254,0.0617709,6.78417,7.19112,7.20806,7.53898,7.79025,7.90958,8.02182,21.6825,21.4359,21.7126,0.0472476,21.0918,21.4301,21.6104,21.7067,21.803,21.8534,22.2584,22.009,21.7064,21.7949,0.0332032,21.3615,21.6328,21.6783,21.7881,21.8807,22.009,22.137,-9999,-9999
202307050830,202307050900,17.15,0,14.437,17.15,0,855.493,419.093,0,336.348,419.093,0,350.192,1,332.84,350.192,1,393.237,0,337.276,393.237,0,5.681,0,3.141,5.681,0,99.71,99.763,99.71,0,0,0,0,0,-9999,1.987,1.987,2,-9999,-9999,70.97,-9999,818.47,-9999,18.34,-9999,-9999,401.091,1,12.24,12.23,12.2,12,11.22,9.95,0,0,0,0,0,0,19.89,20.893,26.741,23.796,10.913,0,3,3,3,3,1.22,0,144.932,1,190.069,155.934,264.478,32.6807,2,56,86.8459,107.738,1,141.292,115.917,196.605,33.6008,2,8,68.605,404,1,0,-17.7485,-17.9836,1,1,3.14212,2.91541,2,2,54,47,3.17474,2.9305,-17.7485,-17.9836,1,1,3.13986,2.87716,2,2,53,45,3.1725,2.89245,-17.8442,-18.0886,1,1,0.0521993,0.0401008,-18.3425,-18.27,-18.1344,-17.7485,-17.7485,-17.3621,-17.3621,-18.3425,-18.3425,-18.27,-18.1344,-17.7485,-17.7485,-17.7485,1,1,1,1,1,1,1,1,1,1,1,1,1,1,7.15322,7.2706,7.26038,0.0590411,6.59115,6.83205,6.94845,7.26953,7.60679,7.69003,7.78367,7.74034,7.78367,7.46484,0.0539415,6.59431,7.02332,7.24262,7.60766,7.72525,7.7615,7.80214,25.1368,25.2542,25.349,0.0514948,24.7256,24.9664,25.1368,25.3831,25.5322,25.6904,25.8262,25.539,25.5322,25.309,0.0466695,24.7157,25.0126,25.0536,25.3562,25.51,25.5395,25.6842,7.38435,6.78589,7.30308,0.0748907,6.70999,6.78211,6.99961,7.22983,7.50446,7.66034,8.14774,7.22701,7.22983,7.36452,0.0522732,6.71341,7.08511,7.09831,7.37363,7.56436,7.66662,7.79903,20.163,19.9298,20.1696,0.0441136,19.4889,19.9153,20.092,20.1771,20.2614,20.2866,20.6997,20.4874,20.1776,20.2738,0.0341178,19.848,20.1181,20.1523,20.2327,20.3918,20.4852,20.6651,-9999,-9999
202307050900,202307050930,15.38,0,14.845,15.38,0,921.496,210.5,0,298.825,210.5,0,367.98,0,349.185,367.98,0,383.067,0,356.584,383.067,0,3.842,0,3.818,3.842,0,99.7,99.751,99.7,0,0,0,0,0,-9999,1.93,1.93,2,-9999,-9999,78.02,166.08,481.33,433.28,10.7,21.12,393.73,404.763,1,12.29,12.24,12.19,12,11.22,9.95,0,0,0,0,0,0,19.86,20.867,26.723,23.786,10.903,0,3,3,3,3,1.91,0,74.9556,1,98.2998,80.6456,136.782,25.9527,2,44,49.043,6.95267,1,9.11801,7.48045,12.6875,23.0658,2,20,23.3865,404,1,0,-8.37375,-8.37375,1,1,2.58409,2.58409,2,2,17,11,2.58601,2.59848,-8.37375,-8.37375,1,1,2.58409,2.58409,2,2,17,11,2.58601,2.59848,-8.45519,-8.25565,1,1,0.0459631,0.0399585,-8.97389,-8.57294,-8.57294,-8.37375,-8.37375,-8.37375,-7.8275,-8.57294,-8.37375,-8.37375,-8.37375,-8.29077,-7.8275,-7.8275,1,1,1,1,1,1,1,1,1,1,1,1,1,1,6.7269,6.7894,6.81709,0.0553813,6.25763,6.39292,6.48773,6.78795,7.07302,7.22615,7.31454,7.31465,7.31067,7.02853,0.0515606,6.25763,6.56227,6.7894,7.19816,7.29408,7.31067,7.32207,15.1006,15.1631,15.0727,0.0899699,14.0366,14.2204,14.6644,15.1617,15.4468,15.6719,15.7832,15.6883,15.6844,15.4837,0.087812,14.0803,14.936,15.1631,15.6719,15.8546,15.8876,16.1878,6.93956,6.57825,6.82553,0.0341712,6.36613,6.56042,6.74295,6.84485,6.90495,6.9585,7.17573,6.85058,6.85238,6.91314,0.0293883,6.52468,6.76724,6.81747,6.89012,6.98298,7.10564,7.19991,14.2275,14.0532,14.1739,0.0349155,13.4923,14.0158,14.1258,14.1996,14.2305,14.2878,14.5116,14.5093,14.2175,14.3218,0.035665,13.9624,14.1422,14.199,14.2373,14.4423,14.5093,14.8013,-9999,-9999
202307050930,202307051000,14.95,0,15.135,14.95,0,979.074,197.3,0,317.522,197.3,0,370.52,0,349.185,370.52,0,382.37,0,356.584,382.37,0,2.984,0,4.341,2.984,0,99.7,99.737,99.7,0,0.08,0,0.08,0,2.03,2.082,2.03,0,144.5,0.54,82.45,155.41,430.59,419.23,9.59,20.56,391.11,399.45,0,12.34,12.25,12.19,11.99,11.22,9.95,0,0,0,0,0,0,19.79,20.839,26.703,23.775,10.894,0,3,3,3,3,2.54,0,94.23,0,123.577,101.383,171.955,33.5624,2,37,62.1546,-35.41,0,-46.3082,-64.3848,-37.9342,20.1368,2,159,28.106,404,1,0,-6.84312,-6.84312,1,1,2.47181,2.49107,2,2,10,5,2.47603,2.5006,-6.84312,-6.84312,1,1,2.47181,2.49107,2,2,10,5,2.47603,2.5006,-6.95944,-6.70473,1,1,0.058029,0.0500643,-7.61333,-7.13235,-7.13235,-6.84312,-6.84312,-6.84312,-6.40692,-7.13235,-6.84312,-6.84312,-6.84312,-6.40692,-6.40692,-6.10455,1,1,1,1,1,1,1,1,1,1,1,1,1,1,6.62633,6.67503,6.71854,0.0561912,6.17084,6.28178,6.37747,6.67333,6.97179,7.14201,7.2188,7.23087,7.21566,6.9365,0.0524554,6.17084,6.45216,6.67503,7.12149,7.2055,7.2188,7.23087,13.4695,13.5182,13.4233,0.0980361,12.2754,12.5795,12.774,13.5165,13.8149,14.0486,14.2661,14.0619,14.0588,13.8959,0.0997548,12.575,13.2953,13.5182,14.0486,14.3361,14.368,14.7782,6.83411,6.52789,6.71387,0.0276909,6.31881,6.51032,6.64971,6.73401,6.79462,6.83455,7.00996,6.76128,6.76281,6.80715,0.0250733,6.47869,6.66342,6.70932,6.79462,6.87654,6.97663,7.05746,13.6951,13.5277,13.6415,0.0342827,12.9693,13.4788,13.5849,13.6728,13.701,13.7561,13.9781,13.9781,13.6878,13.7924,0.035855,13.4366,13.6031,13.6748,13.7062,13.9184,13.9786,14.275,-9999,-9999
202307051000,202307051030,14.77,0,15.425,14.77,0,1027.24,269.06,0,210.831,269.06,0,368.51,0,356.719,368.51,0,382.509,0,365.484,382.509,0,2.513,0,4.864,2.513,0,99.67,99.722,99.67,0,0.08,0.053,0.08,0,2.08,2.234,2.08,0,124.2,0.494,85.05,219.91,571.08,553.92,12.56,27.27,390.6,397.35,0,12.39,12.28,12.19,11.98,11.22,9.95,0,0,0,0,0,0,19.74,20.809,26.681,23.762,10.885,0,3,3,3,3,2.91,0,123.29,0,161.235,132.649,224.174,31.0892,1,8,74.6302,31.9211,1,41.7455,34.3443,58.0411,27.4902,2,7,32.6234,405,1,0,-10.55,-10.2387,0,1,1.05117,3.1467,1,2,7,21,1.06264,3.17297,-10.55,-10.2387,0,1,1.05117,3.1467,1,2,7,21,1.06264,3.17297,-10.4121,-10.2413,1,1,0.0411732,0.0522779,-10.55,-10.55,-10.55,-10.55,-10.2387,-10.2387,-9.735,-10.55,-10.55,-10.55,-10.2387,-10.1521,-9.735,-9.68889,0,0,0,0,1,1,1,0,0,0,1,1,1,1,6.58631,6.62853,6.68394,0.0577719,6.13084,6.23145,6.33024,6.62659,6.95172,7.1189,7.19354,7.21074,7.19071,6.90841,0.0538708,6.13084,6.40699,6.62853,7.0969,7.18616,7.19354,7.21074,16.825,16.8672,16.9253,0.107148,15.8644,15.9664,16.1823,16.8653,17.5017,17.6689,17.7435,17.7435,17.7407,17.3205,0.0924266,15.8639,16.6457,16.8672,17.6469,17.7362,17.7435,17.7607,6.79148,6.50735,6.6688,0.0258042,6.29972,6.48992,6.59378,6.68687,6.74369,6.79033,6.92623,6.72554,6.72694,6.76485,0.02359,6.45977,6.59757,6.68203,6.75646,6.83691,6.92537,7.00157,16.3562,16.162,16.3244,0.0382596,15.5975,16.1316,16.2998,16.3435,16.3806,16.4385,16.7933,16.6742,16.3611,16.4685,0.0366943,16.069,16.2951,16.3435,16.3884,16.6037,16.6744,16.9422,-9999,-9999
202307051030,202307051100,15.31,0,15.803,15.31,0,1065.18,309.32,0,218.63,309.32,0,364.75,0,356.719,364.75,0,384.148,0,365.484,384.148,0,3.4,0,5.296,3.4,0,99.63,99.718,99.63,0,0,0.053,0,0,2.42,2.516,2.42,0,114.9,0.61,80.46,249.15,647.64,594.18,14.29,30.63,393.8,396.94,0,12.45,12.3,12.19,11.98,11.22,9.95,0,0,0,0,0,0,19.72,20.778,26.658,23.749,10.875,0,3,3,3,3,3.24,0,142.26,0,186.565,153.059,259.602,35.627,1,7,86.6427,68.8147,1,90.2463,74.0385,125.576,20.6585,2,8,43.4319,406,1,0,-8.37,-10.3887,0,1,1.57216,2.67539,1,2,7,22,1.8683,2.85947,-8.37,-10.3887,0,1,1.57216,2.67539,1,2,7,22,1.8683,2.85947,-8.92136,-9.52892,1,1,0.143366,0.159905,-10.3887,-10.3887,-10.3485,-8.37,-8.37,-8.37,-8.37,-10.3887,-10.3887,-10.3887,-10.3173,-8.37,-8.37,-8.37,1,1,1,0,0,0,0,1,1,1,1,0,0,0,6.7208,6.77711,6.83438,0.061688,6.22514,6.3551,6.46383,6.77498,7.13104,7.28959,7.37367,7.37643,7.36999,7.06608,0.0568324,6.22514,6.54851,6.77711,7.26025,7.34864,7.36999,7.3835,17.1095,17.1658,16.3633,0.112587,15.3554,15.4971,15.6445,16.5435,16.9372,17.1433,17.2958,15.7437,15.74,15.9874,0.0982425,15.3314,15.4776,15.633,15.7281,16.5382,16.835,17.1637,6.92572,6.57169,6.81282,0.0332382,6.36245,6.55402,6.72963,6.83445,6.8818,6.9494,7.16075,6.84201,6.8436,6.90536,0.029199,6.51736,6.76938,6.804,6.8818,6.99633,7.09906,7.19086,17.5847,17.379,17.5677,0.0403367,16.8261,17.3527,17.527,17.5847,17.6294,17.679,18.0756,17.9198,17.5981,17.7057,0.036802,17.2864,17.5435,17.579,17.6414,17.8471,17.9201,18.1657,-9999,-9999
202307051100,202307051130,15.44,0,16.181,15.44,0,1092.23,250.33,0,228.263,250.33,0,369.91,0,361.762,369.91,0,385.159,0,371.441,385.159,0,3.459,0,5.728,3.459,0,99.62,99.714,99.62,0,0.28,0.201,0.28,0,2.79,2.799,2.79,0,119.3,0.654,80.29,201.39,544.81,526.24,12,25.68,393.98,395.44,0,12.5,12.33,12.19,11.97,11.21,9.95,0,0,0,0,0,0,19.7,20.747,26.634,23.735,10.865,0,3,3,3,3,3.54,0,91.91,0,120.197,98.4617,167.721,49.4866,1,7,71.3081,27.525,1,35.9964,29.4871,50.2287,23.4556,2,8,28.0459,407,1,0,-9.39,-9.39,0,0,2.35488,2.51928,2,2,26,17,2.35488,2.51928,-9.39,-9.39,0,0,2.35488,2.51928,2,2,26,17,2.35488,2.51928,-9.37352,-9.32534,1,1,0.0164773,0.0376849,-9.39,-9.39,-9.39,-9.39,-9.39,-9.39,-9.39,-9.39,-9.39,-9.39,-9.39,-9.39,-9.39,-8.73091,0,0,0,0,0,0,0,0,0,0,0,0,0,1,6.756,6.8147,6.87971,0.0643331,6.24286,6.37958,6.49446,6.81234,7.19743,7.34905,7.43678,7.43678,7.43351,7.11833,0.0589649,6.24286,6.5838,6.8147,7.31825,7.40765,7.43351,7.44419,16.146,16.2047,16.205,0.08294,15.0047,15.6329,15.8625,16.2023,16.5874,16.739,16.8268,16.8274,16.8235,16.4919,0.0654409,15.6281,15.9738,16.2047,16.7083,16.7977,16.8235,16.8342,6.95866,6.58742,6.84909,0.0356725,6.40564,6.56972,6.74655,6.87145,6.91378,6.98395,7.21694,6.87145,6.87304,6.94185,0.0308802,6.53104,6.79876,6.83189,6.91378,7.04289,7.14508,7.23983,15.7525,15.5665,15.7212,0.0377117,14.9969,15.5343,15.6824,15.7429,15.774,15.8381,16.1547,16.0796,15.763,15.8728,0.0375839,15.4714,15.6798,15.7429,15.777,16.0218,16.0808,16.3587,-9999,-9999
202307051130,202307051200,15.15,0,15.854,15.15,0,1107.94,288.33,0,231.555,288.33,0,368.49,0,361.762,368.49,0,386.815,0,371.441,386.815,0,2.305,0,4.901,2.305,0,99.57,99.683,99.57,0,0.02,0.201,0.02,0,2.38,2.613,2.38,0,100.2,0.605,86.62,235.46,615.56,595.21,13.41,29.29,392.69,392.62,0,12.55,12.36,12.2,11.97,11.21,9.95,0,0,0,0,0,0,19.69,20.715,26.609,23.72,10.856,0,3,3,3,3,3.89,0,144.66,0,189.182,155.641,263.981,32.8819,2,59,86.7821,57.4211,1,75.0937,61.78,104.784,24.1425,2,8,39.9888,408,1,0,-9.28,-9.28,0,0,2.35488,2.51928,2,2,26,17,2.35488,2.51928,-9.28,-9.28,0,0,2.35488,2.51928,2,2,26,17,2.35488,2.51928,-9.30772,-9.34611,1,1,0.0193658,0.0329387,-9.811,-9.28,-9.28,-9.28,-9.28,-9.28,-9.28,-9.85778,-9.28,-9.28,-9.28,-9.28,-9.28,-9.28,1,0,0,0,0,0,0,1,0,0,0,0,0,0,6.68918,6.73812,6.81714,0.0654392,6.18245,6.3026,6.41944,6.73553,7.14632,7.30266,7.3802,7.38788,7.37683,7.06193,0.0600048,6.18245,6.50989,6.73812,7.27248,7.36234,7.37983,7.39163,15.9692,16.0181,16.1633,0.061911,15.4625,15.6801,15.7899,16.2767,16.5603,16.5832,16.6679,16.6602,16.6568,16.3696,0.0538118,15.6665,15.9864,16.2186,16.5525,16.6423,16.6598,16.6716,6.8893,6.55426,6.7747,0.0308191,6.34714,6.53676,6.70511,6.77303,6.85079,6.90164,7.10543,6.81273,6.81414,6.87134,0.027887,6.50082,6.74717,6.76727,6.85079,6.97242,7.05881,7.14354,16.9943,16.7964,16.9768,0.0397867,16.2302,16.7679,16.9456,17.0043,17.0308,17.0912,17.4833,17.3393,17.0127,17.1234,0.0378292,16.7011,16.9404,17.0027,17.0293,17.2799,17.3413,17.5987,-9999,-9999
202307051200,202307051230,15.49,0,15.527,15.49,0,1112.03,211.91,0,319.379,211.91,0,367.8,0,350.124,367.8,0,388.737,0,357.694,388.737,0,2.642,0,4.074,2.642,0,99.52,99.652,99.52,0,0,0.34,0,0,2.78,2.428,2.78,0,93.3,0.705,84.99,163.82,468.97,450.87,10.36,20.93,394.19,393.06,0,12.6,12.39,12.21,11.97,11.21,9.95,0,0,0,0,0,0,19.67,20.683,26.583,23.705,10.847,0,3,3,3,3,4.16,0,144.28,0,188.604,154.565,262.339,32.8819,2,57,86.3943,9.6675,1,12.6374,10.3566,17.5781,21.0403,2,10,21.7106,409,1,0,-8.56538,-8.56538,1,1,2.58409,2.86539,2,2,19,12,2.5866,2.88338,-8.56538,-8.56538,1,1,2.58409,2.86539,2,2,19,12,2.5866,2.88338,-8.64587,-8.39048,1,1,0.0578115,0.057244,-9.26,-8.79357,-8.79357,-8.56538,-8.56538,-8.56538,-7.92222,-8.79357,-8.56538,-8.56538,-8.56538,-8.515,-7.92222,-7.62833,1,1,1,1,1,1,1,1,1,1,1,1,1,1,6.77544,6.83281,6.91754,0.0687509,6.23916,6.3777,6.50284,6.83001,7.27193,7.41569,7.50322,7.50322,7.50086,7.16942,0.0625433,6.23916,6.59979,6.83281,7.38464,7.47387,7.50086,7.51069,15.3408,15.3982,15.308,0.116811,14,14.1614,14.4109,15.3954,15.8373,16.0536,16.1933,16.0701,16.0662,15.8153,0.108129,14.1228,15.1652,15.3982,16.0537,16.2636,16.2968,16.6269,6.97281,6.59421,6.86606,0.0368528,6.43688,6.57658,6.75103,6.88038,6.93107,7.00149,7.24572,6.88593,6.88741,6.96132,0.0319183,6.53615,6.81829,6.84236,6.93002,7.0804,7.17126,7.26669,14.3458,14.177,14.3105,0.035973,13.6082,14.1415,14.2582,14.3303,14.3726,14.4309,14.6731,14.6731,14.3605,14.4713,0.0382337,14.0806,14.2519,14.3406,14.375,14.631,14.6754,14.9705,-9999,-9999
202307051230,202307051300,15.8,0,15.739,15.8,0,1104.44,283.97,0,317.206,283.97,0,371.67,0,350.124,371.67,0,390.573,0,357.694,390.573,0,2.936,0,4.232,2.936,0,99.5,99.611,99.5,0,0,0.34,0,0,3.41,2.913,3.41,0,101.9,0.855,83.65,232.87,625.27,597.96,13.7,27.07,396.3,395.73,0,12.66,12.43,12.22,11.97,11.21,9.95,0,0,0,0,0,0,19.66,20.649,26.557,23.691,10.838,0,3,3,3,3,4.28,0,205.21,0,268.252,219.585,373.126,40.3116,2,36,120.746,56.75,1,74.1839,60.7255,103.187,21.6276,2,7,38.1902,410,1,0,-10.0188,-10.1414,1,1,2.59854,2.83299,2,2,31,20,2.59926,2.84759,-10.0188,-10.1414,1,1,2.59854,2.83299,2,2,31,20,2.59926,2.84759,-10.0368,-9.93948,1,1,0.0352429,0.0370896,-10.5484,-10.1414,-10.1414,-10.0188,-10.0188,-10.0188,-9.56545,-10.1414,-10.1414,-10.1414,-10.0188,-10.0188,-9.56545,-9.45,1,1,1,1,1,1,1,1,1,1,1,1,1,1,6.85457,6.9196,7.01061,0.0720343,6.29011,6.44551,6.5788,6.91657,7.39018,7.52682,7.61711,7.61141,7.61711,7.26965,0.0650812,6.29011,6.6821,6.9196,7.48638,7.57854,7.61588,7.6215,16.996,17.061,16.9501,0.0986683,15.8502,16.011,16.2931,17.058,17.4161,17.5456,17.6359,17.6403,17.6359,17.3064,0.085267,15.8494,16.8235,17.061,17.5286,17.6347,17.6403,17.7393,7.04832,6.6302,6.94976,0.0432851,6.56455,6.61244,6.79236,6.95388,7.04882,7.09774,7.37538,6.95234,6.95388,7.04392,0.0359277,6.56777,6.8751,6.90766,7.04113,7.18192,7.27509,7.37764,16.8845,16.6897,16.8715,0.0400117,16.1234,16.6607,16.8321,16.8961,16.9225,16.9875,17.3856,17.2432,16.91,17.0232,0.0387254,16.5923,16.8266,16.8962,16.9245,17.1941,17.2452,17.5064,-9999,-9999
202307051300,202307051330,15.13,0,15.95,15.13,0,1085.29,161.09,0,234.587,161.09,0,377.17,0,357.733,377.17,0,386.001,0,366.682,386.001,0,2.474,0,4.389,2.474,0,99.5,99.569,99.5,0,0.17,1.193,0.17,0,3.22,3.398,3.22,0,107.5,0.834,85.62,129.73,363.65,348.71,8.12,15.53,392.03,398.92,0,12.7,12.46,12.24,11.97,11.21,9.95,0,0,0,0,0,0,19.65,20.617,26.53,23.676,10.829,0,3,3,3,3,4.95,0,88.12,0,115.12,94.2876,160.226,33.4053,2,40,59.2038,-9.872,1,-12.8968,-17.9499,-10.5629,18.8415,2,151,19.6211,411,1,0,-5.10357,-5.10357,1,1,2.7225,3.58888,2,2,9,3,2.73153,3.59387,-5.10357,-5.10357,1,1,2.7225,3.58888,2,2,9,3,2.73153,3.59387,-5.25125,-4.95565,1,1,0.0624138,0.078423,-6.03778,-5.54733,-5.54733,-5.10357,-5.10357,-5.10357,-4.725,-5.54733,-5.10357,-5.10357,-5.10357,-4.89091,-4.725,-4.18444,1,1,1,1,1,1,1,1,1,1,1,1,1,1,6.69512,6.73936,6.84883,0.0716965,6.15943,6.27858,6.4082,6.7361,7.23025,7.37649,7.45285,7.46187,7.4496,7.11316,0.065127,6.15943,6.50909,6.73936,7.34586,7.43714,7.45285,7.4639,11.7987,11.8429,11.8045,0.129743,10.3439,11.0503,11.1254,11.8397,12.3338,12.5426,12.9123,12.5564,12.5532,12.3644,0.116012,10.7199,11.6127,11.8429,12.5427,12.9763,12.996,13.0362,6.88877,6.55395,6.77557,0.0308238,6.34908,6.53659,6.6991,6.77718,6.85425,6.89612,7.10987,6.8153,6.81653,6.87629,0.0283485,6.4993,6.74561,6.77718,6.85425,6.9976,7.06737,7.1508,12.1121,11.9701,12.0721,0.0328351,11.4258,11.9095,11.9845,12.1101,12.1445,12.1929,12.3796,12.4243,12.13,12.2372,0.0376329,11.8763,11.9952,12.1151,12.1451,12.3811,12.4277,12.7343,-9999,-9999
202307051330,202307051400,14.36,0,15.412,14.36,0,1054.91,148.36,0,228.022,148.36,0,374.99,0,357.733,374.99,0,383.998,0,366.682,383.998,0,1.102,0,3.255,1.102,0,99.47,99.562,99.47,0,0.18,1.193,0.18,0,2.83,3.6,2.83,0,104.6,0.874,93.27,118.51,331.97,317.64,7.26,15.05,388.01,398.56,0,12.75,12.5,12.25,11.97,11.21,9.95,0,0,0,0,0,0,19.64,20.585,26.503,23.662,10.821,0,3,3,3,3,5.03,0,117.31,0,153.254,125.521,213.301,34.8425,2,51,73.8117,-16.7127,1,-21.7759,-30.3015,-17.8693,19.3365,2,174,21.4204,412,1,0,4.78,4.78,0,0,1.39376,1.16796,2,2,62,44,1.39376,1.16796,4.78,4.78,0,0,1.39376,1.09953,2,2,62,44,1.39376,1.09953,4.78,4.78,1,1,0,0,4.78,4.78,4.78,4.78,4.78,4.78,4.78,4.78,4.78,4.78,4.78,4.78,4.78,4.78,0,0,0,0,0,0,0,0,0,0,0,0,0,0,6.51161,6.5329,6.66184,0.070837,6.01023,6.09478,6.21347,6.52943,7.04135,7.20082,7.25458,7.28502,7.25261,6.93033,0.0648974,6.02001,6.31099,6.5329,7.14535,7.25261,7.26428,7.28502,1.73161,1.7529,1.88184,0.070837,1.23023,1.31478,1.43347,1.74943,2.26135,2.42082,2.47458,2.47458,2.47261,2.15033,0.0648974,1.24001,1.53099,1.7529,2.36535,2.47261,2.48428,2.50502,6.70769,6.46608,6.57856,0.0239328,6.26253,6.42924,6.46211,6.62112,6.65983,6.68286,6.73512,6.65845,6.65936,6.68447,0.0216655,6.41806,6.46211,6.63477,6.66954,6.77029,6.82857,6.89509,11.4768,11.3431,11.4378,0.0319267,10.8102,11.2833,11.3441,11.4768,11.512,11.5583,11.7185,11.7861,11.4975,11.6033,0.0373531,11.2505,11.3547,11.482,11.5165,11.7485,11.7899,12.0965,-9999,-9999
202307051400,202307051430,13.71,0,14.874,13.71,0,1013.83,133.03,0,251.317,133.03,0,374.14,0,357.537,374.14,0,379.957,0,366.45,379.957,0,0.621,0,2.121,0.621,0,99.45,99.555,99.45,0,0.3,0.589,0.3,0,3.26,3.802,3.26,0,106.6,0.921,96.04,108.62,292.69,281.31,6.4,13.83,384.74,400.83,0,12.78,12.53,12.27,11.97,11.2,9.95,0,0,0,0,0,0,19.63,20.553,26.474,23.648,10.813,0,3,3,3,3,4.45,0,91.89,0,120.046,98.3214,166.604,33.4053,2,40,60.6469,-14.5381,1,-18.9926,-26.3588,-15.5556,18.9036,2,172,20.5299,413,1,0,-3.48857,-3.77385,1,1,2.84273,3.78546,2,2,14,4,2.84637,3.79417,-3.48857,-3.77385,1,1,2.84273,3.78546,2,2,14,4,2.84637,3.79417,-3.58939,-3.53518,1,1,0.0298855,0.14332,-4.0025,-3.77636,-3.77385,-3.48857,-3.48857,-3.48857,-3.48857,-4.0025,-4.0025,-3.864,-3.77385,-3.48857,-3.48857,-3.4375,1,1,1,1,1,1,1,1,1,1,1,1,1,1,6.35755,6.35986,6.50603,0.0704235,5.88336,5.94181,6.04968,6.35755,6.88584,7.06529,7.09079,7.13891,7.08987,6.77858,0.0650064,5.90504,6.14484,6.35986,6.97981,7.08987,7.12828,7.13891,10.1314,10.1337,10.0412,0.159836,9.32086,9.77054,9.8189,10.2376,10.518,10.5548,10.5794,10.5794,10.5784,10.368,0.053536,9.39323,10.13,10.2181,10.5226,10.5794,10.6185,10.6291,6.55726,6.39196,6.41549,0.0273023,6.13311,6.20303,6.35162,6.45302,6.5283,6.54302,6.56841,6.52731,6.52797,6.5242,0.0190637,6.21888,6.38799,6.50334,6.53259,6.58859,6.62858,6.68187,10.6593,10.536,10.6212,0.0306369,10.0208,10.4779,10.5257,10.6647,10.6967,10.7402,10.8689,10.9613,10.6824,10.7853,0.036659,10.4456,10.5326,10.6711,10.7048,10.9296,10.9654,11.2696,-9999,-9999
202307051430,202307051500,13.82,0,15.03,13.82,0,962.747,100.35,0,238.648,100.35,0,372.94,0,357.537,372.94,0,380.847,0,366.45,380.847,0,0.643,0,2.021,0.643,0,99.45,99.518,99.45,0,0,0.589,0,0,2.76,3.839,2.76,0,103.8,0.888,95.93,78.68,226.43,213.92,4.84,9.25,385.07,401.87,0,12.81,12.56,12.29,11.97,11.2,9.95,0,0,0,0,0,0,19.63,20.523,26.447,23.634,10.807,0,3,3,3,3,4.17,0,85.36,0,111.515,91.3344,154.765,32.1933,2,40,56.9853,-16.1432,1,-21.0339,-29.269,-17.2731,19.3247,2,175,21.2725,414,1,0,-0.313125,-0.348667,1,1,2.76403,3.33534,2,2,21,10,2.77417,3.33567,-0.313125,-0.348667,1,1,2.76403,3.33534,2,2,21,10,2.77417,3.33567,-0.242631,-0.263195,1,1,0.0279704,0.0464197,-0.394167,-0.348667,-0.313125,-0.313125,-0.313125,0.125294,0.125294,-0.394167,-0.394167,-0.348667,-0.313125,-0.313125,-0.3,0.151,1,1,1,1,1,1,1,1,1,1,1,1,1,1,6.3876,6.39154,6.54683,0.0726945,5.8976,5.97036,6.07504,6.38765,6.94531,7.1183,7.14754,7.19314,7.14648,6.82548,0.0668401,5.92819,6.17452,6.39154,7.03234,7.14648,7.18117,7.19314,6.73627,6.74021,6.81003,0.094306,5.7466,6.13673,6.46622,6.73632,7.25844,7.43142,7.46066,7.46066,7.4596,7.06812,0.0714711,6.09455,6.47638,6.66958,7.18122,7.45618,7.4638,7.50626,6.58619,6.40608,6.44593,0.0262141,6.18377,6.26253,6.36404,6.47272,6.55415,6.57089,6.60391,6.5532,6.55386,6.55511,0.0194159,6.26119,6.40207,6.52077,6.56301,6.62721,6.66694,6.72273,8.69625,8.59627,8.65904,0.0269054,8.13772,8.54425,8.57402,8.7066,8.73216,8.75487,8.83525,8.96508,8.71896,8.81145,0.0334231,8.51306,8.58616,8.7139,8.74343,8.94212,8.96937,9.25521,-9999,-9999
202307051500,202307051530,14.28,0,15.186,14.28,0,902.531,289.49,0,189.946,289.49,0,361.95,0,368.581,361.95,0,383.601,0,379.496,383.601,0,1.013,0,1.92,1.013,0,99.41,99.482,99.41,0,0,1.417,0,0,3.39,3.877,3.39,0,100.7,1.005,93.78,229.56,610.06,504.23,13.65,28.24,388.14,401.73,0,12.82,12.58,12.3,11.98,11.2,9.95,0,0,0,0,0,0,19.63,20.495,26.421,23.619,10.801,0,3,3,3,3,3.93,0,151.93,0,198.482,162.564,275.462,32.8819,2,57,89.9183,65.385,1,85.4193,69.9613,118.549,21.6276,2,9,42.0118,414,1,0,-10.3956,-10.5293,1,1,2.61945,2.67539,2,2,34,24,2.6203,2.68288,-10.3956,-10.5293,1,1,2.59854,2.67539,2,2,33,24,2.5994,2.68288,-10.4139,-10.3666,1,1,0.0215138,0.0256134,-10.6553,-10.5293,-10.5293,-10.3956,-10.3956,-10.3956,-10.1288,-10.5293,-10.5293,-10.5293,-10.3956,-10.3956,-10.1288,-10.0591,1,1,1,1,1,1,1,1,1,1,1,1,1,1,6.50267,6.51773,6.67884,0.076297,5.97657,6.08271,6.19034,6.51361,7.10525,7.25922,7.30715,7.34075,7.30539,6.96477,0.0695508,6.01503,6.29457,6.51773,7.18949,7.30539,7.32211,7.34075,17.032,17.047,17.0455,0.0910506,16.0357,16.1911,16.4925,17.0429,17.5182,17.6548,17.7028,17.7028,17.701,17.3787,0.0787162,16.0741,16.8239,17.047,17.6252,17.708,17.7223,17.7399,6.69632,6.46015,6.56526,0.0239992,6.25749,6.41174,6.45608,6.60412,6.65131,6.66563,6.72498,6.65055,6.65131,6.67424,0.0217026,6.41219,6.45608,6.62094,6.66174,6.76386,6.81605,6.8813,17.1119,16.9193,17.1147,0.041463,16.3713,16.8907,17.0581,17.1267,17.1719,17.2329,17.6581,17.5083,17.1564,17.2755,0.0409027,16.8173,17.053,17.1286,17.1778,17.4828,17.5122,17.7714,-9999,-9999
202307051530,202307051600,15.39,0,15.227,15.39,0,834.215,334.17,0,175.556,334.17,0,371.25,0,368.581,371.25,0,388.902,0,379.496,388.902,0,2.344,0,1.771,2.344,0,99.4,99.465,99.4,0,0,1.417,0,0,3.6,3.637,3.6,0,110.4,1.006,86.6,275.14,685.1,601.86,15.47,33.01,394.2,399.3,0,12.83,12.6,12.32,11.98,11.2,9.95,0,0,0,0,0,0,19.62,20.469,26.395,23.606,10.795,0,3,3,3,3,3.79,0,125.25,0,163.627,134.016,227.089,46.7456,1,6,83.3384,88.07,0,115.055,94.2341,159.678,33.6008,2,10,59.0131,414,1,0,-10.81,-10.81,0,0,2.68654,2.91566,2,2,39,28,2.68654,2.91566,-10.81,-10.81,0,0,2.66345,2.91566,2,2,38,28,2.66345,2.91566,-10.81,-10.81,1,1,0,0,-10.81,-10.81,-10.81,-10.81,-10.81,-10.81,-10.81,-10.81,-10.81,-10.81,-10.81,-10.81,-10.81,-10.81,0,0,0,0,0,0,0,0,0,0,0,0,0,0,6.77654,6.82131,6.98208,0.0826042,6.17519,6.35194,6.47533,6.81692,7.4548,7.57932,7.66063,7.66356,7.65707,7.27747,0.0741444,6.21983,6.58413,6.82131,7.54686,7.63668,7.65707,7.6704,17.5865,17.6313,17.7921,0.0826042,16.9852,17.1619,17.2853,17.6269,18.2648,18.3893,18.4706,18.4706,18.4671,18.0875,0.0741444,17.0298,17.3941,17.6313,18.3569,18.4467,18.4671,18.4804,6.95636,6.58646,6.85319,0.0359254,6.43092,6.56917,6.7289,6.85637,6.92509,6.98358,7.23574,6.87947,6.88049,6.95928,0.0325642,6.52591,6.80689,6.85118,6.92509,7.11527,7.17556,7.26317,18.3834,18.1778,18.4013,0.0439507,17.6769,18.1542,18.3479,18.412,18.449,18.5357,18.975,18.7937,18.4338,18.5532,0.0407423,18.0769,18.3479,18.4034,18.4563,18.7687,18.805,19.0289,-9999,-9999
202307051600,202307051630,16.05,0,15.267,16.05,0,758.968,526.21,0,76.705,526.21,0,332,0,374.863,332,0,340.75,0,386.917,340.75,0,3.016,0,1.622,3.016,0,99.35,99.448,99.35,0,0,0.51,0,0,3.39,3.397,3.39,0,105.7,1.08,83.47,376.71,1068.56,379.75,24.99,55,398.45,399.07,0,12.85,12.61,12.34,11.98,11.2,9.95,0,0,0,0,0,0,19.62,20.445,26.37,23.593,10.789,0,3,3,3,3,4.04,0,166.93,0,218.078,178.613,302.658,33.5674,2,54,97.8884,162.354,1,212.101,173.718,294.362,45.0063,2,17,100.119,414,1,0,-7.42,-7.42,0,0,2.35953,2.44611,2,2,9,4,2.35953,2.44611,-7.42,-7.42,0,0,2.35953,2.44611,2,2,9,4,2.35953,2.44611,-7.42,-7.42,1,1,0.000000000000000426667,0.000000000000000426667,-7.42,-7.42,-7.42,-7.42,-7.42,-7.42,-7.42,-7.42,-7.42,-7.42,-7.42,-7.42,-7.42,-7.42,0,0,0,0,0,0,0,0,0,0,0,0,0,0,6.94153,7.00405,7.1697,0.08724,6.30012,6.51392,6.64662,6.9994,7.67749,7.79291,7.87927,7.86791,7.87927,7.47305,0.0776737,6.3427,6.75805,7.00405,7.74073,7.83318,7.87488,7.88393,14.3615,14.424,14.5897,0.08724,13.7201,13.9339,14.0666,14.4194,15.0975,15.2129,15.2993,15.3039,15.2993,14.893,0.0776737,13.7627,14.1781,14.424,15.1607,15.2532,15.2949,15.3039,7.11003,6.66011,7.02745,0.0500363,6.58703,6.65584,6.82082,7.01515,7.12327,7.20295,7.53941,7.01515,7.01629,7.13157,0.0412157,6.59016,6.91594,7.01059,7.11167,7.33385,7.39421,7.4998,22.2692,22.0213,22.3376,0.0533042,21.7382,22.0189,22.2107,22.3277,22.4107,22.4497,22.981,22.6867,22.3277,22.4381,0.0379484,21.9341,22.2598,22.3275,22.4077,22.6524,22.6889,22.7969,-9999,-9999
202307051630,202307051700,16.04,0,15.123,16.04,0,678.077,286.86,0,68.519,286.86,0,341.93,0,374.863,341.93,0,392.772,0,386.917,392.772,0,2.958,0,1.364,2.958,0,99.34,99.44,99.34,0,0,0.51,0,0,3.35,3.172,3.35,0,111.3,0.947,83.78,190.7,589.93,317.14,14.02,29.16,397.52,399.47,0,12.88,12.63,12.35,11.99,11.19,9.95,0,0,0,0,0,0,19.61,20.425,26.349,23.58,10.784,0,3,3,3,3,4.34,0,117.19,0,153.098,125.392,212.475,34.8425,2,51,73.3567,59.882,1,78.2302,64.0732,108.571,24.1425,2,8,40.877,414,1,0,-3.73,-3.73,0,0,2.98187,3.78546,2,2,13,4,2.98187,3.78546,-3.73,-3.73,0,0,2.98187,3.78546,2,2,13,4,2.98187,3.78546,-3.73,-3.73,1,1,0.0000000000000000711112,0.0000000000000000711112,-3.73,-3.73,-3.73,-3.73,-3.73,-3.73,-3.73,-3.73,-3.73,-3.73,-3.73,-3.73,-3.73,-3.73,0,0,0,0,0,0,0,0,0,0,0,0,0,0,6.9428,7.00361,7.18101,0.0891287,6.30168,6.51403,6.64578,6.99873,7.70547,7.81715,7.90338,7.89246,7.90338,7.49031,0.0792757,6.34424,6.75695,7.00361,7.76601,7.85801,7.89937,7.90801,10.6728,10.7336,10.911,0.0891287,10.0317,10.244,10.3758,10.7287,11.4355,11.5472,11.6334,11.638,11.6334,11.2203,0.0792757,10.0742,10.487,10.7336,11.496,11.588,11.6294,11.638,7.10795,6.65921,7.02645,0.0499986,6.58564,6.65491,6.8178,7.01468,7.12306,7.19998,7.5378,7.01468,7.01575,7.13237,0.0414133,6.58876,6.91423,7.01171,7.1099,7.34024,7.39658,7.50151,17.067,16.8778,17.0778,0.0420871,16.3355,16.8489,17.009,17.0961,17.1388,17.1981,17.6251,17.4849,17.1226,17.2454,0.042317,16.7728,17.004,17.092,17.1568,17.4734,17.49,17.7515,-9999,-9999
202307051700,202307051730,16.06,0,14.978,16.06,0,592.928,196.21,0,80.665,196.21,0,347.36,0,374.023,347.36,0,394.406,0,385.925,394.406,0,2.56,0,1.106,2.56,0,99.34,99.433,99.34,0,0,0.307,0,0,2.47,2.947,2.47,0,110.8,0.781,85.98,119.29,400.68,263.25,9.64,20.46,397.29,398.17,0,12.92,12.65,12.36,11.99,11.19,9.95,0,0,0,0,0,0,19.6,20.407,26.327,23.569,10.779,0,3,3,3,3,4.5,0,82.25,0,107.452,88.0067,149.126,30.5988,2,37,54.6721,11.8582,1,15.4916,12.6881,21.4999,19.0341,2,9,20.1238,414,1,0,-6.431,-6.431,1,1,2.58409,2.53758,2,2,11,6,2.59542,2.58509,-6.431,-6.431,1,1,2.58409,2.53758,2,2,11,6,2.59542,2.58509,-6.55048,-6.03603,1,1,0.118065,0.142453,-7.655,-6.91545,-6.91545,-6.431,-6.431,-6.431,-5.44429,-6.91545,-6.431,-6.431,-6.431,-5.44429,-5.44429,-4.394,1,1,1,1,1,1,1,1,1,1,1,1,1,1,6.95142,7.0114,7.20028,0.0911547,6.30876,6.5214,6.65266,7.00629,7.74229,7.85067,7.93647,7.92515,7.93647,7.51563,0.0809764,6.35121,6.76372,7.0114,7.79873,7.89061,7.93208,7.94111,13.3824,13.4424,13.2363,0.211135,10.7028,11.7964,12.0965,13.4373,14.1733,14.3524,14.732,14.3721,14.3675,14.0661,0.18132,11.0088,13.1947,13.4424,14.3525,14.8016,14.8494,15.3836,7.11275,6.6616,7.03331,0.0506609,6.58713,6.65726,6.81951,7.02026,7.12988,7.21197,7.55428,7.02026,7.02126,7.14087,0.0420218,6.59024,6.91745,7.0109,7.11979,7.35922,7.40872,7.51366,13.7986,13.6472,13.7894,0.0370397,13.0719,13.61,13.6903,13.8209,13.8673,13.9214,14.1778,14.1925,13.8528,13.9728,0.042542,13.5425,13.6813,13.8209,13.8946,14.1738,14.1988,14.5053,-9999,-9999
202307051730,202307051800,15.74,0,15.459,15.74,0,504.975,75.01,0,68.677,75.01,0,360.06,0,374.023,360.06,0,393.538,0,385.925,393.538,0,1.961,0,1.342,1.961,0,99.33,99.427,99.33,0,0,0.307,0,0,2.45,2.732,2.45,0,108.6,0.628,89.04,34.17,161.53,151.56,3.62,5.62,395.17,398.45,0,12.95,12.67,12.38,12,11.19,9.95,0,0,0,0,0,0,19.59,20.392,26.309,23.559,10.775,0,3,3,3,3,4.55,0,36.36,0,47.5009,38.9048,65.9238,35.2089,1,8,40.507,-24.7742,1,-32.2797,-44.9177,-26.5081,19.3434,2,174,23.6729,414,1,0,3.75762,3.98444,1,1,1.60934,1.26148,2,2,43,30,1.61606,1.32084,3.75762,3.98444,1,1,1.60934,1.26148,2,2,43,30,1.61606,1.32084,3.80982,3.79043,1,1,0.0592765,0.107458,2.92667,3.69,3.69,3.75762,3.9484,3.98444,4.27941,2.47846,3.49636,3.69,3.78632,3.98444,4.27941,4.81467,1,1,1,1,1,1,1,1,1,1,1,1,1,1,6.87673,6.926,7.1293,0.0917009,6.25312,6.44642,6.572,6.92068,7.67863,7.77903,7.86758,7.86531,7.86758,7.44945,0.0816252,6.29653,6.68147,6.926,7.73236,7.83489,7.86645,7.87306,2.89229,2.94156,3.33888,0.134456,1.75733,2.40126,2.62237,3.55231,4.02122,4.08903,4.12781,4.11401,4.10996,3.63963,0.105355,1.8668,2.73412,3.34563,3.98488,4.09686,4.12781,4.17645,7.04025,6.62694,6.95153,0.0436662,6.5563,6.60964,6.77465,6.93828,7.05719,7.09068,7.39663,6.95779,6.95865,7.06218,0.0381227,6.5594,6.86461,6.93828,7.04316,7.26981,7.3099,7.40758,6.96746,6.89292,6.94489,0.0237195,6.4987,6.82401,6.84658,6.9816,7.01796,7.04025,7.10809,7.2262,7.00527,7.08827,0.0310051,6.81771,6.86096,6.98772,7.03361,7.22013,7.23544,7.49187,-9999,-9999
202307051800,202307051830,15.93,0,15.939,15.93,0,415.725,87.14,0,223.149,87.14,0,353.48,0,356.016,353.48,0,395.923,0,364.653,395.923,0,1.784,0,1.578,1.784,0,99.32,99.42,99.32,0,0,0.048,0,0,1.74,2.518,1.74,0,118.7,0.488,90.15,31.82,185.85,131.87,4.76,8.6,395.99,397.2,0,12.98,12.7,12.39,12,11.19,9.95,0,0,0,0,0,0,19.58,20.379,26.292,23.549,10.771,0,3,3,3,3,4.49,0,17,0,22.2089,18.1898,30.8224,32.252,1,11,33.584,-19.35,0,-25.2122,-35.0832,-20.7043,19.3365,2,186,22.0797,414,1,0,0.22,-0.227857,0,1,2.26948,2.46011,2,2,23,10,2.2805,2.47105,0.22,-0.227857,0,1,2.26948,2.46011,2,2,23,10,2.2805,2.47105,0.0725657,-0.0308808,1,1,0.0465022,0.062322,-0.244545,-0.227857,-0.166154,0.22,0.22,0.22,0.22,-1.336,-0.244545,-0.227857,0.021,0.22,0.22,0.22,1,1,1,0,0,0,0,1,1,1,1,0,0,0,6.92698,6.98035,7.19362,0.0944732,6.29156,6.49493,6.62263,6.97478,7.76555,7.86488,7.95153,7.94416,7.95153,7.52043,0.0838559,6.33434,6.7327,6.98035,7.81109,7.91156,7.95031,7.95589,7.15483,7.2082,7.2245,0.0890278,5.89711,6.47393,6.898,7.33088,7.6543,7.73589,7.85266,7.73589,7.73153,7.44786,0.0636021,6.31334,6.97724,7.20264,7.6191,7.72416,7.73246,7.84737,7.0838,6.64792,7.00267,0.0480733,6.57401,6.64351,6.80364,6.97978,7.10379,7.16444,7.48477,6.99745,6.99829,7.11424,0.0409656,6.57711,6.89589,6.97978,7.08687,7.34272,7.37741,7.47872,7.84926,7.76611,7.8289,0.0260571,7.33665,7.69992,7.71858,7.86528,7.90773,7.93396,8.00614,8.13806,7.894,7.98482,0.0338832,7.68558,7.73202,7.87142,7.92865,8.13325,8.14991,8.42241,-9999,-9999
202307051830,202307051900,16.92,0,16.367,16.92,0,326.704,147.87,0,175.222,147.87,0,324.12,0,356.016,324.12,0,401.847,0,364.653,401.847,0,2.771,0,2.169,2.771,0,99.3,99.404,99.3,0,0,0.048,0,0,2,2.383,2,0,147.1,0.494,85.63,40.42,299.96,175.18,8.66,20.89,401.23,394.7,0,12.99,12.72,12.41,12.01,11.19,9.95,0,0,0,0,0,0,19.58,20.369,26.277,23.541,10.769,0,3,3,3,3,4.37,0,62.2994,1,81.3883,66.6598,112.954,21.4369,2,42,40.4627,-17.1387,1,-22.3311,-31.074,-18.3383,19.3483,2,179,21.5288,414,1,0,-4.86556,-4.86556,1,1,2.7225,3.58888,2,2,11,3,2.76401,3.62047,-4.86556,-4.86556,1,1,2.7225,3.58888,2,2,11,3,2.76401,3.62047,-4.95708,-5.19017,1,1,0.0698631,0.0707757,-5.82,-5.82,-4.86556,-4.86556,-4.86556,-4.86556,-4.108,-5.82,-5.82,-5.82,-4.86556,-4.86556,-4.86556,-4.86556,1,1,1,1,1,1,1,1,1,1,1,1,1,1,7.17389,7.25514,7.47213,0.100927,6.47745,6.73802,6.88026,7.24925,8.09219,8.19241,8.27838,8.24289,8.27838,7.80868,0.0887886,6.51706,6.99436,7.25514,8.09765,8.22373,8.25435,8.28449,12.0394,12.1207,12.6623,0.0738242,11.4151,12.1207,12.558,12.8012,12.9865,13.058,13.1439,13.1501,13.1439,12.7658,0.0741909,11.3975,12.2183,12.6813,12.9632,13.0893,13.1199,13.1501,7.30648,6.75412,7.26391,0.0729363,6.66547,6.74961,6.9793,7.19621,7.37863,7.63297,8.09836,7.19525,7.19621,7.37268,0.0554481,6.66862,7.05826,7.19525,7.32605,7.6788,7.7096,7.83156,11.5373,11.4147,11.5268,0.0338734,10.8744,11.3754,11.4037,11.5627,11.6141,11.661,11.8086,11.917,11.5985,11.7131,0.0417832,11.3136,11.4037,11.5627,11.6453,11.9118,11.9318,12.2392,-9999,-9999
202307051900,202307051930,17.23,0,16.795,17.23,0,239.436,98.33,0,137.401,98.33,0,320.12,0,345.349,320.12,0,390.35,0,352.053,390.35,0,6.577,0,2.761,6.577,0,99.31,99.387,99.31,0,0,0.007,0,0,3.56,2.249,3.56,0,191.7,0.72,66.56,3.02,222.71,142.99,6.63,17.22,402.08,402.48,0,13.01,12.74,12.42,12.02,11.19,9.95,0,0,0,0,0,0,19.57,20.36,26.265,23.533,10.766,0,3,3,3,3,3.5,0,50.5293,1,66.0118,54.0659,91.614,18.4202,2,53,33.3772,-73.13,0,-95.2853,-132.591,-78.2484,25.6798,2,44,47.7725,414,1,0,-2.40571,-3.17333,1,1,2.20343,3.71667,2,2,21,6,2.40861,3.75463,-2.40571,-3.17333,1,1,2.20343,3.71667,2,2,21,6,2.40861,3.75463,-2.34529,-2.90436,1,0.975,0.11677,0.0896483,-3.39,-3.39,-3.17333,-2.40571,-1.82125,-1.44444,-1.44444,-3.39,-3.39,-3.39,-3.17333,-2.40571,-2.325,-1.82125,1,1,1,1,1,1,1,1,1,1,1,1,1,1,7.25404,7.34324,7.5699,0.104381,6.53799,6.81621,6.96252,7.33707,8.22642,8.31231,8.40089,8.35637,8.40089,7.91368,0.0915722,6.57655,7.07773,7.34324,8.20894,8.34096,8.36882,8.40755,10.4274,10.5166,10.4743,0.0569395,9.92799,10.0507,10.288,10.4677,10.6938,10.785,11.2289,10.8133,10.8066,10.259,0.0811705,9.14793,9.74568,9.81061,10.282,10.6677,10.7851,10.836,7.37467,6.78655,7.34719,0.0816261,6.69266,6.78198,7.02983,7.25808,7.45496,7.78748,8.29979,7.25715,7.25807,7.45637,0.060593,6.69582,7.10871,7.25715,7.39905,7.79708,7.81918,7.94713,8.62411,8.53466,8.60926,0.0282098,8.07668,8.4715,8.48366,8.64418,8.69385,8.72626,8.79976,8.94517,8.6791,8.77704,0.0366394,8.44771,8.49897,8.6485,8.71693,8.94455,8.96249,9.2444,-9999,-9999
202307051930,202307052000,16.44,0,16.559,16.44,0,155.414,42.12,0,88.914,42.12,0,317.55,0,345.349,317.55,0,383.024,0,352.053,383.024,0,6.366,0,3.231,6.366,0,99.33,99.389,99.33,0,0,0.007,0,0,3.58,2.26,3.58,0,188.1,0.759,65.97,-45.44,101.34,84.62,2.71,4.96,397.6,405.28,0,13.02,12.75,12.44,12.02,11.18,9.95,0,0,0,0,0,0,19.56,20.357,26.254,23.525,10.764,0,3,3,3,3,3.52,0,79.24,0,103.52,84.786,143.669,24.3507,1,21,49.9821,-110.71,0,-144.25,-200.727,-118.459,31.3728,1,18,68.581,414,1,0,1.3,1.3,0,0,2.26948,2.2006,2,2,21,9,2.26948,2.2006,1.3,1.3,0,0,2.26948,2.2006,2,2,21,9,2.26948,2.2006,1.3,1.3,1,1,0.000000000000000142222,0.000000000000000142222,1.3,1.3,1.3,1.3,1.3,1.3,1.3,1.3,1.3,1.3,1.3,1.3,1.3,1.3,0,0,0,0,0,0,0,0,0,0,0,0,0,0,7.06342,7.12748,7.37237,0.102625,6.3959,6.62636,6.7595,7.12116,8.0113,8.1068,8.18778,8.16639,8.18778,7.71886,0.0905267,6.43695,6.87111,7.12748,8.03067,8.13345,8.17412,8.19299,5.76342,5.82748,6.07237,0.102625,5.0959,5.32636,5.4595,5.82116,6.7113,6.8068,6.88779,6.89299,6.88779,6.41886,0.0905266,5.13695,5.57111,5.82748,6.73067,6.83345,6.87411,6.89299,7.19806,6.70296,7.14035,0.0609936,6.61975,6.69841,6.909,7.09376,7.2681,7.41012,7.80854,7.10273,7.10344,7.25549,0.0492158,6.62288,6.9795,7.09376,7.21937,7.54881,7.564,7.67311,4.29839,4.25549,4.28601,0.0165126,3.98823,4.1929,4.22089,4.30811,4.3421,4.35365,4.40619,4.48608,4.33272,4.39084,0.0223986,4.19505,4.23224,4.31452,4.35005,4.48608,4.49588,4.68006,-9999,-9999
202307052000,202307052030,15.9,0,16.323,15.9,0,76.0752,12.62,0,150.001,12.62,0,351.63,0,330.863,351.63,0,378.808,0,334.941,378.808,0,6.061,0,3.701,6.061,0,99.34,99.391,99.34,0,0,0.021,0,0,3.34,2.271,3.34,0,180,0.785,66.46,-32.28,30.87,25.95,0.7,0.2,394.96,406.68,0,13.03,12.77,12.45,12.03,11.18,9.95,0,0,0,0,0,0,19.54,20.385,26.247,23.519,10.763,0,3,3,3,3,3.95,0,80.56,0,105.244,86.1984,146.062,21.1545,1,27,49.1607,-102.96,0,-134.153,-186.675,-110.166,27.1846,1,27,62.8938,414,1,0,4.92,4.92,0,0,1.41167,1.16796,2,2,65,46,1.41167,1.16796,4.92,4.92,0,0,1.41167,1.09953,2,2,65,45,1.41167,1.09953,4.92,4.92,1,1,0.000000000000000568889,0.000000000000000568889,4.92,4.92,4.92,4.92,4.92,4.92,4.92,4.92,4.92,4.92,4.92,4.92,4.92,4.92,0,0,0,0,0,0,0,0,0,0,0,0,0,0,6.93442,6.98129,7.24184,0.102032,6.29954,6.4977,6.62179,6.9748,7.87965,7.96424,8.0503,8.04445,8.0503,7.59177,0.0903498,6.34224,6.73088,6.98129,7.8802,8.01289,8.04913,8.05452,2.01442,2.06129,2.32184,0.102032,1.37954,1.5777,1.70179,2.0548,2.95965,3.04424,3.1303,3.13452,3.1303,2.67177,0.0903498,1.42224,1.81089,2.06129,2.9602,3.09289,3.12913,3.13452,7.07871,6.64578,7.00162,0.0482299,6.56985,6.64123,6.80768,6.99566,7.10556,7.15862,7.48605,6.99815,6.9987,7.12001,0.0420036,6.57295,6.8907,6.99566,7.08345,7.38207,7.39704,7.48876,1.40929,1.39574,1.40447,0.00601872,1.29978,1.36746,1.37698,1.41336,1.42612,1.42983,1.44966,1.4776,1.4225,1.44372,0.00832018,1.36746,1.3869,1.41552,1.42678,1.4776,1.48103,1.55155,-9999,-9999
202307052030,202307052100,15.85,0,16.024,15.85,0,10.1667,0.33,0,2.795,0.33,0,371.17,0,330.863,371.17,0,378.723,0,334.941,378.723,0,5.966,0,4.321,5.966,0,99.34,99.381,99.34,0,0,0.021,0,0,3.39,2.607,3.39,0,179.9,0.741,66.88,-23.19,2.92,1.03,0.02,-1.42,394.6,407.64,0,13.02,12.78,12.47,12.04,11.18,9.95,0,0,0,0,0,0,19.53,20.392,26.242,23.514,10.762,0,3,3,3,3,3.65,0,50.08,0,65.4248,53.5851,90.7993,20.3994,1,30,34.3096,-68.89,0,-89.7608,-124.903,-73.7116,26.3723,1,30,46.212,414,1,0,5.55,5.55,0,0,4.23101,4.23101,1,1,7,7,4.23101,4.23101,5.55,5.55,0,0,4.23101,2.66616,1,1,7,6,4.23101,2.66616,5.55,5.55,1,1,0.000000000000000568889,0.000000000000000568889,5.55,5.55,5.55,5.55,5.55,5.55,5.55,5.55,5.55,5.55,5.55,5.55,5.55,5.55,0,0,0,0,0,0,0,0,0,0,0,0,0,0,6.92583,6.96985,7.24252,0.10372,6.29367,6.48807,6.61062,6.96314,7.89526,7.97558,8.06194,8.05767,8.06194,7.59801,0.0918198,6.33648,6.71929,6.96985,7.88402,8.02691,8.0608,8.06605,1.37583,1.41985,1.69252,0.10372,0.743666,0.938073,1.06062,1.41314,2.34526,2.42558,2.51194,2.51605,2.51194,2.04801,0.0918198,0.78648,1.16929,1.41985,2.33402,2.47691,2.5108,2.51605,7.06818,6.64076,6.99043,0.047312,6.56497,6.63618,6.80205,6.99005,7.09621,7.13966,7.46984,6.99005,6.99052,7.11055,0.0416951,6.56807,6.8824,6.99005,7.07334,7.3764,7.39262,7.47637,0.038376,0.0380181,0.0382446,0.000172716,0.0353002,0.0371745,0.037475,0.038502,0.0388865,0.0389814,0.0395583,0.0403459,0.0387752,0.0393832,0.000240788,0.0371745,0.0377616,0.0385604,0.0389113,0.0403459,0.0404428,0.0425016,-9999,-9999
202307052100,202307052130,15.59,0,15.725,15.59,0,0,0,0,0,0,0,369.78,0,335.786,369.78,0,378.444,0,340.757,378.444,0,5.436,0,4.94,5.436,0,99.31,99.37,99.31,0,0,0.001,0,0,2.54,2.944,2.54,0,163.3,0.536,69.32,-24.09,0.69,0.68,-0.03,-1.54,393.21,408.45,0,13.01,12.78,12.48,12.04,11.18,9.95,0,0,0,0,0,0,19.52,20.399,26.239,23.511,10.763,0,3,3,3,3,3.41,0,40.67,0,53.1315,43.5165,73.7382,15.3261,1,34,27.1438,-66.7,0,-86.9073,-120.933,-71.3684,22.0349,1,35,42.8425,414,1,1,6.89,6.89,0,0,4.13872,4.13872,1,1,7,7,4.13872,4.17864,6.89,6.89,0,0,4.13872,2.56343,1,1,7,6,4.13872,2.6274,6.84347,6.80263,1,1,0.0414877,0.0582332,5.96556,6.89,6.89,6.89,6.89,6.89,7.118,5.96556,5.96556,6.89,6.89,6.89,7.118,7.118,1,0,0,0,0,0,1,1,1,0,0,0,1,1,6.86561,6.9008,7.1867,0.104405,6.24887,6.42749,6.54535,6.8939,7.84704,7.92979,8.0123,8.0123,8.00905,7.54666,0.0925721,6.29245,6.65271,6.9008,7.82136,7.98496,8.00905,8.01926,-0.0243893,0.0108018,0.384062,0.100829,-0.690509,-0.466011,-0.0339446,0.533473,0.957038,1.03979,1.1223,1.12268,1.11905,0.703196,0.0844,-0.572646,0.00389814,0.414725,0.931359,1.09496,1.11905,1.12926,7.01204,6.6136,6.92544,0.0418406,6.54114,6.59668,6.76357,6.9411,7.0212,7.0537,7.36608,6.9411,6.94149,7.0473,0.0385781,6.54423,6.83949,6.9411,7.0176,7.29797,7.31692,7.39047,0,0,0,0,0,0,0,0,0,0,0,0,0,0,0,0,0,0,0,0,0,0,-9999,-9999
202307052130,202307052200,14.8,0,15.338,14.8,0,0,0,0,0,0,0,372.95,0,335.786,372.95,0,377.959,0,340.757,377.959,0,3.732,0,5.037,3.732,0,99.31,99.373,99.31,0,0.22,0.001,0.22,0,3.79,3.183,3.79,0,170.7,0.958,77.84,-21.55,0.66,0.68,-0.04,-1.42,388.81,408.13,0,13,12.78,12.49,12.05,11.18,9.95,0,0,0,0,0,0,19.51,20.407,26.237,23.507,10.763,0,3,3,3,3,3.21,0,38.58,0,50.4011,41.2802,69.9488,10.3846,1,37,23.6532,-99.96,0,-130.244,-181.236,-106.956,25.7954,1,37,60.8056,414,1,1,6.92,6.92,0,0,2.02385,2.23425,1,1,9,7,2.02777,2.26502,6.92,6.92,0,0,2.02385,2.23425,1,1,9,7,2.02777,2.26502,6.82964,6.72968,1,1,0.0379458,0.0524927,6.17591,6.66783,6.92,6.92,6.92,6.92,6.92,5.83222,6.17591,6.66783,6.92,6.92,6.92,6.92,1,1,0,0,0,0,0,1,1,1,0,0,0,0,6.67534,6.68708,6.98844,0.102569,6.10559,6.23876,6.34421,6.68007,7.63755,7.73472,7.79549,7.81859,7.79325,7.3499,0.0915464,6.15153,6.44804,6.68708,7.59133,7.79325,7.80116,7.81859,-0.244664,-0.232919,0.258765,0.0782716,-0.429072,-0.284116,-0.264816,0.470123,0.71755,0.814723,0.875494,0.875494,0.873252,0.520258,0.0689612,-0.323623,-0.232919,0.230936,0.671335,0.873252,0.881165,0.89859,6.84178,6.53028,6.72686,0.0283922,6.33526,6.51383,6.64155,6.7758,6.80367,6.8522,7.04063,6.78938,6.78963,6.8492,0.0293778,6.47242,6.65423,6.75124,6.82856,7.04063,7.04695,7.11635,0,0,0,0,0,0,0,0,0,0,0,0,0,0,0,0,0,0,0,0,0,0,-9999,-9999
202307052200,202307052230,13.9,0,14.951,13.9,0,0,0,0,0,0,0,347.45,0,348.31,347.45,0,373.464,0,355.55,373.464,0,2.768,0,5.133,2.768,0,99.32,99.377,99.32,0,0,0,0,0,3.86,3.423,3.86,0,174.2,0.852,82.58,-39.13,0.65,0.68,-0.04,-4.41,384.21,407.73,0,12.99,12.78,12.5,12.06,11.18,9.95,0,0,0,0,0,0,19.51,20.454,26.281,23.533,10.776,0,3,3,3,3,3.04,0,10.96,0,14.3182,11.7271,19.9282,11.8085,1,37,13.2815,-36.88,0,-48.1802,-67.0576,-39.4612,31.062,1,46,37.1932,415,1,1,5.64,5.64,0,0,1.24199,1.01351,1,1,14,13,1.24199,1.01351,5.64,5.64,0,0,1.24199,1.01351,1,1,14,13,1.24199,1.01351,5.64,5.64,1,1,0.000000000000000853334,0.000000000000000853334,5.64,5.64,5.64,5.64,5.64,5.64,5.64,5.64,5.64,5.64,5.64,5.64,5.64,5.64,0,0,0,0,0,0,0,0,0,0,0,0,0,0,6.45856,6.44477,6.76093,0.100228,5.94138,6.02432,6.11616,6.44477,7.39423,7.52431,7.54417,7.59318,7.54346,7.12276,0.0902125,5.98992,6.21604,6.44477,7.34145,7.54346,7.58461,7.59318,0.818556,0.804774,1.12093,0.100228,0.301378,0.384315,0.476164,0.804774,1.75423,1.88431,1.90417,1.90417,1.90346,1.48276,0.0902125,0.349916,0.576041,0.804774,1.70145,1.90346,1.94461,1.95318,6.64975,6.43484,6.5046,0.0257947,6.23287,6.35399,6.40264,6.51753,6.61792,6.63843,6.67833,6.61692,6.61707,6.6248,0.0222314,6.31878,6.43029,6.55879,6.62838,6.75166,6.75859,6.81281,0,0,0,0,0,0,0,0,0,0,0,0,0,0,0,0,0,0,0,0,0,0,-9999,-9999
202307052230,202307052300,13.57,0,14.586,13.57,0,0,0,0,0,0,0,343.04,0,348.31,343.04,0,371.94,0,355.55,371.94,0,2.398,0,4.709,2.398,0,99.31,99.379,99.31,0,0,0,0,0,3.73,3.555,3.73,0,176,0.792,84.58,-40.89,0.65,0.68,-0.05,-4.51,382.45,408.38,0,12.97,12.78,12.51,12.07,11.18,9.95,0,0,0,0,0,0,19.51,20.476,26.33,23.563,10.791,0,3,3,3,3,2.77,0,13.76,0,17.9871,14.7239,25.0193,9.63403,1,36,12.2907,-38.52,0,-50.3227,-69.84,-41.216,29.9801,1,45,36.7292,416,1,1,5.67,5.67,0,0,0.92599,0.92599,1,1,12,12,0.92599,0.92599,5.67,5.67,0,0,0.92599,0.92599,1,1,12,12,0.92599,0.92599,5.67,5.67,1,1,0.000000000000000711112,0.000000000000000711112,5.67,5.67,5.67,5.67,5.67,5.67,5.67,5.67,5.67,5.67,5.67,5.67,5.67,5.67,0,0,0,0,0,0,0,0,0,0,0,0,0,0,6.38138,6.35767,6.68577,0.100507,5.88303,5.94741,6.03393,6.35767,7.32269,7.46294,7.46755,7.52609,7.46741,7.05101,0.0907057,5.93248,6.13224,6.35767,7.26972,7.46741,7.52298,7.52609,0.711375,0.687672,1.01577,0.100507,0.213034,0.277407,0.363926,0.687672,1.65269,1.79294,1.79755,1.79755,1.79741,1.38101,0.0907057,0.26248,0.462242,0.687672,1.59972,1.79741,1.85298,1.85609,6.58202,6.40065,6.42592,0.0288215,6.12506,6.19583,6.35838,6.46662,6.55874,6.56648,6.58618,6.55601,6.5561,6.54509,0.0212092,6.19878,6.38571,6.47652,6.56603,6.64874,6.65514,6.70507,0,0,0,0,0,0,0,0,0,0,0,0,0,0,0,0,0,0,0,0,0,0,-9999,-9999
202307052300,202307052330,13.55,0,14.222,13.55,0,0,0,0,0,0,0,371.24,0,356.329,371.24,0,373.13,0,365.023,373.13,0,2.055,0,4.284,2.055,0,99.31,99.381,99.31,0,0,0.003,0,0,3.64,3.687,3.64,0,176.8,0.91,86.77,-15.41,0.65,0.67,-0.04,-4.26,382.65,408.75,0,12.95,12.77,12.51,12.07,11.18,9.95,0,0,0,0,0,0,19.5,20.529,26.387,23.598,10.808,0,3,3,3,3,2.47,0,22.71,0,29.6685,24.3009,41.1752,11.4412,1,37,16.9519,-51.35,0,-67.0839,-93.1019,-54.9472,28.3786,1,46,40.0663,417,1,1,7.66,7.66,0,0,4.76906,1.06324,1,1,13,11,4.76906,1.06324,7.66,7.66,0,0,4.76906,1.06324,1,1,13,11,4.76906,1.06324,7.66,7.66,1,1,0.000000000000000284445,0.000000000000000284445,7.66,7.66,7.66,7.66,7.66,7.66,7.66,7.66,7.66,7.66,7.66,7.66,7.66,7.66,0,0,0,0,0,0,0,0,0,0,0,0,0,0,6.37989,6.35436,6.69332,0.102205,5.88245,5.9449,6.03042,6.35436,7.34466,7.4831,7.48595,7.54544,7.48587,7.0638,0.0921713,5.93192,6.12846,6.35436,7.28352,7.48587,7.54296,7.54544,-1.28011,-1.30564,-0.966682,0.102205,-1.77755,-1.7151,-1.62958,-1.30564,-0.315345,-0.1769,-0.174047,-0.174047,-0.174126,-0.596196,0.0921713,-1.72808,-1.53154,-1.30564,-0.376485,-0.174126,-0.117035,-0.114564,6.58115,6.39997,6.42371,0.0290649,6.11948,6.19452,6.3578,6.46552,6.55846,6.5663,6.58679,6.55552,6.55558,6.54336,0.0213203,6.19326,6.38508,6.47329,6.56601,6.64603,6.65228,6.70241,0,0,0,0,0,0,0,0,0,0,0,0,0,0,0,0,0,0,0,0,0,0,-9999,-9999
202307052330,202307060000,13.64,0,14.127,13.64,0,0,0,0,0,0,0,370.88,0,356.329,370.88,0,373.556,0,365.023,373.556,0,2.153,0,3.936,2.153,0,99.3,99.387,99.3,0,0,0.003,0,0,3,3.807,3,0,180.5,0.71,86.22,-14.27,0.65,0.67,-0.04,-4.58,383.19,409.29,0,12.92,12.76,12.51,12.08,11.17,9.95,0,0,0,0,0,0,19.5,20.595,26.454,23.638,10.829,0,3,3,3,3,2.22,0,33.11,0,43.2551,35.4294,60.0312,13.0615,1,39,22.432,-73.75,0,-96.0931,-133.715,-78.9164,27.133,1,46,48.85,418,1,1,7.52,7.52,0,0,5.93833,4.57194,1,1,14,12,5.93833,4.57194,7.52,7.52,0,0,5.93833,1.10329,1,1,14,11,5.93833,1.10329,7.52,7.52,1,1,0.000000000000000142222,0.000000000000000142222,7.52,7.52,7.52,7.52,7.52,7.52,7.52,7.52,7.52,7.52,7.52,7.52,7.52,7.52,0,0,0,0,0,0,0,0,0,0,0,0,0,0,6.40527,6.38075,6.73038,0.104416,5.9024,5.9688,6.05484,6.38075,7.40009,7.53243,7.53831,7.5957,7.53812,7.10677,0.0939955,5.95158,6.15305,6.38075,7.32784,7.53812,7.59214,7.5957,-1.11473,-1.13925,-0.789622,0.104416,-1.6176,-1.5512,-1.46516,-1.13925,-0.119908,0.0124259,0.0183144,0.0183144,0.0181222,-0.413231,0.0939955,-1.56842,-1.36695,-1.13925,-0.192155,0.0181222,0.0721431,0.0756993,6.60364,6.41106,6.44844,0.0280912,6.16157,6.2295,6.36723,6.48213,6.58184,6.59081,6.61113,6.57628,6.57631,6.56927,0.0217098,6.22824,6.40642,6.48451,6.58715,6.67898,6.68676,6.73703,0,0,0,0,0,0,0,0,0,0,0,0,0,0,0,0,0,0,0,0,0,0,-9999,-9999
202307060000,202307060030,13.56,0,14.033,13.56,0,0,0,0,0,0,0,372.4,0,330.237,372.4,0,373.954,0,334.202,373.954,0,1.868,0,3.589,1.868,0,99.3,99.393,99.3,0,0,0.014,0,0,3.7,3.926,3.7,0,186.2,0.807,87.98,-13.66,0.65,0.68,-0.04,-3.98,382.45,409.07,0,12.9,12.75,12.52,12.08,11.17,9.95,0,0,0,0,0,0,19.49,20.674,26.535,23.689,10.854,0,3,3,3,3,2.07,0,8.19276,1,10.7031,8.76669,14.8966,11.2547,2,247,12.1374,-88.19,0,-115.212,-160.353,-94.3679,27.0893,1,43,55.9142,419,1,1,6.12,6.12,0,0,5.77214,4.5464,1,1,16,12,5.77214,4.5464,6.12,6.12,0,0,5.77214,0.941589,1,1,16,11,5.77214,0.941589,6.12,6.12,1,1,0.000000000000000426667,0.000000000000000426667,6.12,6.12,6.12,6.12,6.12,6.12,6.12,6.12,6.12,6.12,6.12,6.12,6.12,6.12,0,0,0,0,0,0,0,0,0,0,0,0,0,0,6.38911,6.36122,6.72186,0.105822,5.89061,5.95188,6.03609,6.36122,7.40371,7.5366,7.53811,7.59811,7.53808,7.10305,0.0952655,5.93998,6.13379,6.36122,7.32493,7.53808,7.59612,7.59811,0.269114,0.241221,0.601863,0.105822,-0.229392,-0.168116,-0.0839066,0.241221,1.28371,1.4166,1.41811,1.41811,1.41808,0.983048,0.0952655,-0.18002,0.0137892,0.241221,1.20493,1.41808,1.47612,1.47811,6.59009,6.40399,6.43156,0.0289823,6.12994,6.19876,6.36123,6.47136,6.56769,6.57669,6.59874,6.56424,6.56424,6.55246,0.0216536,6.20061,6.38918,6.47342,6.57493,6.65677,6.66429,6.71399,0,0,0,0,0,0,0,0,0,0,0,0,0,0,0,0,0,0,0,0,0,0,-9999,-9999
202307060030,202307060100,13.26,0,13.638,13.26,0,0,0,0,0,0,0,370.2,0,330.237,370.2,0,374.021,0,334.202,374.021,0,1.157,0,2.977,1.157,0,99.3,99.392,99.3,0,0,0.014,0,0,3.35,3.903,3.35,0,187.1,0.778,92.41,-13.25,0.65,0.67,-0.04,-4.52,381.25,409.45,0,12.88,12.74,12.52,12.09,11.17,9.95,0,0,0,0,0,0,19.48,20.675,26.534,23.686,10.855,0,3,3,3,3,2,0,3.14,0,4.10462,3.36383,5.73,10.4551,1,40,10.6012,-26.89,0,-35.1292,-48.8932,-28.7737,25.3084,1,42,29.3761,420,1,1,5.95,5.95,0,0,2.3371,0.802002,1,1,15,11,2.3371,0.802002,5.95,5.95,0,0,2.3371,0.802002,1,1,15,11,2.3371,0.802002,5.95,5.95,1,1,0.000000000000000711112,0.000000000000000711112,5.95,5.95,5.95,5.95,5.95,5.95,5.95,5.95,5.95,5.95,5.95,5.95,5.95,5.95,0,0,0,0,0,0,0,0,0,0,0,0,0,0,6.31918,6.28233,6.65416,0.106155,5.83767,5.88783,5.9618,6.28481,7.33972,7.46773,7.48003,7.5381,7.4699,7.03858,0.0957943,5.88786,6.05786,6.28233,7.2605,7.48025,7.53751,7.54039,0.369177,0.33233,0.704164,0.106155,-0.112329,-0.0621672,0.0118036,0.334805,1.38972,1.51773,1.53003,1.51941,1.5199,1.08858,0.0957943,-0.0621409,0.107861,0.33233,1.3105,1.53025,1.58751,1.59039,6.53109,6.37174,6.36051,0.0328605,5.98771,6.05381,6.29805,6.42302,6.51513,6.51992,6.53813,6.51046,6.51069,6.4808,0.021661,6.09109,6.33539,6.43386,6.51917,6.56698,6.57012,6.61906,0,0,0,0,0,0,0,0,0,0,0,0,0,0,0,0,0,0,0,0,0,0,-9999,-9999
202307060100,202307060130,12.9,0,13.244,12.9,0,0,0,0,0,0,0,369.84,0,347.643,369.84,0,373.751,0,354.763,373.751,0,0.388,0,2.364,0.388,0,99.31,99.391,99.31,0,0.17,0.001,0.17,0,3.56,3.88,3.56,0,193.3,0.717,97.39,-11.89,0.64,0.67,-0.04,-4.07,379.43,410.18,0,12.85,12.73,12.51,12.09,11.17,9.95,0,0,0,0,0,0,19.47,20.676,26.533,23.682,10.856,0,3,3,3,3,1.87,0,11.07,0,14.4708,11.8591,20.1282,10.6537,1,37,12.2913,-45.4319,1,-59.3888,-82.6072,-48.6704,20.1368,2,103,32.2236,421,1,1,4.77,4.77,0,0,0.909573,0.982691,1,1,16,13,0.909573,0.982691,4.77,4.77,0,0,0.909573,0.982691,1,1,16,13,0.909573,0.982691,4.77,4.77,1,1,0.000000000000000284445,0.000000000000000284445,4.77,4.77,4.77,4.77,4.77,4.77,4.77,4.77,4.77,4.77,4.77,4.77,4.77,4.77,0,0,0,0,0,0,0,0,0,0,0,0,0,0,6.23463,6.18748,6.57021,0.106173,5.77341,5.82444,5.87462,6.19338,7.25683,7.37792,7.40617,7.46061,7.38276,6.95727,0.0961059,5.82457,5.96612,6.18748,7.19042,7.4067,7.45888,7.46731,1.46463,1.41748,1.80021,0.106173,1.00341,1.05444,1.10462,1.42338,2.48683,2.60792,2.63617,2.61167,2.61276,2.18727,0.0961059,1.05457,1.19612,1.41748,2.42042,2.6367,2.68888,2.69731,6.45889,6.33287,6.27551,0.038249,5.75936,5.85457,6.18425,6.34717,6.44613,6.451,6.45889,6.44491,6.44538,6.39423,0.0225614,5.96214,6.30114,6.32808,6.44613,6.46359,6.46667,6.5037,0,0,0,0,0,0,0,0,0,0,0,0,0,0,0,0,0,0,0,0,0,0,-9999,-9999
202307060130,202307060200,12.89,0,13.315,12.89,0,0,0,0,0,0,0,370.82,0,347.643,370.82,0,373.474,0,354.763,373.474,0,0.44,0,2.249,0.44,0,99.31,99.392,99.31,0,0,0.001,0,0,3.61,3.9,3.61,0,193.8,0.794,97.04,-10.54,0.66,0.67,-0.04,-4.12,379.35,410.54,0,12.83,12.71,12.51,12.09,11.17,9.95,0,0,0,0,0,0,19.47,20.678,26.532,23.68,10.857,0,3,3,3,3,1.8,0,8.94,0,11.6864,9.57728,16.2553,10.5814,1,37,11.6821,-45.326,1,-59.2142,-82.4147,-48.557,20.1368,2,105,32.1779,422,1,1,5.99,5.99,0,0,2.14538,1.28376,1,1,18,15,2.14538,1.28376,5.99,5.99,0,0,2.14538,1.28376,1,1,18,15,2.14538,1.28376,5.99,5.99,1,1,0.000000000000000568889,0.000000000000000568889,5.99,5.99,5.99,5.99,5.99,5.99,5.99,5.99,5.99,5.99,5.99,5.99,5.99,5.99,0,0,0,0,0,0,0,0,0,0,0,0,0,0,6.23549,6.18681,6.58011,0.107871,5.77462,5.82564,5.87376,6.19299,7.281,7.39851,7.4281,7.48208,7.40357,6.9723,0.0975711,5.82577,5.96485,6.18681,7.21398,7.42866,7.48026,7.48917,0.245493,0.196813,0.590109,0.107871,-0.215381,-0.164365,-0.116238,0.202989,1.291,1.40851,1.4381,1.41242,1.41357,0.982299,0.0975711,-0.164226,-0.0251536,0.196813,1.22398,1.43866,1.49026,1.49917,6.46074,6.33153,6.27518,0.0383356,5.75774,5.85365,6.18197,6.34447,6.44752,6.45173,6.46204,6.44682,6.44752,6.39524,0.022788,5.95973,6.29872,6.32665,6.44759,6.46571,6.47053,6.50652,0,0,0,0,0,0,0,0,0,0,0,0,0,0,0,0,0,0,0,0,0,0,-9999,-9999
202307060200,202307060230,12.86,0,13.387,12.86,0,0,0,0,0,0,0,365.92,0,347.295,365.92,0,373.862,0,354.351,373.862,0,0.264,0,2.134,0.264,0,99.31,99.394,99.31,0,0,0.005,0,0,3.27,3.919,3.27,0,188.6,0.685,98.22,-14.27,0.66,0.68,-0.04,-4.53,379.3,410.7,0,12.81,12.7,12.51,12.1,11.17,9.95,0,0,0,0,0,0,19.46,20.681,26.532,23.678,10.859,0,3,3,3,3,2.13,0,0.39,0,0.50981,0.417801,0.709124,10.648,1,36,10.6502,-23.36,0,-30.5363,-42.4747,-25.0252,22.0037,1,41,25.5241,423,1,1,6.44,6.44,0,0,2.15538,1.33138,1,1,19,15,2.15538,1.33138,6.44,6.44,0,0,2.15538,1.37339,1,1,19,14,2.15538,1.37339,6.44,6.42486,1,1,0.000000000000000142222,0.0151442,6.44,6.44,6.44,6.44,6.44,6.44,6.44,6.44,6.44,6.44,6.44,6.44,6.44,6.44,0,0,0,0,0,0,0,0,0,0,0,0,0,0,6.23148,6.18077,6.58463,0.109471,5.77208,5.82313,5.86797,6.1874,7.29899,7.41273,7.44451,7.49786,7.41815,6.98178,0.0989692,5.82328,5.9584,6.18077,7.23264,7.4451,7.49588,7.50555,-0.208523,-0.259227,0.15977,0.108064,-0.667922,-0.616868,-0.572027,-0.208523,0.858993,0.972728,1.00451,0.976925,0.978154,0.541784,0.0989692,-0.616716,-0.481601,-0.259227,0.792638,1.0051,1.05588,1.06555,6.45829,6.32804,6.27004,0.0387345,5.74365,5.84448,6.17334,6.33855,6.44579,6.4487,6.45963,6.44485,6.44579,6.39124,0.0230758,5.9503,6.29449,6.32307,6.44579,6.46323,6.46762,6.50252,0,0,0,0,0,0,0,0,0,0,0,0,0,0,0,0,0,0,0,0,0,0,-9999,-9999
202307060230,202307060300,13.01,0,13.367,13.01,0,0,0,0,0,0,0,370.83,0,347.295,370.83,0,374.916,0,354.351,374.916,0,0.33,0,1.999,0.33,0,99.31,99.401,99.31,0,0,0.005,0,0,3.14,3.89,3.14,0,191.4,0.714,97.8,-9.23,0.66,0.68,-0.04,-4.83,380.15,411.33,0,12.8,12.69,12.5,12.1,11.17,9.95,0,0,0,0,0,0,19.45,20.684,26.532,23.675,10.86,0,3,3,3,3,2.06,0,5.41811,1,7.08258,5.80433,9.85155,10.7644,2,270,11.1747,-24.68,0,-32.2421,-44.7469,-26.4089,22.4242,1,34,26.2228,424,1,1,5.33,5.33,0,0,2.30737,1.41547,1,1,17,14,2.30737,1.41547,5.33,5.33,0,0,2.30737,1.46231,1,1,17,13,2.30737,1.46231,5.33,5.34261,1,1,0.000000000000000568889,0.0126058,5.33,5.33,5.33,5.33,5.33,5.33,5.33,5.33,5.33,5.33,5.33,5.33,5.33,5.33,0,0,0,0,0,0,0,0,0,0,0,0,0,0,6.27144,6.22316,6.6377,0.111976,5.80328,5.85392,5.90656,6.22862,7.37272,7.48431,7.51074,7.5651,7.48884,7.04122,0.100994,5.85403,5.99853,6.22316,7.29558,7.51124,7.5635,7.57131,0.941435,0.893156,1.29509,0.114689,0.455051,0.523141,0.574528,0.898619,2.04272,2.15431,2.18074,2.15781,2.15884,1.71122,0.100994,0.524034,0.668533,0.893156,1.96558,2.18124,2.2335,2.24131,6.49442,6.34389,6.3082,0.0363925,5.84252,5.92254,6.22193,6.36153,6.47823,6.4843,6.50118,6.47771,6.47889,6.43236,0.0229442,6.00435,6.30666,6.36842,6.48001,6.51436,6.51872,6.55986,0,0,0,0,0,0,0,0,0,0,0,0,0,0,0,0,0,0,0,0,0,0,-9999,-9999
202307060300,202307060330,13.2,0,13.348,13.2,0,0,0,0,0,0,0,360.79,0,347.377,360.79,0,375.954,0,354.448,375.954,0,0.496,0,1.864,0.496,0,99.31,99.408,99.31,0,0,0.003,0,0,3.94,3.861,3.94,0,193.4,0.715,96.73,-19.28,2.48,1.25,0.01,-4.52,380.9,410.85,0,12.78,12.67,12.5,12.1,11.17,9.95,0,0,0,0,0,0,19.45,20.687,26.532,23.673,10.861,0,3,3,3,3,2,0,7.65,0,10.0001,8.19532,13.9097,10.0396,1,22,10.8967,-30.06,0,-39.2705,-54.5013,-32.1658,22.0505,1,27,27.5747,424,1,1,4.66,4.66,0,0,3.61467,3.33808,1,1,16,14,3.61467,3.33808,4.66,4.66,0,0,3.61467,3.47408,1,1,16,13,3.61467,3.47408,4.66,4.66,1,1,0.000000000000000426667,0.000000000000000426667,4.66,4.66,4.66,4.66,4.66,4.66,4.66,4.66,4.66,4.66,4.66,4.66,4.66,4.66,0,0,0,0,0,0,0,0,0,0,0,0,0,0,6.32125,6.27642,6.70181,0.114713,5.842,5.89213,5.9551,6.28035,7.45933,7.56909,7.58841,7.64415,7.57243,7.11206,0.103186,5.89219,6.04912,6.27642,7.36868,7.58877,7.64305,7.64839,1.66126,1.61642,2.04181,0.114713,1.182,1.23213,1.2951,1.62035,2.79933,2.90909,2.92841,2.91167,2.91243,2.45206,0.103186,1.23219,1.38912,1.61642,2.70868,2.92877,2.98305,2.98839,6.53936,6.36399,6.35607,0.0336832,5.96687,6.03,6.28344,6.41372,6.51835,6.52654,6.5477,6.51835,6.51977,6.48368,0.0231032,6.07212,6.32241,6.42478,6.52386,6.58479,6.588,6.63142,0,0,0,0,0,0,0,0,0,0,0,0,0,0,0,0,0,0,0,0,0,0,-9999,-9999
202307060330,202307060400,13.1,0,13.248,13.1,0,23.4278,1.74,0,0,1.74,0,368.35,0,347.377,368.35,0,375.395,0,354.448,375.395,0,0.412,0,1.706,0.412,0,99.32,99.402,99.32,0,0.24,0.003,0.24,0,3.89,3.98,3.89,0,197.6,0.727,97.27,-10.57,6.22,3.44,0.1,-3.57,380.37,410.48,0,12.76,12.66,12.49,12.1,11.17,9.95,0,0,0,0,0,0,19.45,20.69,26.532,23.671,10.862,0,3,3,3,3,2,0,5.18812,1,6.78194,5.55795,9.43338,10.7294,2,272,11.1073,-39.66,0,-51.812,-71.9069,-42.4383,24.5181,1,20,32.838,424,1,0,5.35,5.35,0,0,4.12951,3.92569,1,1,12,10,4.12951,3.92569,5.35,5.35,0,0,4.12951,4.16173,1,1,12,9,4.12951,4.16173,5.35,5.35,1,1,0.000000000000000568889,0.000000000000000568889,5.35,5.35,5.35,5.35,5.35,5.35,5.35,5.35,5.35,5.35,5.35,5.35,5.35,5.35,0,0,0,0,0,0,0,0,0,0,0,0,0,0,6.30011,6.25149,6.68742,0.115966,5.82635,5.87669,5.93201,6.2565,7.45425,7.56099,7.58546,7.63992,7.56519,7.10211,0.104344,5.87679,6.0245,6.25149,7.37016,7.58592,7.63846,7.64559,0.950112,0.901487,1.33742,0.115966,0.47635,0.526693,0.582012,0.906504,2.10425,2.21099,2.23546,2.21424,2.21519,1.75211,0.104344,0.526791,0.674501,0.901487,2.02016,2.23592,2.28846,2.29559,6.52197,6.35301,6.33398,0.0350464,5.90752,5.98137,6.25243,6.39757,6.50287,6.5105,6.52999,6.50287,6.50452,6.46208,0.0233762,6.03766,6.31183,6.40089,6.50611,6.5596,6.5628,6.60348,0.205297,0.204091,0.206293,0.00117703,0.18832,0.197623,0.201548,0.206939,0.211625,0.212219,0.215498,0.222032,0.211624,0.214076,0.00159469,0.197793,0.20186,0.208433,0.212219,0.222032,0.222755,0.233148,-9999,-9999
202307060400,202307060430,12.64,0,13.149,12.64,0,97.4474,7.07,0,1.413,7.07,0,372.89,0,340.754,372.89,0,372.942,0,346.625,372.942,0,0,0,1.548,0,0,99.34,99.395,99.34,0,0.08,0.019,0.08,0,4.32,4.098,4.32,0,208.8,0.922,100,0.88,18.79,15.53,0.35,-1.77,378.62,409.92,0,12.75,12.65,12.49,12.1,11.17,9.95,0,0,0,0,0,0,19.44,20.693,26.533,23.669,10.864,0,3,3,3,3,1.96,0,5.4917,1,7.17878,5.88317,9.98537,10.7363,2,271,11.1586,-91.79,0,-119.915,-166.423,-98.2201,28.8171,1,13,58.1941,424,1,0,5.13,5.13,0,0,0.813079,1.09953,1,2,6,46,0.813079,1.09953,5.13,5.13,0,0,0.813079,1.05926,1,2,6,45,0.813079,1.05926,5.13,5.13,1,1,0.000000000000000426667,0.000000000000000426667,5.13,5.13,5.13,5.13,5.13,5.13,5.13,5.13,5.13,5.13,5.13,5.13,5.13,5.13,0,0,0,0,0,0,0,0,0,0,0,0,0,0,6.19089,6.1297,6.57526,0.115321,5.74306,5.79294,5.82016,6.13899,7.32939,7.43683,7.48155,7.53145,7.44442,6.99132,0.104175,5.78068,5.90675,6.1297,7.28177,7.48239,7.52856,7.54274,1.06089,0.999704,1.44526,0.115321,0.613056,0.662939,0.690156,1.00899,2.19939,2.30683,2.35155,2.3127,2.31442,1.86132,0.104175,0.650677,0.776752,0.999704,2.15177,2.35239,2.39856,2.41274,6.42643,6.30326,6.22572,0.0418301,5.62911,5.76847,6.10716,6.2988,6.41432,6.41746,6.42599,6.41746,6.41933,6.35004,0.0245343,5.87939,6.25991,6.29797,6.41557,6.42272,6.4279,6.45164,0.821036,0.816329,0.825556,0.00471078,0.753683,0.791495,0.806934,0.827536,0.84737,0.849526,0.862304,0.888957,0.847367,0.856573,0.00634659,0.792158,0.807233,0.834249,0.849491,0.888957,0.891879,0.931804,-9999,-9999
202307060430,202307060500,12.46,0,13.115,12.46,0,178.393,14.64,0,2.6,14.64,0,370.45,0,340.754,370.45,0,371.409,0,346.625,371.409,0,0,0,1.455,0,0,99.37,99.409,99.37,0,0,0.019,0,0,4.38,4.193,4.38,0,213.7,0.942,100,5,32.93,28.87,0.64,1.4,377.93,409.5,0,12.74,12.64,12.48,12.1,11.17,9.95,0,0,0,0,0,0,19.44,20.694,26.534,23.667,10.865,0,3,3,3,3,1.91,0,32.61,0,42.628,34.9346,59.2936,13.073,1,10,22.2927,-95.23,0,-124.409,-172.66,-101.901,33.2528,1,12,62.1052,424,1,0,5.3,5.3,0,0,1.37586,1.09953,2,2,65,46,1.37586,1.09953,5.3,5.3,0,0,1.37586,1.05926,2,2,65,45,1.37586,1.05926,5.3,5.3,1,1,0.000000000000000568889,0.000000000000000568889,5.3,5.3,5.3,5.3,5.3,5.3,5.3,5.3,5.3,5.3,5.3,5.3,5.3,5.3,0,0,0,0,0,0,0,0,0,0,0,0,0,0,6.15017,6.08339,6.53889,0.116111,5.70852,5.76219,5.77744,6.09443,7.29478,7.40235,7.45549,7.50341,7.41134,6.95854,0.105006,5.73786,5.86159,6.08339,7.26256,7.4565,7.49992,7.51705,0.85017,0.783386,1.23889,0.116111,0.408521,0.462191,0.477443,0.794428,1.99478,2.10235,2.15549,2.1093,2.11134,1.65854,0.105006,0.437859,0.561588,0.783386,1.96256,2.1565,2.19992,2.21704,6.3911,6.28353,6.18495,0.0445461,5.52733,5.69999,6.05276,6.27817,6.38215,6.38625,6.3911,6.38625,6.38833,6.30837,0.0254411,5.81967,6.22468,6.27817,6.37303,6.38833,6.39016,6.39582,1.66167,1.65224,1.67174,0.00943311,1.52732,1.60495,1.63318,1.67463,1.7161,1.72016,1.74506,1.79938,1.71609,1.73354,0.0126418,1.60625,1.63378,1.68925,1.71996,1.79938,1.80536,1.88206,-9999,-9999
202307060500,202307060530,12.45,0,13.081,12.45,0,263.601,11.48,0,24.637,11.48,0,370.54,0,364.577,370.54,0,370.287,0,374.767,370.287,0,0.28,0,1.362,0.28,0,99.4,99.423,99.4,0,0,0.022,0,0,4.56,4.288,4.56,0,220.5,0.895,98.06,2.79,27.17,23.68,0.54,1.62,377.43,408.93,0,12.72,12.63,12.48,12.1,11.17,9.95,0,0,0,0,0,0,19.43,20.695,26.535,23.666,10.867,0,3,3,3,3,1.82,0,31.08,0,40.6279,33.2955,56.5117,15.7602,2,72,23.336,-94.75,0,-123.782,-171.79,-101.387,28.3459,2,32,59.3897,424,1,0,5.73925,5.76043,1,1,1.41167,1.09953,2,2,67,48,1.41294,1.10159,5.73925,5.73652,1,1,1.41167,1.08139,2,2,67,48,1.41294,1.08348,5.68889,5.68493,1,1,0.00884647,0.0111546,5.58537,5.61949,5.63,5.70574,5.73925,5.73925,5.76043,5.5545,5.60455,5.61262,5.72741,5.73925,5.73925,5.76043,1,1,1,1,1,1,1,1,1,1,1,1,1,1,6.15098,6.08269,6.54855,0.117785,5.70832,5.76329,5.77656,6.094,7.31506,7.42244,7.47697,7.52444,7.43167,6.97323,0.106452,5.73622,5.8603,6.08269,7.2857,7.47801,7.52085,7.53846,0.414459,0.346171,0.863614,0.110019,0.103427,0.145793,0.185435,0.413779,1.57581,1.68319,1.77123,1.69032,1.69242,1.28434,0.103626,0.103427,0.230297,0.346171,1.57155,1.77227,1.8694,1.88883,6.39258,6.28219,6.18472,0.0445765,5.52755,5.7001,6.04974,6.27673,6.38216,6.38806,6.39258,6.38806,6.39038,6.30928,0.025609,5.81829,6.22282,6.27673,6.37451,6.39038,6.39156,6.39811,1.31874,1.31176,1.32777,0.00778421,1.21037,1.27304,1.29562,1.32915,1.36554,1.36858,1.38803,1.43375,1.36554,1.3787,0.0103852,1.2741,1.29612,1.34096,1.3681,1.43375,1.43857,1.4998,-9999,-9999
202307060530,202307060600,12.42,0,13.196,12.42,0,351.614,32.56,0,32.902,32.56,0,368.78,0,364.577,368.78,0,368.571,0,374.767,368.571,0,0.666,0,1.53,0.666,0,99.45,99.456,99.45,0,0,0.022,0,0,3.75,4.498,3.75,0,227.2,0.715,95.38,21,71.52,65.17,1.46,2.98,376.92,408.14,0,12.71,12.62,12.47,12.1,11.17,9.95,0,0,0,0,0,0,19.42,20.694,26.534,23.663,10.869,0,3,3,3,3,1.72,0,16.35,0,21.3728,17.5155,29.7286,12.1303,1,10,15.1363,-50.19,0,-65.5685,-90.9987,-53.7059,29.9049,1,8,40.7251,424,1,0,0.79,0.79,0,0,2.01124,2.094,2,2,21,9,2.01124,2.094,0.79,0.79,0,0,2.01124,2.094,2,2,21,9,2.01124,2.094,0.79,0.79,1,1,0.000000000000000106667,0.000000000000000106667,0.79,0.79,0.79,0.79,0.79,0.79,0.79,0.79,0.79,0.79,0.79,0.79,0.79,0.79,0,0,0,0,0,0,0,0,0,0,0,0,0,0,6.14689,6.07663,6.55275,0.119351,5.70334,5.76063,5.77075,6.08837,7.32879,7.43603,7.49278,7.53961,7.44562,6.98227,0.107821,5.72974,5.85384,6.07663,7.30376,7.49386,7.53587,7.55425,5.35689,5.28663,5.76275,0.119351,4.91334,4.97063,4.98075,5.29837,6.53879,6.64603,6.70278,6.65344,6.65562,6.19227,0.107821,4.93974,5.06384,5.28663,6.51376,6.70386,6.74587,6.76425,6.38968,6.27867,6.17974,0.0449174,5.51614,5.69233,6.04436,6.27313,6.37875,6.38544,6.38968,6.38598,6.38852,6.30517,0.0258677,5.81023,6.21704,6.27313,6.37147,6.38784,6.38852,6.39421,3.50527,3.48535,3.52965,0.0191975,3.23202,3.39976,3.44596,3.53181,3.62165,3.6291,3.67759,3.79165,3.62165,3.65406,0.0254962,3.40233,3.44717,3.56512,3.62839,3.79165,3.80455,3.94846,-9999,-9999
202307060600,202307060630,12.65,0,13.312,12.65,0,440.925,29.54,0,59.974,29.54,0,368.86,0,361.094,368.86,0,367.969,0,370.652,367.969,0,1.335,0,1.698,1.335,0,99.47,99.49,99.47,0,0,0.002,0,0,3.84,4.709,3.84,0,222.4,0.849,90.88,17.59,65.86,60.22,1.33,2.18,378.1,407.74,0,12.69,12.61,12.46,12.1,11.17,9.95,0,0,0,0,0,0,19.42,20.69,26.532,23.661,10.868,0,3,3,3,3,1.58,0,20.33,0,26.5755,21.7792,36.9653,6.26866,1,7,12.885,-54.67,0,-71.4212,-99.1213,-58.4998,18.7421,1,7,35.4686,424,1,0,2.95,2.95,0,0,2.00244,1.88011,2,2,28,12,2.00244,1.88011,2.95,2.95,0,0,2.00244,1.90425,2,2,28,12,2.00244,1.90425,2.95,2.95,1,1,0.000000000000000284445,0.000000000000000284445,2.95,2.95,2.95,2.95,2.95,2.95,2.95,2.95,2.95,2.95,2.95,2.95,2.95,2.95,0,0,0,0,0,0,0,0,0,0,0,0,0,0,6.20643,6.1404,6.62784,0.122336,5.75716,5.80677,5.82896,6.15032,7.4275,7.53405,7.58218,7.63073,7.54221,7.06458,0.110189,5.78626,5.91452,6.1404,7.38745,7.5831,7.6276,7.64297,3.25643,3.1904,3.67784,0.122336,2.80716,2.85677,2.87896,3.20032,4.4775,4.58405,4.63218,4.59036,4.59221,4.11458,0.110189,2.83626,2.96452,3.1904,4.43745,4.6331,4.6776,4.69297,6.4438,6.30329,6.23657,0.0413087,5.65717,5.7876,6.11387,6.29764,6.42945,6.43739,6.4438,6.43459,6.43739,6.36638,0.025184,5.88937,6.26231,6.29764,6.43459,6.44572,6.45241,6.47879,3.21506,3.19788,3.23968,0.0182469,2.96065,3.11693,3.15955,3.23969,3.32958,3.33602,3.38046,3.48994,3.32958,3.35779,0.024138,3.11933,3.16072,3.27011,3.33468,3.48994,3.50198,3.63455,-9999,-9999
202307060630,202307060700,12.77,0,13.211,12.77,0,530.007,35.18,0,72.13,35.18,0,368.66,0,361.094,368.66,0,367.293,0,370.652,367.293,0,1.77,0,1.88,1.77,0,99.52,99.518,99.52,0,0,0.002,0,0,3.65,4.594,3.65,0,230.2,0.724,88.01,22.54,78.6,72.21,1.63,2.1,378.62,407.15,0,12.67,12.59,12.46,12.1,11.17,9.95,0,0,0,0,0,0,19.41,20.682,26.526,23.657,10.867,0,3,3,3,3,1.54,0,22.36,0,29.2291,23.9539,40.6564,13.0158,1,8,17.9641,-40.02,0,-52.2823,-72.5597,-42.8235,17.3063,1,8,28.0251,424,1,0,0.95,0.95,0,0,2.26948,2.26288,2,2,21,10,2.26948,2.26288,0.95,0.95,0,0,2.26948,2.22454,2,2,21,10,2.26948,2.22454,0.95,0.95,1,1,0,0,0.95,0.95,0.95,0.95,0.95,0.95,0.95,0.95,0.95,0.95,0.95,0.95,0.95,0.95,0,0,0,0,0,0,0,0,0,0,0,0,0,0,6.23913,6.17471,6.67315,0.12475,5.78281,5.8323,5.86015,6.18375,7.49067,7.59676,7.64078,7.69006,7.60423,7.11618,0.112159,5.81618,5.94687,6.17471,7.44368,7.64162,7.68722,7.70116,5.28913,5.22471,5.72315,0.12475,4.83281,4.8823,4.91015,5.23375,6.54067,6.64676,6.69078,6.65254,6.65423,6.16618,0.112159,4.86618,4.99687,5.22471,6.49368,6.69162,6.73722,6.75116,6.47403,6.31596,6.26728,0.0394901,5.73355,5.84274,6.15281,6.31422,6.4571,6.46483,6.47573,6.46179,6.46483,6.40008,0.0251327,5.93116,6.27279,6.31022,6.46179,6.48998,6.49888,6.52653,3.76926,3.74939,3.79981,0.0212945,3.47374,3.65904,3.70424,3.79799,3.9059,3.91295,3.96364,4.09291,3.9059,3.93709,0.0280672,3.6618,3.70561,3.83384,3.9111,4.09291,4.10722,4.25642,-9999,-9999
202307060700,202307060730,13.03,0,13.109,13.03,0,617.335,67.02,0,176.607,67.02,0,367.54,0,339.711,367.54,0,367.198,0,345.393,367.198,0,2.361,0,2.062,2.361,0,99.56,99.545,99.56,0,0,0.001,0,0,4.23,4.479,4.23,0,228.9,0.881,84.27,49.51,145.92,136.64,3.09,5.24,380.23,406.05,0,12.65,12.58,12.45,12.1,11.17,9.95,0,0,0,0,0,0,19.41,20.672,26.518,23.651,10.864,0,3,3,3,3,1.48,0,44.26,0,57.8569,47.415,80.4764,15.8875,1,8,29.2071,-30.88,0,-40.3418,-55.9881,-33.0432,12.4191,1,10,21.0602,424,1,0,0.92037,0.612917,1,1,2.26948,2.46011,2,2,21,10,2.27254,2.46491,0.92037,0.612917,1,1,2.26948,2.46011,2,2,21,10,2.27254,2.46491,0.85605,0.772319,1,1,0.0332297,0.0295075,0.612917,0.684348,0.724286,0.92037,0.92037,0.92037,0.995357,0.249231,0.612917,0.684348,0.724286,0.92037,0.92037,0.92037,1,1,1,1,1,1,1,1,1,1,1,1,1,1,6.30625,6.24687,6.75707,0.127978,5.83487,5.88413,5.926,6.25378,7.60041,7.70571,7.73957,7.79087,7.71148,7.20774,0.114711,5.88018,6.01558,6.24687,7.53572,7.74021,7.78875,7.79916,5.69333,5.63395,5.98475,0.119898,4.81098,5.09092,5.29192,5.67347,6.74692,6.7911,6.82438,6.7898,6.7911,6.35169,0.102536,5.09107,5.33124,5.63395,6.6834,6.81984,6.82924,6.87879,6.53535,6.34365,6.33148,0.0359286,5.89353,5.98485,6.23644,6.38684,6.51558,6.52213,6.54113,6.51633,6.51964,6.46928,0.0252999,6.01947,6.29495,6.38888,6.51964,6.58817,6.59162,6.62381,6.55516,6.51603,6.60631,0.0328637,6.08013,6.39609,6.44891,6.60272,6.76393,6.77538,6.85509,7.05891,6.76393,6.81543,0.0432201,6.39636,6.45091,6.66393,6.77425,7.05891,7.08396,7.30239,-9999,-9999
202307060730,202307060800,12.86,0,13.201,12.86,0,701.415,52.27,0,200.724,52.27,0,368.25,0,339.711,368.25,0,366.648,0,345.393,366.648,0,2.124,0,2.32,2.124,0,99.6,99.579,99.6,0,0,0.001,0,0,4.05,4.685,4.05,0,231.8,0.718,85.69,36.88,118.49,110.44,2.53,3.7,379.43,406.4,0,12.63,12.57,12.44,12.09,11.17,9.95,0,0,0,0,0,0,19.39,20.657,26.506,23.645,10.86,0,3,3,3,3,1.48,0,25.36,0,33.1507,27.1678,46.1112,15.2497,2,84,20.7303,-18.98,0,-24.7956,-34.4123,-20.3096,8.79035,1,7,13.6587,424,1,0,3.03933,2.8436,1,1,1.94005,1.88011,2,2,29,12,1.94252,1.88886,3.03933,2.67625,1,1,1.94005,2.06171,2,2,29,11,1.94252,2.06969,2.97524,2.90247,1,1,0.0164856,0.021426,2.67625,2.8436,2.90778,3.02903,3.03933,3.03933,3.03933,2.66143,2.67625,2.83739,2.91368,3.03933,3.03933,3.03933,1,1,1,1,1,1,1,1,1,1,1,1,1,1,6.2678,6.203,6.72295,0.128772,5.80592,5.85522,5.88557,6.21161,7.56815,7.67361,7.71568,7.76506,7.68075,7.17719,0.115537,5.83964,5.9728,6.203,7.51845,7.71648,7.76235,7.77562,3.59155,3.52675,3.82048,0.115886,2.90396,2.94879,3.06011,3.52675,4.56502,4.63428,4.67635,4.6398,4.64142,4.20195,0.104431,2.94899,3.06011,3.52675,4.53292,4.67715,4.73332,4.7466,6.50174,6.32512,6.29292,0.0381491,5.79677,5.90107,6.18319,6.32646,6.48314,6.49053,6.5047,6.487,6.49053,6.4298,0.0255167,5.96382,6.278,6.33495,6.487,6.53602,6.54297,6.57027,5.33912,5.31059,5.38567,0.0290679,4.93457,5.20166,5.24866,5.37912,5.53165,5.54043,5.60747,5.78802,5.53165,5.5713,0.0380866,5.20403,5.25051,5.43328,5.53775,5.78802,5.80887,5.99809,-9999,-9999
202307060800,202307060830,12.91,0,13.292,12.91,0,780.808,45.93,0,291.399,45.93,0,368.36,0,328.543,368.36,0,365.682,0,332.2,365.682,0,2.465,0,2.579,2.465,0,99.64,99.613,99.64,0,0,0.041,0,0,5.42,4.891,5.42,0,235,0.967,83.45,31.79,108.24,101.67,2.31,2.75,379.56,405.29,0,12.62,12.55,12.43,12.09,11.17,9.95,0,0,0,0,0,0,19.39,20.639,26.491,23.637,10.854,0,3,3,3,3,1.46,0,16.0807,1,21.0207,17.227,29.2389,13.0849,2,140,15.8272,-17.48,0,-22.836,-31.6927,-18.7045,19.2138,2,187,21.4911,424,1,0,3.3875,3.19577,1,1,1.88521,1.68788,2,2,34,15,1.88868,1.69633,3.3875,3.0492,1,1,1.88521,1.7468,2,2,34,13,1.88868,1.75497,3.30003,3.20972,1,1,0.0188354,0.0237531,3.0492,3.15857,3.19481,3.36727,3.3875,3.3875,3.3875,2.90696,3.0492,3.15857,3.1655,3.37967,3.3875,3.3875,1,1,1,1,1,1,1,1,1,1,1,1,1,1,6.28339,6.21852,6.74931,0.130826,5.81842,5.86763,5.89954,6.22687,7.60872,7.71384,7.75471,7.80418,7.72078,7.20924,0.117257,5.85259,5.98708,6.21852,7.55725,7.75549,7.80156,7.81442,3.23419,3.16932,3.53959,0.112861,2.65292,2.70213,2.74097,3.17767,4.25578,4.32634,4.36721,4.33171,4.33328,3.9092,0.10204,2.65842,2.82942,3.16932,4.22522,4.36799,4.43429,4.44848,6.51681,6.33023,6.30692,0.0374596,5.83102,5.93302,6.2,6.34524,6.49725,6.50509,6.52039,6.50061,6.50437,6.44596,0.0257737,5.98156,6.28105,6.35279,6.50072,6.56087,6.56675,6.5942,4.78688,4.76333,4.83228,0.0273464,4.4157,4.65906,4.7036,4.82338,4.97355,4.98085,5.04017,5.21223,4.97355,5.00688,0.0356983,4.66171,4.70537,4.86807,4.97862,5.21223,5.23126,5.40437,-9999,-9999
202307060830,202307060900,12.96,0,13.562,12.96,0,854.156,64.82,0,318.842,64.82,0,367.75,0,328.543,367.75,0,365.698,0,332.2,365.698,0,2.569,0,2.979,2.569,0,99.69,99.645,99.69,0,0,0.041,0,0,4.65,4.914,4.65,0,243.4,0.842,82.81,47.92,148.63,139.44,3.22,4.65,379.98,404.34,0,12.61,12.54,12.43,12.09,11.17,9.95,0,0,0,0,0,0,19.38,20.617,26.473,23.627,10.849,0,3,3,3,3,1.41,0,36.41,0,47.5953,39.0055,66.203,16.9082,2,71,26.3128,-10.56,0,-13.7956,-19.1462,-11.2998,19.2692,2,156,20.1279,424,1,0,1.37,1.09591,1,1,2.26948,2.24674,2,2,19,8,2.27284,2.25092,1.37,1.09591,1,1,2.26948,2.2084,2,2,19,8,2.27284,2.21265,1.35447,1.2952,1,1,0.0253559,0.0231521,1.09591,1.18609,1.29526,1.37,1.37,1.43346,1.63733,1.09591,1.09591,1.18609,1.29526,1.37,1.37,1.52833,1,1,1,1,1,1,1,1,1,1,1,1,1,1,6.299,6.23405,6.77571,0.132886,5.83094,5.88005,5.91351,6.24214,7.64939,7.75417,7.79382,7.84339,7.76091,7.24134,0.118984,5.86555,6.00136,6.23405,7.59612,7.79457,7.84086,7.85329,5.20309,5.13814,5.48051,0.134787,4.19361,4.5685,4.65384,5.13814,6.34825,6.39091,6.42382,6.38938,6.39091,5.88687,0.118207,4.44086,4.70694,5.12693,6.28327,6.41306,6.43562,6.48329,6.53195,6.33534,6.32092,0.0368072,5.86504,5.96509,6.21683,6.36745,6.51135,6.51891,6.53611,6.51423,6.51823,6.46216,0.0260782,5.99912,6.28418,6.37065,6.51576,6.58581,6.59059,6.61808,6.40624,6.37227,6.46625,0.0342532,5.93856,6.24533,6.29875,6.45404,6.64024,6.64953,6.72596,6.94281,6.64024,6.68331,0.04466,6.24549,6.30091,6.52156,6.64652,6.94281,6.96861,7.17683,-9999,-9999
202307060900,202307060930,13.02,0,13.832,13.02,0,920.204,53.17,0,320.36,53.17,0,368.16,0,340.737,368.16,0,365.507,0,346.605,365.507,0,2.742,0,3.379,2.742,0,99.74,99.676,99.74,0,0,0.012,0,0,4.51,4.937,4.51,0,247.5,0.91,81.72,37.24,126.98,119.31,2.78,3.31,380.18,404.28,0,12.59,12.53,12.42,12.09,11.17,9.95,0,0,0,0,0,0,19.37,20.592,26.455,23.617,10.84,0,3,3,3,3,1.38,0,23.01,0,30.0788,24.6502,41.8383,14.8469,2,97,19.5646,-17.14,0,-22.3918,-31.0763,-18.3407,19.3247,2,183,21.5075,424,1,0,2.78067,2.5332,1,1,1.94005,1.88011,2,2,27,10,1.94406,1.89071,2.78067,2.35292,1,1,1.94005,2.2006,2,2,27,7,1.94406,2.20966,2.70254,2.60364,1,1,0.025224,0.0247003,2.35292,2.53111,2.57,2.78067,2.78067,2.78067,2.81483,2.35292,2.38091,2.5,2.5925,2.78067,2.78067,2.78067,1,1,1,1,1,1,1,1,1,1,1,1,1,1,6.31708,6.25231,6.80495,0.135014,5.84535,5.89436,5.92997,6.26004,7.69352,7.79794,7.83591,7.88568,7.80439,7.2764,0.12076,5.88096,6.01826,6.25231,7.63767,7.83663,7.88326,7.89511,3.96416,3.89939,4.20131,0.117464,3.27535,3.33441,3.41696,3.89939,4.98088,5.01727,5.05524,5.02226,5.02372,4.57386,0.104716,3.32566,3.51826,3.89065,4.93099,5.05596,5.10027,5.11444,6.5494,6.34151,6.3373,0.0360732,5.90471,6.00258,6.23686,6.38554,6.52757,6.53459,6.55422,6.52982,6.53407,6.48092,0.0264456,6.01978,6.28825,6.3918,6.53305,6.6144,6.61781,6.64563,5.441,5.4153,5.49706,0.0312221,5.02248,5.29911,5.34606,5.4826,5.66142,5.66862,5.73101,5.93302,5.66142,5.69516,0.0405387,5.29918,5.34809,5.53336,5.66522,5.93302,5.95532,6.1405,-9999,-9999
202307060930,202307061000,12.28,0,14.043,12.28,0,977.821,78.04,0,340.475,78.04,0,364.49,0,340.737,364.49,0,361.989,0,346.605,361.989,0,2.004,0,3.71,2.004,0,99.81,99.717,99.81,0,0,0.012,0,0,5.43,4.94,5.43,0,252.5,1.078,85.98,57.69,180.09,171.05,4.03,6.49,376.71,404.1,0,12.58,12.52,12.41,12.08,11.17,9.95,0,0,0,0,0,0,19.36,20.563,26.434,23.606,10.831,0,3,3,3,3,1.36,0,24.6864,1,32.2702,26.4462,44.8865,14.9242,2,84,20.2383,-22.6157,1,-29.5452,-41.0041,-24.2,19.3434,2,184,23.0074,424,1,0,0.722632,0.515882,1,1,2.14036,2.46011,2,2,22,10,2.14056,2.4641,0.722632,0.515882,1,1,2.14036,2.46011,2,2,22,10,2.14056,2.4641,0.724212,0.725007,1,1,0.01972,0.0276929,0.515882,0.663333,0.698,0.722632,0.722632,0.722632,0.8455,0.515882,0.515882,0.6125,0.698,0.722632,0.796154,1.14083,1,1,1,1,1,1,1,1,1,1,1,1,1,1,6.1385,6.05485,6.61289,0.132359,5.68727,5.7412,5.76057,6.06923,7.46989,7.57577,7.64626,7.68889,7.58765,7.0818,0.119114,5.70861,5.82797,6.05485,7.4723,7.64761,7.68418,7.70738,5.62262,5.53897,5.88788,0.142655,4.56715,4.89727,5.0434,5.53897,6.812,6.85511,6.92363,6.86232,6.86502,6.35759,0.124446,4.56778,5.1322,5.53897,6.80897,6.92497,6.96155,6.98474,6.38737,6.26138,6.16392,0.045988,5.48801,5.67222,6.01316,6.25516,6.37415,6.38456,6.39068,6.38854,6.39292,6.29707,0.0274353,5.78201,6.19038,6.25516,6.37286,6.38508,6.38965,6.39292,7.45634,7.41674,7.53018,0.0389838,6.94503,7.27118,7.3329,7.5119,7.72947,7.73907,7.82376,8.07494,7.72947,7.77536,0.0506322,7.27135,7.33534,7.59451,7.73577,8.07494,8.10591,8.32756,-9999,-9999
202307061000,202307061030,13.1,0,14.255,13.1,0,1026.02,173.5,0,439.429,173.5,0,362.62,0,344.622,362.62,0,364.561,0,351.194,364.561,0,3.132,0,4.04,3.132,0,99.83,99.757,99.83,0,0,0.042,0,0,3.26,4.942,3.26,0,240.9,0.663,79.23,136.7,365.3,345.9,8.3,17.13,381.35,401.41,0,12.56,12.51,12.4,12.08,11.17,9.95,0,0,0,0,0,0,19.35,20.534,26.411,23.591,10.821,0,3,3,3,3,1.27,0,43.32,0,56.6281,46.408,78.5428,17.6889,2,62,29.6706,-5.32071,1,-6.95527,-9.64691,-5.7,18.8248,2,108,19.0508,425,1,0,-8.33,-8.33,0,0,2.58409,2.55169,2,2,19,12,2.58409,2.55169,-8.33,-8.33,0,0,2.58409,2.55169,2,2,19,12,2.58409,2.55169,-8.33,-8.15575,1,1,0.000000000000000284445,0.17425,-8.33,-8.33,-8.33,-8.33,-8.33,-8.33,-8.33,-8.33,-8.33,-8.33,-8.33,-8.33,-8.33,-8.33,0,0,0,0,0,0,0,0,0,0,0,0,0,0,6.34345,6.27804,6.85251,0.139057,5.86665,5.91547,5.95302,6.28541,7.76871,7.87248,7.90881,7.95859,7.87866,7.33524,0.124164,5.90205,6.0417,6.27804,7.7107,7.90949,7.95629,7.96758,14.6734,14.608,15.0083,0.240063,14.174,14.2311,14.2804,14.6154,16.0987,16.2025,16.2388,16.2073,16.2087,15.6652,0.124164,14.2321,14.3717,14.608,16.0407,16.2395,16.2863,16.2976,6.57555,6.34956,6.36049,0.0351998,5.9599,6.04874,6.26422,6.39545,6.55151,6.55795,6.58098,6.55322,6.55795,6.50837,0.0272377,6.04751,6.29274,6.4083,6.55683,6.65577,6.65917,6.68699,13.174,13.077,13.2815,0.0492122,12.5993,12.9942,13.0514,13.3341,13.4843,13.5051,13.6225,13.9568,13.4843,13.5741,0.0637138,12.9081,13.0617,13.3341,13.5051,13.9568,14.0114,14.2587,-9999,-9999
202307061030,202307061100,14.58,0,14.56,14.58,0,1063.98,276.48,0,455.746,276.48,0,364.14,0,344.622,364.14,0,371.162,0,351.194,371.162,0,4.818,0,4.541,4.818,0,99.85,99.781,99.85,0,0,0.042,0,0,3.9,4.94,3.9,0,239.3,0.785,70.98,228.48,565.04,533.25,12.61,26.58,389.31,399.04,0,12.55,12.5,12.39,12.08,11.17,9.95,0,0,0,0,0,0,19.34,20.502,26.387,23.578,10.811,0,3,3,3,3,1.34,0,76.89,0,100.511,82.371,139.408,33.2482,1,8,53.7878,37.5578,1,49.0957,40.235,68.0954,24.1496,2,9,31.7763,426,1,0,-10.65,-10.65,0,0,1.49482,2.50855,1,2,8,27,1.49482,2.50855,-10.65,-10.65,0,0,1.49482,2.50855,1,2,8,27,1.49482,2.50855,-10.65,-10.6361,1,1,0.00000000000000113778,0.013875,-10.65,-10.65,-10.65,-10.65,-10.65,-10.65,-10.65,-10.65,-10.65,-10.65,-10.65,-10.65,-10.65,-10.65,0,0,0,0,0,0,0,0,0,0,0,0,0,0,6.71311,6.68368,7.27956,0.150176,6.14915,6.2477,6.33027,6.68368,8.29709,8.36203,8.3928,8.43031,8.39168,7.78314,0.132492,6.19476,6.42812,6.68368,8.16493,8.39168,8.41793,8.43031,17.3631,17.3337,17.9157,0.153052,16.7991,16.8544,16.9803,17.3337,18.9471,19.012,19.0428,19.0428,19.0417,18.4331,0.132492,16.8448,17.0781,17.3337,18.8149,19.0417,19.0679,19.0803,6.91425,6.50582,6.71967,0.0315915,6.32733,6.47035,6.58333,6.74407,6.85918,6.88514,6.93787,6.8465,6.85169,6.89217,0.0388758,6.42342,6.58333,6.74062,6.86811,7.1621,7.20468,7.23401,17.1873,17.0367,17.3127,0.0504874,16.7594,16.9884,17.1344,17.311,17.4685,17.6001,17.6986,17.9508,17.447,17.5724,0.0620029,16.8883,17.1344,17.311,17.483,17.9508,18.0219,18.2189,-9999,-9999
202307061100,202307061130,15.62,0,14.866,15.62,0,1091.05,429.84,0,430.385,429.84,0,363.27,0,341.282,363.27,0,373.846,0,347.249,373.846,0,6.509,0,5.042,6.509,0,99.88,99.804,99.88,0,0,0.04,0,0,4.75,4.938,4.75,0,248.9,0.958,63.33,355.19,875.98,659.5,18.96,39.01,395.29,399.25,0,12.55,12.49,12.39,12.07,11.17,9.95,0,0,0,0,0,0,19.32,20.47,26.362,23.563,10.8,0,3,3,3,3,1.73,0,195.52,0,255.585,209.457,354.494,39.6771,1,6,114.602,114.926,1,150.232,123.119,208.371,32.1556,2,6,70.9071,427,1,0,-17.66,-17.66,0,0,3.40235,2.86816,1,2,6,50,3.40235,2.86816,-17.66,-17.66,0,0,3.40235,2.85916,1,2,6,49,3.40235,2.85916,-17.66,-17.66,1,1,0,0,-17.66,-17.66,-17.66,-17.66,-17.66,-17.66,-17.66,-17.66,-17.66,-17.66,-17.66,-17.66,-17.66,-17.66,0,0,0,0,0,0,0,0,0,0,0,0,0,0,6.97552,6.97249,7.58697,0.158886,6.34827,6.5043,6.60046,6.97249,8.68115,8.70032,8.76782,8.77264,8.76482,8.10688,0.139155,6.3906,6.70242,6.97249,8.53987,8.74987,8.76546,8.7772,24.6355,24.6325,25.247,0.158886,24.0083,24.1643,24.2605,24.6325,26.3411,26.3603,26.4278,26.4278,26.4248,25.7669,0.139155,24.0506,24.3624,24.6325,26.1999,26.4099,26.4255,26.4372,7.15539,6.61321,6.97714,0.0460317,6.50967,6.60636,6.76565,7.01468,7.08839,7.18605,7.528,7.05303,7.05863,7.16685,0.0527031,6.51256,6.84374,7.01153,7.09092,7.528,7.60245,7.63239,21.0347,20.8218,21.1742,0.0535567,20.7195,20.8341,21.0274,21.184,21.2247,21.3425,21.8574,21.6798,21.1872,21.352,0.0541198,20.7264,20.9797,21.1601,21.2404,21.6892,21.7664,21.8676,-9999,-9999
202307061130,202307061200,15.74,0,15.109,15.74,0,1106.77,196.35,0,436.631,196.35,0,365.83,0,341.282,365.83,0,375.83,0,347.249,375.83,0,6.352,0,5.237,6.352,0,99.91,99.844,99.91,0,0,0.04,0,0,4.6,4.549,4.6,0,244.1,0.874,64.49,151.9,409.35,349.02,8.98,17.15,395.02,400.62,0,12.56,12.48,12.38,12.07,11.17,9.95,0,0,0,0,0,0,19.3,20.437,26.335,23.547,10.79,0,3,3,3,3,2.31,0,77.46,0,101.256,83.3401,140.442,28.3477,2,49,50.9442,1.155,1,1.50982,1.24268,2.09411,20.4352,2,56,20.445,428,1,0,-5.78,-5.78,0,0,2.71305,2.49107,2,2,8,3,2.71305,2.49107,-5.78,-5.78,0,0,2.71305,2.49107,2,2,8,3,2.71305,2.49107,-5.78,-5.78,1,1,0,0,-5.78,-5.78,-5.78,-5.78,-5.78,-5.78,-5.78,-5.78,-5.78,-5.78,-5.78,-5.78,-5.78,-5.78,0,0,0,0,0,0,0,0,0,0,0,0,0,0,7.00913,7.00799,7.63507,0.161654,6.3742,6.53622,6.63328,7.00799,8.74605,8.76652,8.83504,8.83616,8.83183,8.16193,0.141435,6.4161,6.73554,7.00799,8.60782,8.81195,8.83183,8.84232,12.7891,12.788,13.4151,0.161654,12.1542,12.3162,12.4133,12.788,14.5261,14.5465,14.615,14.615,14.6118,13.9419,0.141435,12.1961,12.5155,12.788,14.3878,14.592,14.6118,14.6223,7.1887,6.62523,7.00839,0.0483912,6.51848,6.61828,6.78403,7.05826,7.11957,7.22061,7.58933,7.08065,7.08652,7.20245,0.0549486,6.52147,6.86718,7.04241,7.13018,7.57838,7.65797,7.68748,14.2473,14.1413,14.3706,0.051327,13.7144,14.0594,14.1264,14.4182,14.5766,14.5966,14.725,15.075,14.5766,14.6702,0.0661538,13.9679,14.1264,14.4182,14.6007,15.075,15.1371,15.3686,-9999,-9999
202307061200,202307061230,15.6,0,15.351,15.6,0,1110.87,295.85,0,491.52,295.85,0,359.61,0,347.701,359.61,0,379.303,0,354.831,379.303,0,5.262,0,5.431,5.262,0,99.94,99.885,99.94,0,0,0.008,0,0,3.21,4.159,3.21,0,230.1,0.692,70.32,232.71,616.27,487.62,13.53,26.86,395.07,398.99,0,12.59,12.48,12.37,12.07,11.17,9.95,0,0,0,0,0,0,19.28,20.404,26.307,23.531,10.78,0,3,3,3,3,2.75,0,109.228,1,142.697,117.52,197.305,36.2977,2,48,69.3936,66.1208,1,86.3806,71.1402,119.437,21.6276,2,7,41.8276,429,1,0,-13.25,-13.25,0,0,2.59854,2.50043,2,2,53,45,2.59854,2.50043,-13.25,-13.25,0,0,2.55354,2.50043,2,2,52,45,2.55354,2.50043,-13.25,-13.1703,1,1,0,0.0796944,-13.25,-13.25,-13.25,-13.25,-13.25,-13.25,-13.25,-13.25,-13.25,-13.25,-13.25,-13.25,-13.25,-13.25,0,0,0,0,0,0,0,0,0,0,0,0,0,0,6.97785,6.97149,7.60931,0.162676,6.35121,6.50436,6.59868,6.97149,8.7288,8.74766,8.81431,8.82021,8.81138,8.1404,0.142414,6.39352,6.70014,6.97149,8.58796,8.79806,8.81322,8.82423,20.2279,20.2215,20.7796,0.192455,19.6012,19.7113,19.8487,20.2215,21.9788,21.9977,22.0643,22.0643,22.0614,21.3904,0.142414,19.6435,19.9501,20.2215,21.838,22.0481,22.0632,22.0742,7.16283,6.6106,6.97521,0.0460462,6.50492,6.60357,6.76085,7.01574,7.08378,7.19408,7.51098,7.05776,7.06386,7.16994,0.0535137,6.50799,6.84009,6.99919,7.09347,7.53847,7.61501,7.64364,17.8207,17.6639,17.958,0.0514567,17.4671,17.6215,17.7815,17.9474,18.1068,18.2403,18.3751,18.602,18.0857,18.2155,0.0627155,17.5186,17.7815,17.9474,18.1206,18.602,18.6799,18.8583,-9999,-9999
202307061230,202307061300,16.48,0,15.707,16.48,0,1103.27,429.29,0,488.2,429.29,0,357.49,0,347.701,357.49,0,385.102,0,354.831,385.102,0,5.984,0,5.339,5.984,0,99.96,99.912,99.96,0,0,0.008,0,0,3.79,3.89,3.79,0,231.8,0.758,68.09,341.99,868.94,536.96,18.85,38.34,400.7,398.56,0,12.62,12.49,12.37,12.06,11.17,9.95,0,0,0,0,0,0,19.26,20.369,26.28,23.516,10.771,0,3,3,3,3,3.16,0,103.89,0,135.806,111.776,187.662,39.8546,1,7,68.9405,113.324,1,148.138,121.927,204.703,32.1556,2,6,69.2761,430,1,0,-13.07,-13.07,0,0,4.36727,4.36727,1,1,6,6,4.36727,4.36727,-13.07,-13.07,0,0,4.36727,4.36727,1,1,6,6,4.36727,4.36727,-13.07,-13.1663,1,1,0.000000000000000568889,0.0962708,-13.07,-13.07,-13.07,-13.07,-13.07,-13.07,-13.07,-13.07,-13.07,-13.07,-13.07,-13.07,-13.07,-13.07,0,0,0,0,0,0,0,0,0,0,0,0,0,0,7.2016,7.2182,7.87465,0.17071,6.52012,6.72326,6.82927,7.20386,9.01788,9.06472,9.13642,9.11785,9.13642,8.42087,0.148643,6.55954,6.93418,7.2182,8.91517,9.08822,9.12467,9.141,20.2716,20.2882,21.0409,0.181843,19.5901,19.7933,19.8998,20.2882,22.1054,22.162,22.211,22.211,22.2064,21.4909,0.148643,19.6295,20.0042,20.2882,21.9852,22.1582,22.1947,22.211,7.37044,6.69998,7.19551,0.0635031,6.57856,6.69276,6.9002,7.21647,7.3662,7.40855,8.06635,7.233,7.23952,7.40585,0.0671025,6.58175,7.01095,7.18963,7.34757,7.8593,7.96213,7.99212,21.0568,20.8455,21.204,0.0538317,20.7445,20.861,21.0552,21.2136,21.262,21.3755,21.8932,21.7192,21.2169,21.3852,0.0552419,20.752,20.9914,21.1905,21.2676,21.7287,21.8114,21.9085,-9999,-9999
202307061300,202307061330,16.68,0,16.064,16.68,0,1084.11,423.16,0,614.968,423.16,0,360.79,0,339.426,360.79,0,387.308,0,345.057,387.308,0,5.949,0,5.247,5.949,0,99.97,99.939,99.97,0,0,0.033,0,0,3.68,3.621,3.68,0,221.6,0.953,68.68,333.84,852.47,491.33,18.87,38.42,401.42,398.35,0,12.66,12.5,12.36,12.06,11.17,9.95,0,0,0,0,0,0,19.2,20.336,26.252,23.5,10.762,0,3,3,3,3,3.67,0,180.32,0,235.571,194.008,325.721,63.922,1,7,116.701,135.54,0,177.07,145.829,244.833,33.5652,2,6,80.7018,431,1,0,-17.03,-17.03,0,0,3.13986,2.89628,2,2,55,48,3.13986,2.89628,-17.03,-17.03,0,0,3.13002,2.87716,2,2,54,47,3.13002,2.87716,-17.03,-17.03,1,1,0.00000000000000284445,0.00000000000000284445,-17.03,-17.03,-17.03,-17.03,-17.03,-17.03,-17.03,-17.03,-17.03,-17.03,-17.03,-17.03,-17.03,-17.03,0,0,0,0,0,0,0,0,0,0,0,0,0,0,7.2555,7.27632,7.94649,0.174143,6.56115,6.77516,6.88325,7.26166,9.10409,9.16309,9.23217,9.2073,9.23217,8.50072,0.151436,6.59986,6.98877,7.27632,9.01213,9.18427,9.21616,9.23713,24.2855,24.3063,24.9765,0.174143,23.5911,23.8052,23.9132,24.2917,26.1341,26.1931,26.2622,26.2671,26.2622,25.5307,0.151436,23.6299,24.0188,24.3063,26.0421,26.2143,26.2462,26.2671,7.42308,6.71989,7.24685,0.0678957,6.59393,6.71255,6.93108,7.26737,7.43481,7.46248,8.18945,7.27623,7.28305,7.4632,0.0708027,6.59722,7.04979,7.23055,7.3989,7.93916,8.05028,8.08068,20.9463,20.7377,21.0958,0.0537527,20.6347,20.7517,20.9453,21.1099,21.1603,21.2749,21.7869,21.6205,21.1139,21.2817,0.0559523,20.6424,20.8836,21.0825,21.1631,21.6301,21.7141,21.8132,-9999,-9999
202307061330,202307061400,17.44,0,16.521,17.44,0,1053.71,597.4,0,597.766,597.4,0,343.82,0,339.426,343.82,0,368.759,0,345.057,368.759,0,7.093,0,5.442,7.093,0,99.98,99.957,99.98,0,0,0.033,0,0,3.89,3.895,3.89,0,226.1,0.906,64.41,459.3,1202.78,427.72,25.73,52.86,406.25,397.9,0,12.71,12.52,12.36,12.05,11.16,9.95,0,0,0,0,0,0,19.15,20.301,26.223,23.485,10.753,0,3,3,3,3,4.09,0,212.88,0,278.108,229.04,384.536,40.1815,1,6,122.07,177.285,1,231.607,190.743,320.239,45.0063,2,19,106.021,432,1,0,-14.27,-14.27,0,0,2.87391,2.83329,2,2,58,52,2.87391,2.83329,-14.27,-14.27,0,0,2.84952,2.83329,2,2,57,52,2.84952,2.83329,-14.27,-14.27,1,1,0.00000000000000113778,0.00000000000000113778,-14.27,-14.27,-14.27,-14.27,-14.27,-14.27,-14.27,-14.27,-14.27,-14.27,-14.27,-14.27,-14.27,-14.27,0,0,0,0,0,0,0,0,0,0,0,0,0,0,7.45011,7.49135,8.17993,0.181633,6.70727,6.96568,7.08404,7.47612,9.35397,9.46141,9.52051,9.47084,9.52051,8.74829,0.15731,6.74338,7.19252,7.49135,9.3294,9.4559,9.4829,9.52699,21.7201,21.7614,22.4499,0.181633,20.9773,21.2357,21.354,21.7461,23.624,23.7314,23.7905,23.797,23.7905,23.0183,0.15731,21.0134,21.4625,21.7614,23.5994,23.7259,23.7529,23.797,7.60515,6.7957,7.4394,0.0853496,6.65602,6.78819,7.05016,7.42784,7.65119,7.75977,8.69147,7.42784,7.43506,7.66992,0.08372,6.65943,7.19671,7.41892,7.57947,8.21899,8.3602,8.39175,23.753,23.4899,23.9086,0.0620912,23.4242,23.5733,23.7444,23.8286,23.9959,24.0898,24.8287,24.2629,23.7904,23.9986,0.0488817,23.4619,23.7183,23.8018,23.925,24.2703,24.3761,24.4554,-9999,-9999
202307061400,202307061430,16.57,0,16.978,16.57,0,1012.6,279.96,0,652.214,279.96,0,374.92,0,350.773,374.92,0,389.167,0,358.46,389.167,0,5.232,0,5.636,5.232,0,100.01,99.974,100.01,0,0.26,0.079,0.26,0,4.16,4.17,4.16,0,223.2,0.872,72.26,221.62,583.49,498.05,12.95,27.32,399.64,397.37,0,12.76,12.55,12.37,12.05,11.16,9.95,0,0,0,0,0,0,19.13,20.267,26.193,23.47,10.745,0,3,3,3,3,5,0,115.48,0,150.466,124.243,207.272,34.3114,2,50,70.4663,58.853,1,76.683,63.319,105.634,24.5739,2,6,39.8472,433,1,0,-10.95,-10.95,0,0,2.65131,2.7932,2,2,43,31,2.65131,2.7932,-10.95,-10.95,0,0,2.64584,2.7932,2,2,42,31,2.64584,2.7932,-10.95,-10.95,1,1,0.00000000000000113778,0.00000000000000113778,-10.95,-10.95,-10.95,-10.95,-10.95,-10.95,-10.95,-10.95,-10.95,-10.95,-10.95,-10.95,-10.95,-10.95,0,0,0,0,0,0,0,0,0,0,0,0,0,0,7.2355,7.25034,7.94396,0.177437,6.54737,6.75317,6.85806,7.2355,9.1284,9.17998,9.24991,9.2288,9.24991,8.50876,0.154328,6.58635,6.96269,7.25034,9.03133,9.20231,9.23578,9.25462,18.1855,18.2003,18.894,0.177437,17.4974,17.7032,17.8081,18.1855,20.0784,20.13,20.1999,20.2046,20.1999,19.4588,0.154328,17.5364,17.9127,18.2003,19.9813,20.1523,20.1858,20.2046,7.41129,6.70823,7.22181,0.0656197,6.58158,6.70072,6.91201,7.25437,7.40026,7.44505,8.0937,7.26386,7.27118,7.44288,0.0702344,6.58504,7.02874,7.21439,7.3846,7.91877,8.03045,8.05922,17.3871,17.2421,17.5372,0.0529155,17.0521,17.1655,17.3228,17.5404,17.7118,17.8462,17.9512,18.2263,17.6927,17.8144,0.0660405,17.0861,17.3228,17.5404,17.7199,18.2263,18.3083,18.486,-9999,-9999
202307061430,202307061500,14.76,0,17.203,14.76,0,961.483,568.55,0,619.315,568.55,0,342.83,0,350.773,342.83,0,357.628,0,358.46,357.628,0,1.612,0,5.572,1.612,0,100.06,99.994,100.06,0,0.31,0.079,0.31,0,2.94,4.17,2.94,0,238.8,0.619,90.4,450.13,1176.43,521.85,24.87,56.26,391.91,396.42,0,12.82,12.58,12.37,12.05,11.17,9.95,0,0,0,0,0,0,19.11,20.235,26.165,23.455,10.739,0,3,3,3,3,5.25,0,161.71,0,210.701,173.237,290.249,36.0325,2,53,93.9261,167.46,1,218.193,179.397,300.57,45.0063,2,17,100.468,434,1,0,-14.06,-14.06,0,0,2.85108,2.66581,2,2,56,51,2.85108,2.66581,-14.06,-14.06,0,0,2.8315,2.66581,2,2,55,51,2.8315,2.66581,-14.096,-14.1681,1,1,0.0360313,0.0607867,-14.06,-14.06,-14.06,-14.06,-14.06,-14.06,-14.06,-15.5013,-14.06,-14.06,-14.06,-14.06,-14.06,-14.06,0,0,0,0,0,0,0,1,0,0,0,0,0,0,6.78622,6.75062,7.43873,0.166568,6.2092,6.3108,6.38979,6.75062,8.56644,8.62558,8.65902,8.69329,8.65779,7.98849,0.146399,6.25395,6.48675,6.75062,8.43698,8.65779,8.68,8.69329,20.8462,20.8106,21.6068,0.158902,20.2692,20.4427,20.5467,21.8231,22.6264,22.6856,22.719,22.719,22.7178,22.0845,0.140149,20.3139,20.5494,21.5882,22.497,22.7178,22.74,22.7533,6.99771,6.5224,6.77735,0.0355432,6.42448,6.47938,6.61245,6.81059,6.92615,6.9885,7.04302,6.91484,6.92204,6.97044,0.0450775,6.42795,6.62202,6.80375,6.93351,7.28957,7.34461,7.36745,23.3869,23.1317,23.5456,0.060772,23.0642,23.21,23.3862,23.4697,23.6264,23.7071,24.4664,23.9256,23.442,23.65,0.0502904,23.0979,23.3667,23.442,23.581,23.9334,24.0487,24.1388,-9999,-9999
202307061500,202307061530,16.94,0,17.428,16.94,0,901.226,649.4,0,498.307,649.4,0,324.48,0,359.281,324.48,0,337.579,0,368.51,337.579,0,4.854,0,5.508,4.854,0,100.05,100.013,100.05,0,0,0.118,0,0,3.42,4.171,3.42,0,236.9,0.75,74.86,469.01,1326.71,353.6,28.99,62.63,403.31,395.28,0,12.87,12.61,12.38,12.05,11.16,9.95,0,0,0,0,0,0,19.09,20.204,26.136,23.439,10.732,0,3,3,3,3,5.23,0,278.05,0,362.287,297.871,499.065,47.8211,2,16,156.622,82.18,0,107.077,88.0381,147.503,33.6008,2,10,55.4266,434,1,0,-16.23,-16.23,0,0,3.05802,2.84952,2,2,56,49,3.05802,2.84952,-16.23,-16.23,0,0,2.98975,2.84952,2,2,55,49,2.98975,2.84952,-16.2767,-16.37,1,1,0.0466667,0.0787292,-16.23,-16.23,-16.23,-16.23,-16.23,-16.23,-16.23,-18.0967,-16.23,-16.23,-16.23,-16.23,-16.23,-16.23,0,0,0,0,0,0,0,1,0,0,0,0,0,0,7.33605,7.35848,8.07999,0.184224,6.6239,6.84979,6.9584,7.34275,9.29358,9.36829,9.43299,9.40001,9.43299,8.66077,0.159864,6.66156,7.06411,7.35848,9.22033,9.386,9.41014,9.4384,23.566,23.5885,24.45,0.177207,22.8539,23.1664,23.2941,24.9694,25.5236,25.5983,25.663,25.6684,25.663,24.9374,0.153042,22.8916,23.3017,24.3516,25.4503,25.616,25.6401,25.6684,7.51099,6.7449,7.31674,0.0737465,6.60964,6.73716,6.96889,7.33461,7.52777,7.54314,8.31154,7.34473,7.35265,7.55021,0.0773066,6.6133,7.10055,7.29062,7.4816,8.06908,8.19832,8.22308,24.4102,24.1332,24.5708,0.0658161,24.0698,24.2438,24.3932,24.4645,24.6259,24.8162,25.5302,24.8735,24.4057,24.633,0.048507,24.1313,24.3454,24.4212,24.5541,24.8803,24.9824,25.0515,-9999,-9999
202307061530,202307061600,17.58,0,17.379,17.58,0,832.863,600.74,0,460.512,600.74,0,333.68,0,359.281,333.68,0,336.807,0,368.51,336.807,0,6.673,0,5.593,6.673,0,100.07,100.032,100.07,0,0,0.118,0,0,4.81,4.154,4.81,0,237.9,0.994,66.81,436.12,1220.44,397.19,27.88,60.22,406.3,397.74,0,12.93,12.64,12.39,12.05,11.16,9.95,0,0,0,0,0,0,19.08,20.175,26.108,23.424,10.725,0,3,3,3,3,5.63,0,146.73,0,191.183,157.19,263.362,34.6736,2,60,86.0039,191.75,0,249.842,205.419,344.167,45.0063,2,21,112.269,434,1,0,-14.93,-14.93,0,0,1.06298,1.06298,1,1,6,6,1.06298,1.06298,-14.93,-14.93,0,0,1.06298,1.06298,1,1,6,6,1.06298,1.06298,-14.93,-14.93,1,1,0.000000000000000284445,0.000000000000000284445,-14.93,-14.93,-14.93,-14.93,-14.93,-14.93,-14.93,-14.93,-14.93,-14.93,-14.93,-14.93,-14.93,-14.93,0,0,0,0,0,0,0,0,0,0,0,0,0,0,7.50098,7.54041,8.28054,0.191072,6.7477,7.01103,7.12815,7.52413,9.51102,9.6273,9.68332,9.62905,9.68332,8.87463,0.16527,6.78313,7.2363,7.54041,9.48561,9.61361,9.64152,9.69002,22.431,22.4704,23.2105,0.191072,21.6777,21.941,22.0582,22.4541,24.441,24.5573,24.6133,24.62,24.6133,23.8046,0.16527,21.7131,22.1663,22.4704,24.4156,24.5436,24.5715,24.62,7.66764,6.80847,7.47868,0.0883649,6.66143,6.80056,7.0688,7.47037,7.71647,7.79306,8.72228,7.47347,7.48179,7.72601,0.088503,6.66521,7.22419,7.46334,7.63664,8.30835,8.46457,8.4947,23.8307,23.5663,23.9928,0.0630452,23.5002,23.6623,23.8246,23.9053,24.0774,24.2002,24.9393,24.3397,23.8588,24.0793,0.04988,23.5494,23.7911,23.8723,24.0012,24.3471,24.4583,24.5435,-9999,-9999
202307061600,202307061630,17.34,0,17.33,17.34,0,757.564,272.51,0,402.876,272.51,0,354.2,0,351.333,354.2,0,392.605,0,359.122,392.605,0,6.314,0,5.677,6.314,0,100.09,100.05,100.09,0,0,0.116,0,0,3.81,4.138,3.81,0,247.4,0.676,68.12,186.66,559.33,315.23,13.17,26.55,404.24,397.74,0,12.98,12.67,12.41,12.05,11.16,9.95,0,0,0,0,0,0,19.06,20.149,26.08,23.409,10.718,0,3,3,3,3,5.94,0,126.61,0,164.968,135.635,227.249,23.7665,1,11,71.9509,46.9129,1,61.1255,50.257,84.2027,27.5203,2,7,37.2904,434,1,0,-7.69,-7.69,0,0,2.35953,2.30813,1,1,10,8,2.35953,2.30813,-7.69,-7.69,0,0,2.35953,2.30813,1,1,10,8,2.35953,2.30813,-7.69,-7.73736,1,1,0.000000000000000142222,0.0473571,-7.69,-7.69,-7.69,-7.69,-7.69,-7.69,-7.69,-7.69,-7.69,-7.69,-7.69,-7.69,-7.69,-7.69,0,0,0,0,0,0,0,0,0,0,0,0,0,0,7.44443,7.47543,8.22572,0.191364,6.70613,6.95414,7.06692,7.45902,9.469,9.5694,9.6283,9.58213,9.6283,8.82308,0.165682,6.74234,7.17385,7.47543,9.43514,9.56784,9.59368,9.63449,15.1344,15.1654,15.9631,0.189502,14.3961,14.6441,14.7576,15.1654,17.159,17.2594,17.3183,17.3245,17.3183,16.5131,0.165682,14.4323,14.8638,15.1654,17.1251,17.2578,17.2837,17.3245,7.6189,6.78432,7.41925,0.0827449,6.63996,6.77635,7.03026,7.42079,7.64875,7.68659,8.54639,7.43155,7.44009,7.66628,0.0850897,6.64381,7.17804,7.38171,7.58671,8.23164,8.38073,8.41068,17.2021,17.0653,17.366,0.0546458,16.8894,16.9838,17.1211,17.3785,17.5604,17.6559,17.7925,18.0943,17.5434,17.6589,0.0690067,16.9008,17.1211,17.3785,17.5668,18.0943,18.1811,18.3529,-9999,-9999
202307061630,202307061700,17.26,0,17.179,17.26,0,676.619,222.82,0,359.81,222.82,0,359.01,0,351.333,359.01,0,388.379,0,359.122,388.379,0,7.105,0,5.413,7.105,0,100.11,100.058,100.11,0,0,0.116,0,0,3.35,4.054,3.35,0,266.3,0.738,63.94,151.73,457.01,358.61,10.67,21.67,403.43,397.87,0,13.04,12.71,12.42,12.05,11.16,9.95,0,0,0,0,0,0,19.04,20.126,26.055,23.395,10.713,0,3,3,3,3,5.99,0,77.73,0,101.279,83.2709,139.516,31.0204,1,9,51.9675,4.57,0,5.95452,4.89577,8.20258,21.7989,2,33,21.9363,434,1,0,-9.23,-9.23,0,0,1.92322,2.55169,1,2,7,16,1.92322,2.55169,-9.23,-9.23,0,0,1.92322,2.55169,1,2,7,16,1.92322,2.55169,-9.23,-9.20238,1,1,0.000000000000000284445,0.027625,-9.23,-9.23,-9.23,-9.23,-9.23,-9.23,-9.23,-9.23,-9.23,-9.23,-9.23,-9.23,-9.23,-9.23,0,0,0,0,0,0,0,0,0,0,0,0,0,0,7.42815,7.45538,8.21732,0.192848,6.6946,6.93693,7.04773,7.43877,9.47407,9.56909,9.62876,9.58532,9.62876,8.81974,0.167003,6.73103,7.1541,7.45538,9.43083,9.57143,9.59654,9.63477,16.6582,16.6854,17.4197,0.199224,15.9246,16.1256,16.2777,16.6688,18.7041,18.7991,18.8588,18.8648,18.8588,18.0497,0.167004,15.961,16.3841,16.6854,18.6608,18.8014,18.8265,18.8648,7.60743,6.77606,7.40021,0.0809197,6.63175,6.768,7.01684,7.40954,7.63406,7.65244,8.47889,7.42061,7.4294,7.64943,0.0843714,6.63569,7.16272,7.35988,7.57398,8.21248,8.36068,8.38193,15.4616,15.3534,15.6267,0.0566086,15.0542,15.2655,15.3383,15.6765,15.8695,15.9297,16.0429,16.4147,15.8616,15.9516,0.0728049,15.159,15.3383,15.6765,15.8839,16.4147,16.4943,16.687,-9999,-9999
202307061700,202307061730,17.66,0,17.028,17.66,0,591.41,350.07,0,386.549,350.07,0,351.04,0,349.034,351.04,0,358.762,0,356.406,358.762,0,8.334,0,5.149,8.334,0,100.12,100.066,100.12,0,0,0.022,0,0,3.78,3.97,3.78,0,253,0.72,58.76,240.46,699.15,382.45,17.03,39.01,406.25,397.69,0,13.08,12.75,12.44,12.05,11.16,9.95,0,0,0,0,0,0,19.01,20.104,26.03,23.382,10.706,0,3,3,3,3,5.84,0,146.57,0,190.975,157.018,263.075,18.855,1,6,80.8481,45.1,0,58.7634,48.3149,80.9488,24.8551,2,8,34.6841,434,1,0,-10.89,-10.89,0,0,2.66893,2.81235,2,2,42,30,2.66893,2.81235,-10.89,-10.89,0,0,2.65131,2.81235,2,2,41,30,2.65131,2.81235,-10.89,-10.89,1,1,0.00000000000000170667,0.00000000000000170667,-10.89,-10.89,-10.89,-10.89,-10.89,-10.89,-10.89,-10.89,-10.89,-10.89,-10.89,-10.89,-10.89,-10.89,0,0,0,0,0,0,0,0,0,0,0,0,0,0,7.53292,7.57026,8.34908,0.198022,6.77338,7.03891,7.15472,7.5532,9.62202,9.74046,9.79742,9.74046,9.79742,8.96232,0.171144,6.80839,7.26252,7.57026,9.59615,9.72723,9.75315,9.80424,18.4229,18.4603,19.2391,0.198022,17.6634,17.9289,18.0447,18.4432,20.512,20.6305,20.6874,20.6942,20.6874,19.8523,0.171144,17.6984,18.1525,18.4603,20.4862,20.6172,20.6431,20.6942,7.70919,6.81554,7.50166,0.0900493,6.66338,6.80734,7.07883,7.49452,7.75985,7.8083,8.72533,7.50295,7.5121,7.76156,0.0917315,6.66744,7.23998,7.46697,7.67418,8.36678,8.53369,8.56404,19.4142,19.2408,19.5854,0.0541427,19.1024,19.2315,19.4058,19.5637,19.7134,19.8597,20.2187,20.2307,19.6819,19.8307,0.0642419,19.1132,19.3848,19.5518,19.7134,20.2307,20.3314,20.457,-9999,-9999
202307061730,202307061800,17.86,0,17.209,17.86,0,503.398,289.99,0,328.962,289.99,0,347.82,0,349.034,347.82,0,363.214,0,356.406,363.214,0,8.792,0,5.611,8.792,0,100.14,100.089,100.14,0,0,0.022,0,0,3.91,3.951,3.91,0,264.1,0.801,57.04,183.68,582.94,330.41,14.57,33.14,407.05,397.69,0,13.11,12.78,12.46,12.06,11.16,9.95,0,0,0,0,0,0,18.99,20.085,26.008,23.371,10.701,0,3,3,3,3,5.76,0,141.22,0,184.004,151.287,253.472,19.8654,1,6,78.3106,44.1,0,57.4604,47.2436,79.154,27.5203,2,7,36.2894,434,1,0,-10.91,-10.91,0,0,2.68654,2.8315,2,2,43,31,2.68654,2.8315,-10.91,-10.91,0,0,2.66893,2.8315,2,2,42,31,2.66893,2.8315,-10.91,-10.91,1,1,0.00000000000000142222,0.00000000000000142222,-10.91,-10.91,-10.91,-10.91,-10.91,-10.91,-10.91,-10.91,-10.91,-10.91,-10.91,-10.91,-10.91,-10.91,0,0,0,0,0,0,0,0,0,0,0,0,0,0,7.58736,7.62906,8.42279,0.201703,6.81454,7.09134,7.20925,7.61165,9.72964,9.8328,9.89662,9.8328,9.89662,9.04452,0.174148,6.84881,7.31765,7.62906,9.68736,9.8285,9.8513,9.90385,18.4974,18.5391,19.3328,0.201703,17.7245,18.0013,18.1193,18.5217,20.6396,20.7428,20.8066,20.8138,20.8066,19.9545,0.174148,17.7588,18.2276,18.5391,20.5974,20.7385,20.7613,20.8138,7.7642,6.83504,7.55292,0.0946676,6.67832,6.82672,7.10931,7.53992,7.81683,7.88382,8.8399,7.54646,7.55593,7.82021,0.095801,6.68247,7.27862,7.52139,7.72772,8.44934,8.62724,8.65791,17.7851,17.6421,17.9597,0.0554042,17.4704,17.5631,17.7171,17.962,18.1472,18.2613,18.4546,18.6898,18.1275,18.2493,0.069532,17.4825,17.7171,17.962,18.1505,18.6898,18.7839,18.9392,-9999,-9999
202307061800,202307061830,17.99,0,17.39,17.99,0,414.086,283.15,0,240.378,283.15,0,350.83,0,342.172,350.83,0,336.363,0,348.3,336.363,0,9.444,0,6.073,9.444,0,100.16,100.112,100.16,0,0,0.028,0,0,4.09,3.932,4.09,0,266.5,0.9,54.23,175.55,553.16,285.01,14.53,35.97,407.7,398.87,0,13.14,12.81,12.48,12.06,11.16,9.95,0,0,0,0,0,0,18.97,20.069,25.988,23.36,10.696,0,3,3,3,3,5.72,0,120.66,0,157.215,129.261,216.57,34.5905,2,56,73.3846,55.78,0,72.679,59.7562,100.118,21.6276,2,5,36.9181,434,1,0,-7.42,-7.42,0,0,2.16222,1.89102,2,2,12,7,2.16222,1.89102,-7.42,-7.42,0,0,2.16222,1.89102,2,2,12,7,2.16222,1.89102,-7.42,-7.42,1,1,0.000000000000000426667,0.000000000000000426667,-7.42,-7.42,-7.42,-7.42,-7.42,-7.42,-7.42,-7.42,-7.42,-7.42,-7.42,-7.42,-7.42,-7.42,0,0,0,0,0,0,0,0,0,0,0,0,0,0,7.62417,7.6682,8.47617,0.204864,6.84256,7.1264,7.24539,7.65048,9.80932,9.9032,9.97503,9.9032,9.97153,9.10561,0.176756,6.87633,7.3541,7.6682,9.7562,9.9032,9.92653,9.97902,15.0442,15.0882,15.8962,0.204864,14.2626,14.5464,14.6654,15.0705,17.2293,17.3232,17.395,17.399,17.3915,16.5256,0.176756,14.2963,14.7741,15.0882,17.1762,17.3232,17.3465,17.399,7.80289,6.84758,7.58653,0.0976546,6.68744,6.83915,7.12879,7.57147,7.85695,7.92992,8.90731,7.57641,7.58618,7.86011,0.0987012,6.69169,7.30375,7.55277,7.76497,8.50673,8.6929,8.72385,17.5889,17.4506,17.767,0.0560183,17.2737,17.3685,17.5111,17.7755,17.9632,18.0625,18.252,18.5133,17.9462,18.064,0.0706801,17.2863,17.5111,17.7755,17.9689,18.5133,18.6079,18.7642,-9999,-9999
202307061830,202307061900,17.37,0,17.135,17.37,0,325.005,133.96,0,188.559,133.96,0,323.19,0,342.172,323.19,0,383.557,0,348.3,383.557,0,8.417,0,6.051,8.417,0,100.19,100.12,100.19,0,0,0.028,0,0,3.37,3.683,3.37,0,259.1,0.745,57.58,29.86,280.77,172.2,7.52,15.67,403.32,399.56,0,13.16,12.83,12.5,12.07,11.16,9.95,0,0,0,0,0,0,18.95,20.055,25.971,23.35,10.691,0,3,3,3,3,5.57,0,114.99,0,149.827,123.187,206.393,23.2336,1,6,65.9103,-28.132,1,-36.6089,-50.4934,-30.1374,19.0195,2,184,24.2784,434,1,0,-4.22,-4.498,1,1,2.71305,2.49107,2,2,16,5,2.74142,2.52193,-4.22,-4.498,1,1,2.71305,2.49107,2,2,16,5,2.74142,2.52193,-4.30444,-4.4207,1,1,0.0595216,0.0779259,-5.00667,-5.00667,-4.498,-4.22,-4.22,-4.22,-3.87286,-5.00667,-5.00667,-5.00667,-4.44,-4.22,-4.22,-3.34,1,1,1,1,1,1,1,1,1,1,1,1,1,1,7.47144,7.49598,8.30915,0.202078,6.7294,6.97482,7.08392,7.47833,9.62221,9.72404,9.78644,9.73404,9.78104,8.93697,0.174805,6.76527,7.18984,7.49598,9.58665,9.7198,9.74555,9.78721,11.9694,11.994,12.7299,0.194817,10.2746,11.773,11.9694,12.2049,13.9241,13.9864,14.0072,14.0072,14.001,13.2414,0.166586,10.3129,12.0912,12.2003,13.8232,13.9557,13.9864,14.0256,7.66286,6.78589,7.43188,0.083407,6.63471,6.77744,7.0308,7.45188,7.67072,7.70366,8.48915,7.46044,7.47032,7.69741,0.0886991,6.63901,7.18444,7.39145,7.62411,8.29091,8.45285,8.46762,11.333,11.2849,11.5001,0.0600614,10.801,11.099,11.2147,11.446,11.8305,11.8342,11.9741,12.3594,11.8313,11.8628,0.0763565,11.0536,11.2257,11.5816,11.8313,12.3594,12.4211,12.6225,-9999,-9999
202307061900,202307061930,16.32,0,16.879,16.32,0,237.677,42.96,0,166.111,42.96,0,317.83,0,341.151,317.83,0,378.373,0,347.094,378.373,0,7.108,0,6.029,7.108,0,100.21,100.128,100.21,0,0,0.036,0,0,3.01,3.433,3.01,0,246.6,0.551,61.71,-41.68,108.53,100.66,2.73,3,396.6,401.51,0,13.17,12.86,12.52,12.07,11.16,9.95,0,0,0,0,0,0,18.93,20.042,25.956,23.34,10.686,0,3,3,3,3,5.33,0,44.13,0,57.4995,47.2758,79.2078,24.6601,1,18,34.1823,-58.99,0,-76.7652,-105.88,-63.195,32.5861,1,16,45.4208,434,1,0,1.25,1.25,0,0,2.2811,2.24674,2,2,20,8,2.2811,2.35148,1.25,1.25,0,0,2.2811,2.2084,2,2,20,8,2.2811,2.31488,1.4235,1.6317,1,1,0.0735049,0.0992413,1.25,1.25,1.25,1.25,1.25,1.25,2.638,1.25,1.25,1.25,1.25,2.638,2.638,2.638,0,0,0,0,0,0,1,0,0,0,0,1,1,1,7.21034,7.20393,8.01587,0.195861,6.53452,6.71698,6.81036,7.20393,9.33443,9.3715,9.44197,9.42619,9.43796,8.63615,0.17026,6.5739,6.91177,7.20393,9.22708,9.3964,9.43217,9.44197,5.96034,5.95393,6.38417,0.27256,3.89652,4.07898,4.17236,5.95393,8.08443,8.1215,8.19197,8.19197,8.18796,7.21265,0.227381,3.9359,5.66177,5.95393,7.97708,8.1464,8.18217,8.19197,7.4189,6.68014,7.17271,0.0618524,6.54512,6.67172,6.86421,7.24382,7.32864,7.42939,7.89147,7.25956,7.26943,7.42007,0.0721997,6.54946,6.98151,7.19078,7.3451,7.91714,8.04152,8.05543,4.67036,4.67059,4.77186,0.0389691,4.28738,4.51933,4.56873,4.72201,4.9966,5.01996,5.0666,5.32886,5.02006,5.00856,0.0481706,4.50527,4.57155,4.72836,5.01618,5.32886,5.35368,5.48176,-9999,-9999
202307061930,202307062000,15.88,0,16.73,15.88,0,153.597,49.32,0,107.1,49.32,0,326.01,0,341.151,326.01,0,378.099,0,347.094,378.099,0,6.173,0,6.071,6.173,0,100.24,100.155,100.24,0,0,0.036,0,0,2.44,3.144,2.44,0,240.3,0.408,65.8,-27.99,102.77,83.29,2.87,6.62,394.55,401.83,0,13.18,12.88,12.54,12.08,11.16,9.95,0,0,0,0,0,0,18.91,20.039,25.944,23.331,10.682,0,3,3,3,3,4.95,0,27.82,0,36.2483,29.8031,49.9334,26.401,1,15,30.3264,-43.1,0,-56.0871,-77.3591,-46.1723,34.1513,1,15,41.2404,434,1,0,8.36231,9.71273,1,1,1.74714,2.32873,2,2,36,7,4.11109,2.72786,8.36231,9.71273,1,1,1.74714,1.83175,2,2,36,5,4.11109,2.31809,6.1147,8.14034,1,1,0.516639,0.346524,2.27,2.27,2.27,8.19875,8.36231,9.71273,9.71273,2.27,6.87143,8.19875,8.36231,9.71273,9.71273,9.71273,0,0,0,1,1,1,1,0,1,1,1,1,1,1,7.10322,7.08343,7.9013,0.19441,6.45456,6.61071,6.69721,7.08343,9.22801,9.24782,9.31291,9.31253,9.3098,8.52156,0.169357,6.49534,6.79662,7.08343,9.09864,9.28912,9.3098,9.31849,-2.60951,-2.6293,-0.239044,0.427124,-3.86144,-2.91127,-2.64488,-0.416868,0.871467,0.950595,6.95926,0.950595,0.947488,2.40685,0.605965,-2.91611,-2.6293,-0.416868,0.937462,6.94956,7.01608,7.04253,7.31982,6.6351,7.06617,0.0541478,6.50618,6.62666,6.79348,7.10694,7.1927,7.32719,7.63082,7.17748,7.18748,7.30692,0.0660183,6.51058,6.8779,7.07633,7.20293,7.76873,7.87312,7.89029,5.26507,5.26442,5.37869,0.0430272,4.84913,5.09701,5.15224,5.32175,5.62617,5.6519,5.70505,5.99373,5.65205,5.63949,0.0531743,5.08431,5.15535,5.33041,5.64776,5.99373,6.02217,6.15975,-9999,-9999
202307062000,202307062030,15.42,0,16.581,15.42,0,74.2042,23.95,0,118.391,23.95,0,312.64,0,332.701,312.64,0,377.898,0,337.112,377.898,0,5.172,0,6.112,5.172,0,100.28,100.182,100.28,0,0,0,0,0,1.98,2.854,1.98,0,249.1,0.238,70.49,-62.37,51.97,42.42,1.58,4.37,391.58,402.19,0,13.17,12.89,12.56,12.09,11.16,9.95,0,0,0,0,0,0,18.89,20.081,25.936,23.324,10.679,0,3,3,3,3,4.43,0,5.49,0,7.15324,5.88135,9.85386,28.6196,1,12,28.7707,-18.78,0,-24.4389,-33.7077,-20.1187,36.2119,1,12,37.5869,434,1,0,11.077,11.077,1,1,2.24871,2.86391,2,2,7,4,2.25786,3.10618,11.077,11.077,1,1,2.24871,2.08865,2,2,7,2,2.25786,2.41016,10.8542,10.5751,1,1,0.111992,0.213896,8.67167,10.6709,11.077,11.077,11.077,11.077,11.077,8.67167,8.67167,11.077,11.077,11.077,11.077,11.077,1,1,1,1,1,1,1,1,1,1,1,1,1,1,6.99111,6.95767,7.7807,0.192766,6.37061,6.49734,6.57914,6.95767,9.09249,9.12629,9.18367,9.19177,9.17407,8.40046,0.168313,6.41284,6.67649,6.95767,8.96262,9.17278,9.17625,9.19177,-4.08589,-4.11933,-2.79438,0.221144,-5.58949,-4.39674,-4.13011,-2.28405,-1.97416,-1.91,-1.893,-1.90074,-1.90293,-2.45378,0.146136,-4.40051,-4.11933,-2.40392,-2.01015,-1.90422,-1.90074,-1.88523,7.21528,6.58768,6.95563,0.0471484,6.46521,6.5792,6.71929,7.01991,7.10246,7.22001,7.43735,7.0911,7.10123,7.18871,0.0598157,6.46968,6.73608,6.93646,7.10981,7.61367,7.6984,7.7177,2.77692,2.78184,2.84692,0.0265266,2.52125,2.67931,2.70729,2.81375,3.00237,3.02122,3.04881,3.22706,3.02122,3.00742,0.0325523,2.66398,2.71265,2.81391,3.01592,3.22706,3.24182,3.32367,-9999,-9999
202307062030,202307062100,14.7,0,16.168,14.7,0,9.16837,5.34,0,0,5.34,0,309.36,0,332.701,309.36,0,349.465,0,337.112,349.465,0,4.342,0,5.684,4.342,0,100.32,100.208,100.32,0,0,0,0,0,1.85,2.639,1.85,0,238,0.218,74.05,-75.85,15.85,12.19,0.4,0.13,387.47,404.78,0,13.15,12.89,12.57,12.1,11.16,9.95,0,0,0,0,0,0,18.88,20.093,25.931,23.318,10.678,0,3,3,3,3,4.13,0,5.16,0,6.72326,5.52783,9.26155,17.4489,1,37,17.6671,-25.34,0,-32.9756,-45.4821,-27.1463,29.0868,1,35,32.1059,434,1,0,7.47,6.89103,1,1,1.50797,1.28516,2,2,54,46,1.63812,1.51865,7.47,6.50027,1,1,1.50797,1.09953,2,2,54,47,1.63812,1.36515,7.12861,6.72078,1,1,0.0919397,0.0997613,5.85179,6.2531,6.50027,7.47,7.49286,7.53291,7.57379,5.61348,5.85179,6.2531,6.50027,7.43681,7.47,7.49286,1,1,1,1,1,1,1,1,1,1,1,1,1,1,6.81375,6.76031,7.58398,0.189035,6.23696,6.31717,6.39405,6.76031,8.85592,8.92879,8.9495,8.98665,8.94609,8.19938,0.165704,6.28144,6.48831,6.76031,8.73383,8.94609,8.9777,8.98665,0.31348,0.260038,0.8632,0.100375,0.0717969,0.170021,0.217653,0.703694,1.45664,1.51567,1.59957,1.47687,1.47609,1.07077,0.0869194,0.16349,0.260038,0.385171,1.40614,1.45508,1.47609,1.54561,7.04738,6.51288,6.78344,0.0388273,6.40128,6.50441,6.58922,6.80305,6.95933,7.0262,7.08761,6.95285,6.96302,7.00207,0.0505427,6.40578,6.61136,6.80347,6.96302,7.36747,7.42669,7.44369,0.661279,0.6636,0.680314,0.00716584,0.594036,0.636116,0.640706,0.670552,0.722812,0.728536,0.734973,0.783449,0.728536,0.723609,0.00876017,0.630737,0.644596,0.671619,0.726805,0.783449,0.786887,0.806951,-9999,-9999
202307062100,202307062130,14.14,0,15.755,14.14,0,0,0,0,0,0,0,307.62,0,327.116,307.62,0,371.849,0,330.515,371.849,0,3.694,0,5.257,3.694,0,100.34,100.234,100.34,0,0,0,0,0,2.23,2.425,2.23,0,222.2,0.212,77.11,-79.81,2.46,1.01,0.02,-0.92,384.7,406.19,0,13.13,12.89,12.59,12.11,11.16,9.95,0,0,0,0,0,0,18.87,20.105,25.929,23.314,10.679,0,3,3,3,3,3.85,0,3.05,0,3.97402,3.26742,5.47437,13.1266,1,38,13.2282,-25.06,0,-32.6112,-44.9796,-26.8464,31.9063,1,41,34.6222,434,1,1,7.08,6.5736,1,1,1.4293,1.28516,2,2,61,48,1.50371,1.41412,7.08,6.25917,1,1,1.4293,1.09953,2,2,61,47,1.50371,1.24783,6.80693,6.49959,1,1,0.0694291,0.0729952,5.9,6.18268,6.25917,7.08,7.09355,7.11703,7.15031,5.77,5.9,6.18268,6.25917,7.04695,7.08,7.08,1,1,1,1,1,1,1,1,1,1,1,1,1,1,6.67679,6.60797,7.434,0.186526,6.13346,6.18005,6.25108,6.60989,8.67754,8.77386,8.78128,8.83217,8.77416,8.04694,0.164024,6.1749,6.34292,6.60797,8.57718,8.78035,8.8319,8.83319,0.417624,0.348802,0.934413,0.120222,0.00723028,0.112078,0.233458,0.437378,1.69416,1.71023,1.83353,1.69386,1.69416,1.24001,0.103721,0.0944009,0.279641,0.400614,1.68219,1.6972,1.70226,1.73862,6.91727,6.45401,6.6513,0.0354941,6.28716,6.39969,6.44552,6.61152,6.84574,6.85598,6.91808,6.84574,6.85598,6.85845,0.0442755,6.35519,6.44552,6.69273,6.84768,7.1791,7.21896,7.23158,0,0,0,0,0,0,0,0,0,0,0,0,0,0,0,0,0,0,0,0,0,0,-9999,-9999
202307062130,202307062200,13.66,0,15.1,13.66,0,0,0,0,0,0,0,305.34,0,327.116,305.34,0,369.269,0,330.515,369.269,0,3.242,0,4.641,3.242,0,100.37,100.267,100.37,0,0,0,0,0,2.23,2.266,2.23,0,221.4,0.247,79.27,-80.38,0.65,0.68,-0.04,-1.64,382.25,407.62,0,13.1,12.89,12.6,12.11,11.16,9.95,0,0,0,0,0,0,18.86,20.118,25.928,23.311,10.679,0,3,3,3,3,3.42,0,3.16,0,4.11735,3.38526,5.6718,11.7731,1,37,11.8945,-29.48,0,-38.3631,-52.9129,-31.5815,32.1001,1,40,35.7835,434,1,1,7.08,6.5736,1,1,1.4293,1.28516,2,2,61,48,1.50309,1.41412,7.08,6.25917,1,1,1.4293,1.09953,2,2,61,47,1.50309,1.24783,6.80653,6.49959,1,1,0.0693817,0.0729952,5.9,6.18268,6.25917,7.08,7.09355,7.11301,7.15031,5.77,5.9,6.18268,6.25917,7.04695,7.08,7.08,1,1,1,1,1,1,1,1,1,1,1,1,1,1,6.56004,6.4782,7.3073,0.18461,6.045,6.0919,6.12921,6.48473,8.52805,8.62884,8.65587,8.70278,8.63004,7.91866,0.162793,6.05775,6.21888,6.4782,8.46997,8.65646,8.70084,8.71037,0.300874,0.219027,0.807713,0.118408,-0.101532,-0.0117464,0.145003,0.322773,1.55004,1.58022,1.69105,1.54884,1.55004,1.11213,0.102414,-0.024519,0.181775,0.285781,1.531,1.56695,1.58427,1.60923,6.80585,6.40307,6.53929,0.0351043,6.12977,6.30661,6.35961,6.47615,6.74991,6.7561,6.80585,6.75413,6.76447,6.73635,0.0397302,6.257,6.39456,6.57243,6.75413,7.01961,7.04313,7.05179,0,0,0,0,0,0,0,0,0,0,0,0,0,0,0,0,0,0,0,0,0,0,-9999,-9999
202307062200,202307062230,13.11,0,14.445,13.11,0,0,0,0,0,0,0,302.56,0,333.654,302.56,0,366.278,0,338.238,366.278,0,2.754,0,4.025,2.754,0,100.4,100.299,100.4,0,0,0,0,0,2.28,2.107,2.28,0,217.5,0.219,81.75,-79.41,0.62,0.68,-0.05,-4.79,379.17,410.4,0,13.07,12.88,12.6,12.12,11.16,9.95,0,0,0,0,0,0,18.86,20.159,25.962,23.331,10.69,0,3,3,3,3,2.95,0,2,0,2.60592,2.14257,3.58975,12.1673,1,32,12.2145,-31.88,0,-41.4863,-57.2206,-34.1525,30.8148,1,37,35.2415,434,1,1,6.46636,6.23234,1,1,1.4293,1.23639,2,2,65,49,1.44593,1.27615,6.46636,6.2187,1,1,1.4293,1.09953,2,2,65,47,1.44593,1.14406,6.37385,6.23042,1,1,0.0337302,0.0352756,5.81333,6.125,6.2187,6.46636,6.46636,6.56241,6.57085,5.80452,5.83423,6.125,6.2187,6.46636,6.46636,6.46636,1,1,1,1,1,1,1,1,1,1,1,1,1,1,6.42596,6.32978,7.1602,0.182107,5.92298,5.98571,5.99193,6.34143,8.3529,8.45869,8.5089,8.55016,8.4609,7.7687,0.161127,5.94297,6.07606,6.32978,8.3422,8.51,8.54634,8.56513,0.207255,0.111079,0.929778,0.15367,-0.181983,-0.105306,0.0753541,0.193928,1.97358,1.99233,2.05148,1.99233,1.99454,1.39485,0.13451,-0.102969,0.111079,0.17434,1.89206,2.00167,2.04364,2.07998,6.6769,6.34424,6.41177,0.037118,6.06164,6.0697,6.25602,6.37702,6.63743,6.64817,6.6769,6.64817,6.65858,6.59644,0.0355804,6.06845,6.29119,6.40391,6.64462,6.81579,6.84111,6.84978,0,0,0,0,0,0,0,0,0,0,0,0,0,0,0,0,0,0,0,0,0,0,-9999,-9999
202307062230,202307062300,12.74,0,13.909,12.74,0,0,0,0,0,0,0,301.42,0,333.654,301.42,0,364.064,0,338.238,364.064,0,2.485,0,3.539,2.485,0,100.43,100.317,100.43,0,0,0,0,0,2.42,2.07,2.42,0,222.8,0.284,83.13,-78.78,0.62,0.67,-0.04,-4.91,377.53,412.77,0,13.03,12.86,12.61,12.13,11.16,9.95,0,0,0,0,0,0,18.86,20.159,26.004,23.356,10.702,0,3,3,3,3,2.54,0,0.46,0,0.599361,0.492791,0.830921,10.2623,1,29,10.2654,-48.68,0,-63.428,-87.9331,-52.1501,29.0475,1,35,39.3366,435,1,1,6.0854,5.95558,1,1,1.41167,1.16796,2,2,65,48,1.41799,1.1756,6.0854,5.93405,1,1,1.41167,1.08139,2,2,65,46,1.41799,1.08963,6.01055,5.95114,1,1,0.0167588,0.0203711,5.81333,5.81784,5.93405,6.03942,6.0854,6.0854,6.10306,5.80452,5.81784,5.81784,5.93405,6.0854,6.0854,6.10306,1,1,1,1,1,1,1,1,1,1,1,1,1,1,6.33696,6.23097,7.06535,0.180982,5.83214,5.8968,5.92265,6.24604,8.24279,8.35184,8.41764,8.45504,8.35473,7.67346,0.160491,5.87522,5.98078,6.23097,8.24995,8.41909,8.44995,8.47498,0.402906,0.296916,1.11421,0.161923,0.0374565,0.0741339,0.10481,0.402906,2.15941,2.26644,2.33224,2.26644,2.26933,1.66292,0.145906,0.061892,0.164924,0.313428,2.1611,2.33369,2.43054,2.45557,6.59109,6.30427,6.32733,0.0396509,5.88277,5.96916,6.17178,6.32767,6.56333,6.5779,6.59109,6.5779,6.58843,6.5038,0.0337241,5.96793,6.22577,6.34166,6.57151,6.67859,6.70951,6.72049,0,0,0,0,0,0,0,0,0,0,0,0,0,0,0,0,0,0,0,0,0,0,-9999,-9999
202307062300,202307062330,12.57,0,13.374,12.57,0,0,0,0,0,0,0,301.01,0,326.333,301.01,0,363.345,0,329.591,363.345,0,2.294,0,3.052,2.294,0,100.46,100.335,100.46,0,0,0,0,0,2.27,2.033,2.27,0,216.6,0.251,84.25,-78.09,0.62,0.67,-0.04,-4.89,376.39,414.27,0,12.99,12.85,12.61,12.13,11.16,9.95,0,0,0,0,0,0,18.86,20.203,26.057,23.389,10.72,0,3,3,3,3,2.13,0,-0.78,0,-1.01503,-1.4,-0.834641,9.62922,1,31,9.63833,-35.98,0,-46.8217,-64.5796,-38.5005,27.9053,1,37,33.9476,436,1,1,5.97245,6.00886,1,1,1.41167,1.16796,2,2,65,48,1.41312,1.17106,5.97245,5.98907,1,1,1.41167,1.08139,2,2,65,46,1.41312,1.08473,5.93684,5.91751,1,1,0.0090419,0.0120243,5.81333,5.84421,5.9074,5.96491,5.97245,5.97245,6.00886,5.80452,5.81784,5.84421,5.95786,5.97245,5.98813,6.00886,1,1,1,1,1,1,1,1,1,1,1,1,1,1,6.29786,6.18674,7.02847,0.181406,5.79092,5.85499,5.89319,6.20346,8.2049,8.31537,8.38873,8.42416,8.31859,7.63912,0.161009,5.8457,5.9378,6.18674,8.21284,8.39035,8.41847,8.44652,0.30879,0.197675,1.11096,0.172164,-0.0015974,0.0225897,0.075346,0.301999,2.23245,2.34292,2.41628,2.34292,2.34614,1.70228,0.155523,0.0107832,0.0803618,0.211977,2.24039,2.4179,2.51107,2.53912,6.55355,6.28568,6.28986,0.041037,5.80585,5.92161,6.11855,6.28519,6.53272,6.54471,6.55829,6.54759,6.55829,6.46318,0.0332651,5.92341,6.20896,6.28758,6.54041,6.61782,6.65249,6.66935,0,0,0,0,0,0,0,0,0,0,0,0,0,0,0,0,0,0,0,0,0,0,-9999,-9999
202307062330,202307070000,11.82,0,13.057,11.82,0,0,0,0,0,0,0,300.18,0,326.333,300.18,0,359.732,0,329.591,359.732,0,1.579,0,2.84,1.579,0,100.46,100.367,100.46,0,0,0,0,0,2.14,2.07,2.14,0,199.9,0.275,88.61,-76.21,0.51,0.68,-0.04,-5.2,373.8,419.14,0,12.94,12.82,12.61,12.14,11.16,9.95,0,0,0,0,0,0,18.85,20.267,26.127,23.432,10.743,0,3,3,3,3,1.76,0,-2.15,0,-2.79785,-3.85898,-2.30061,9.64237,1,34,9.71133,-43.53,0,-56.6467,-78.1309,-46.5794,28.518,1,37,36.8824,437,1,1,5.96462,6.01067,1,1,1.41167,1.16796,2,2,65,48,1.41267,1.17036,5.96462,5.99136,1,1,1.41167,1.08139,2,2,65,46,1.41267,1.08397,5.91926,5.92358,1,1,0.00897174,0.0107438,5.83771,5.86685,5.86685,5.92623,5.96462,5.9734,6.01067,5.80452,5.84167,5.86811,5.94143,5.96765,5.99136,6.01067,1,1,1,1,1,1,1,1,1,1,1,1,1,1,6.11451,5.98563,6.82331,0.177215,5.60704,5.67724,5.74458,6.00882,7.95675,8.07816,8.17692,8.20505,8.07816,7.42728,0.158092,5.66617,5.74837,5.98563,7.96778,8.1792,8.20505,8.237,0.123154,-0.00572729,0.899722,0.17091,-0.201945,-0.156994,-0.132867,0.0704508,1.98335,2.11354,2.25069,2.10902,2.11354,1.50802,0.15599,-0.192193,-0.131372,-0.00572729,1.99438,2.25297,2.33007,2.37014,6.37439,6.20394,6.11865,0.0481917,5.46128,5.64293,5.90787,6.19535,6.37439,6.38708,6.40044,6.40044,6.41112,6.27292,0.032278,5.72538,6.10285,6.19535,6.37027,6.38763,6.3945,6.41708,0,0,0,0,0,0,0,0,0,0,0,0,0,0,0,0,0,0,0,0,0,0,-9999,-9999
202307070000,202307070030,11.45,0,12.741,11.45,0,0,0,0,0,0,0,299.34,0,310.706,299.34,0,348.896,0,311.131,348.896,0,1.276,0,2.628,1.276,0,100.47,100.399,100.47,0,0,0,0,0,2.23,2.108,2.23,0,204.2,0.212,90.57,-75.19,0.53,0.68,-0.04,-4.85,372.01,421.05,0,12.89,12.8,12.6,12.14,11.16,9.95,0,0,0,0,0,0,18.84,20.358,26.226,23.494,10.776,0,3,3,3,3,1.43,0,-4.45,0,-5.77262,-7.98719,-4.76146,9.56712,1,36,9.86142,-35.21,0,-45.6751,-63.1975,-37.6744,28.9306,1,36,34.568,438,1,1,5.91941,5.95932,1,1,1.41167,1.16796,2,2,65,48,1.41307,1.16904,5.91941,5.93837,1,1,1.41167,1.08139,2,2,65,46,1.41307,1.08256,5.87455,5.89375,1,1,0.0088452,0.00781181,5.80073,5.80073,5.80073,5.88115,5.91941,5.92653,5.95932,5.80073,5.83771,5.86811,5.90723,5.92653,5.93837,5.95932,1,1,1,1,1,1,1,1,1,1,1,1,1,1,6.02588,5.88791,6.7283,0.175989,5.51715,5.58888,5.6504,5.91428,7.84594,7.97102,8.08401,8.10841,7.97102,7.33132,0.157381,5.57422,5.65489,5.88791,7.85849,8.08662,8.10841,8.14514,0.0875096,-0.050457,0.83455,0.172704,-0.293507,-0.24487,-0.224847,-0.0240903,1.91941,2.05161,2.20286,2.04645,2.05161,1.45678,0.157881,-0.280863,-0.200965,-0.050457,1.93196,2.20547,2.29834,2.34441,6.28733,6.16311,6.03608,0.0520745,5.30318,5.52741,5.85489,6.15424,6.28733,6.30095,6.3219,6.32945,6.34022,6.1812,0.0330688,5.57255,6.0301,6.15448,6.2547,6.29879,6.31448,6.3219,0,0,0,0,0,0,0,0,0,0,0,0,0,0,0,0,0,0,0,0,0,0,-9999,-9999
202307070030,202307070100,11.49,0,12.357,11.49,0,0,0,0,0,0,0,299.98,0,310.706,299.98,0,349.366,0,311.131,349.366,0,1.243,0,2.255,1.243,0,100.49,100.409,100.49,0,0,0,0,0,2.25,2.164,2.25,0,211.1,0.236,90.84,-74.41,0.55,0.68,-0.05,-4.88,371.97,419.33,0,12.84,12.77,12.6,12.15,11.16,9.95,0,0,0,0,0,0,18.83,20.36,26.226,23.492,10.778,0,3,3,3,3,1.1,0,-7.67,0,-9.94966,-13.7667,-8.20083,10.2916,1,36,11.0878,-36.2,0,-46.9593,-64.9745,-38.7054,27.6628,1,38,33.8294,439,1,1,5.91941,5.95932,1,1,1.41167,1.16796,2,2,65,48,1.41307,1.16904,5.91941,5.93837,1,1,1.41167,1.08139,2,2,65,46,1.41307,1.08256,5.87455,5.89375,1,1,0.0088452,0.00781181,5.80073,5.80073,5.80073,5.88115,5.91941,5.92653,5.95932,5.80073,5.83771,5.86811,5.90723,5.92653,5.93837,5.95932,1,1,1,1,1,1,1,1,1,1,1,1,1,1,6.03892,5.90057,6.75173,0.177986,5.52769,5.59964,5.66193,5.92679,7.88288,8.00757,8.12002,8.14441,8.00757,7.36034,0.159064,5.58573,5.66638,5.90057,7.89539,8.12262,8.14441,8.18095,0.100551,-0.0378013,0.857982,0.1747,-0.281998,-0.234594,-0.213365,-0.0115819,1.95635,2.08816,2.23887,2.08302,2.08816,1.48579,0.159549,-0.270457,-0.190341,-0.0378013,1.96885,2.24147,2.33439,2.38022,6.30008,6.16725,6.04751,0.0514591,5.32986,5.54608,5.86521,6.15853,6.30008,6.31887,6.33348,6.34112,6.35213,6.19465,0.0330495,5.59206,6.03808,6.15853,6.27339,6.31295,6.32585,6.33348,0,0,0,0,0,0,0,0,0,0,0,0,0,0,0,0,0,0,0,0,0,0,-9999,-9999
202307070100,202307070130,11.11,0,11.972,11.11,0,0,0,0,0,0,0,299.67,0,307.267,299.67,0,347.415,0,307.068,347.415,0,0.943,0,1.883,0.943,0,100.5,100.418,100.5,0,0,0,0,0,2.27,2.221,2.27,0,195.3,0.242,92.87,-73.82,0.44,0.67,-0.05,-4.98,370.86,425.26,0,12.79,12.74,12.59,12.15,11.16,9.95,0,0,0,0,0,0,18.83,20.362,26.226,23.488,10.78,0,3,3,3,3,0.78,0,-7.54,0,-9.77598,-13.5266,-8.05071,11.0367,1,32,11.7595,-42.08,0,-54.5588,-75.4904,-44.9302,26.9267,1,38,35.1888,440,1,1,5.79128,5.81275,1,1,1.37586,1.09953,2,2,65,48,1.37717,1.10152,5.79128,5.81275,1,1,1.37586,1.06324,2,2,65,47,1.37717,1.06529,5.74221,5.75979,1,1,0.00855702,0.00761097,5.67333,5.67333,5.67333,5.7525,5.79128,5.79333,5.81275,5.67125,5.68061,5.71412,5.76605,5.79333,5.81275,5.81275,1,1,1,1,1,1,1,1,1,1,1,1,1,1,5.94786,5.80043,6.65358,0.176623,5.43812,5.50823,5.57062,5.82984,7.76784,7.89625,8.02313,8.04374,7.89625,7.26085,0.158247,5.49153,5.57722,5.80043,7.78189,8.02607,8.04631,8.08514,0.135115,-0.0123177,0.893788,0.173663,-0.262505,-0.208257,-0.164665,0.0170927,1.97451,2.10497,2.27063,2.09918,2.10497,1.51864,0.15849,-0.222594,-0.0940275,-0.0123177,1.98856,2.27357,2.35989,2.41181,6.20998,6.12508,5.96319,0.0554852,5.17356,5.43016,5.7301,6.10712,6.21399,6.23619,6.25856,6.26784,6.27895,6.10053,0.0344076,5.43016,5.9633,6.0822,6.16378,6.21998,6.25232,6.25856,0,0,0,0,0,0,0,0,0,0,0,0,0,0,0,0,0,0,0,0,0,0,-9999,-9999
202307070130,202307070200,10.99,0,11.734,10.99,0,0,0,0,0,0,0,299.88,0,307.267,299.88,0,347.027,0,307.068,347.027,0,0.794,0,1.69,0.794,0,100.51,100.428,100.51,0,0,0,0,0,2.37,2.284,2.37,0,202.9,0.236,93.95,-72.54,0.4,0.67,-0.03,-4.92,369.99,424.06,0,12.74,12.71,12.58,12.15,11.16,9.95,0,0,0,0,0,0,18.82,20.364,26.224,23.486,10.78,0,3,3,3,3,0.54,0,-8.43,0,-10.9299,-15.1232,-9.01343,10.5343,1,34,11.4667,-37.72,0,-48.9058,-67.6687,-40.3306,24.8637,1,39,32.0764,441,1,1,5.74409,5.75838,1,1,1.39376,1.09953,2,2,66,48,1.39508,1.10234,5.74409,5.75838,1,1,1.39376,1.06324,2,2,66,47,1.39508,1.06614,5.68719,5.69808,1,1,0.00904775,0.00928883,5.60033,5.62271,5.62271,5.70378,5.74409,5.74409,5.75838,5.58724,5.60111,5.63968,5.71225,5.74409,5.75838,5.75838,1,1,1,1,1,1,1,1,1,1,1,1,1,1,5.92123,5.77016,6.63052,0.177311,5.41166,5.48024,5.54129,5.80068,7.74652,7.8761,8.00813,8.0273,7.8761,7.24065,0.158954,5.46281,5.55703,5.77016,7.76112,8.01119,8.03226,8.07043,0.162853,0.0117774,0.932439,0.17267,-0.189447,-0.159438,-0.125982,0.0422969,2.00247,2.13201,2.30435,2.12599,2.13201,1.55346,0.157889,-0.176875,-0.0302119,0.0117774,2.01707,2.30741,2.39363,2.44772,6.18327,6.11153,5.93828,0.0566085,5.13234,5.39847,5.68698,6.09021,6.18927,6.21438,6.2371,6.24707,6.25835,6.07299,0.0349781,5.39847,5.93974,6.05634,6.13629,6.19494,6.23125,6.2371,0,0,0,0,0,0,0,0,0,0,0,0,0,0,0,0,0,0,0,0,0,0,-9999,-9999
202307070200,202307070230,11.08,0,11.497,11.08,0,0,0,0,0,0,0,298.98,0,306.937,298.98,0,348.07,0,306.679,348.07,0,0.718,0,1.497,0.718,0,100.52,100.438,100.52,0,0,0,0,0,2.31,2.348,2.31,0,210,0.245,94.56,-73.55,0.44,0.67,-0.04,-4.77,370.15,423.07,0,12.69,12.67,12.56,12.15,11.16,9.95,0,0,0,0,0,0,18.81,20.368,26.224,23.484,10.78,0,3,3,3,3,-0.05,0,-8.4,0,-10.891,-15.0769,-8.98136,10.5592,1,33,11.4854,-36.31,0,-47.0777,-65.1719,-38.823,22.3302,1,39,29.6672,442,1,1,5.79128,5.81275,1,1,1.37586,1.09953,2,2,65,48,1.37717,1.10152,5.79128,5.81275,1,1,1.37586,1.06324,2,2,65,47,1.37717,1.06529,5.74221,5.75979,1,1,0.00855702,0.00761097,5.67333,5.67333,5.67333,5.7525,5.79128,5.79333,5.81275,5.67125,5.68061,5.71412,5.76605,5.79333,5.81275,5.81275,1,1,1,1,1,1,1,1,1,1,1,1,1,1,5.94659,5.79613,6.66823,0.179688,5.43552,5.50382,5.56544,5.82612,7.80119,7.92992,8.05971,8.0793,7.92992,7.28473,0.160916,5.4868,5.57725,5.79613,7.81556,8.06272,8.08342,8.12167,0.133836,-0.016624,0.908441,0.176735,-0.268263,-0.21133,-0.169842,0.0133667,2.00786,2.13864,2.30721,2.13272,2.13864,1.54253,0.16115,-0.227317,-0.0940018,-0.016624,2.02223,2.31022,2.3952,2.44834,6.20807,6.12125,5.96104,0.0553816,5.18059,5.43322,5.72318,6.10151,6.21367,6.23696,6.25896,6.26883,6.28037,6.09908,0.0346022,5.43322,5.95759,6.07611,6.15996,6.21985,6.25271,6.25896,0,0,0,0,0,0,0,0,0,0,0,0,0,0,0,0,0,0,0,0,0,0,-9999,-9999
202307070230,202307070300,11.18,0,11.293,11.18,0,0,0,0,0,0,0,298.93,0,306.937,298.93,0,349.351,0,306.679,349.351,0,0.602,0,1.414,0.602,0,100.52,100.455,100.52,0,0,0,0,0,2.26,2.324,2.26,0,221.3,0.282,95.47,-72.81,0.64,0.67,-0.03,-5.03,369.77,422.05,0,12.64,12.64,12.55,12.15,11.16,9.95,0,0,0,0,0,0,18.8,20.372,26.224,23.482,10.78,0,3,3,3,3,-0.24,0,-8.27,0,-10.7225,-14.8436,-8.83015,10.9952,1,25,11.8644,-40.56,0,-52.588,-72.8001,-43.3073,21.8803,1,33,30.931,443,1,1,5.82729,5.85439,1,1,1.39376,1.09953,2,2,66,48,1.3951,1.10116,5.82729,5.85439,1,1,1.39376,1.06324,2,2,66,47,1.3951,1.06492,5.7816,5.80444,1,1,0.00876088,0.00694678,5.70885,5.70885,5.70885,5.78857,5.82729,5.83087,5.85439,5.72727,5.73471,5.76571,5.81,5.842,5.85439,5.85439,1,1,1,1,1,1,1,1,1,1,1,1,1,1,5.97445,5.82482,6.70895,0.18216,5.46181,5.52838,5.59217,5.8542,7.85971,7.98747,8.11464,8.13474,7.98747,7.33203,0.16295,5.51335,5.59941,5.82482,7.8738,8.11758,8.13786,8.17623,0.120065,-0.0295701,0.904513,0.18021,-0.313622,-0.239326,-0.191337,-0.000191689,2.02884,2.16018,2.32607,2.15438,2.16018,1.55042,0.163983,-0.252358,-0.127859,-0.0295701,2.04293,2.32901,2.41535,2.46738,6.23547,6.13205,5.98608,0.0540809,5.23283,5.47093,5.76331,6.11414,6.24038,6.26165,6.28291,6.29265,6.30445,6.12781,0.0342622,5.47093,5.97741,6.11595,6.18817,6.24689,6.27622,6.28291,0,0,0,0,0,0,0,0,0,0,0,0,0,0,0,0,0,0,0,0,0,0,-9999,-9999
202307070300,202307070330,11.14,0,11.089,11.14,0,0,0,0,0,0,0,299.14,0,305.652,299.14,0,350.136,0,305.161,350.136,0,0.317,0,1.331,0.317,0,100.53,100.472,100.53,0,0,0,0,0,2.38,2.301,2.38,0,225.3,0.273,97.61,-70.97,4.15,2.21,0.06,-4.47,369.99,421.48,0,12.59,12.6,12.53,12.15,11.16,9.95,0,0,0,0,0,0,18.8,20.376,26.224,23.48,10.78,0,3,3,3,3,-0.1,0,-10.98,0,-14.2361,-19.7077,-11.7237,10.3527,1,20,11.9251,-45.38,0,-58.8374,-81.4514,-48.4537,23.3787,1,26,33.8363,443,1,1,5.79128,5.81275,1,1,1.37586,1.09953,2,2,65,48,1.37717,1.10152,5.79128,5.81275,1,1,1.37586,1.06324,2,2,65,47,1.37717,1.06529,5.74164,5.75979,1,1,0.00869227,0.00761097,5.67125,5.67333,5.67333,5.7525,5.79128,5.79333,5.81275,5.67125,5.68061,5.71412,5.76605,5.79333,5.81275,5.81275,1,1,1,1,1,1,1,1,1,1,1,1,1,1,5.96762,5.81596,6.70901,0.183489,5.4545,5.51953,5.58321,5.84582,7.86728,7.99545,8.12495,8.14432,7.99545,7.33627,0.164133,5.5047,5.59461,5.81596,7.88162,8.12795,8.14861,8.1866,0.154865,0.00320625,0.949224,0.180534,-0.252549,-0.192775,-0.152074,0.0330715,2.07395,2.20417,2.37246,2.19826,2.20417,1.59464,0.164307,-0.209419,-0.0766406,0.00320625,2.08829,2.37545,2.46025,2.51327,6.22836,6.12737,5.97932,0.0543072,5.22569,5.46457,5.75036,6.10799,6.23332,6.25676,6.27795,6.28807,6.30008,6.12068,0.0344556,5.46457,5.96962,6.10357,6.1784,6.24116,6.27135,6.27795,0,0,0,0,0,0,0,0,0,0,0,0,0,0,0,0,0,0,0,0,0,0,-9999,-9999
202307070330,202307070400,11.31,0,10.831,11.31,0,19.9591,9.13,0,0,9.13,0,298.6,0,305.652,298.6,0,360.948,0,305.161,360.948,0,0.201,0,1.168,0.201,0,100.55,100.471,100.55,0,0,0,0,0,2.21,2.287,2.21,0,220.3,0.263,98.5,-62.2,22.83,20.57,0.55,-2.51,371.06,418.8,0,12.54,12.57,12.51,12.15,11.17,9.95,0,0,0,0,0,0,18.8,20.38,26.224,23.478,10.782,0,3,3,3,3,-0.25,0,-9.48,0,-12.2913,-17.0154,-10.1221,11.9037,1,21,12.9541,-34.8,0,-45.1199,-62.4616,-37.1571,25.1698,1,22,31.3908,443,1,0,5.7124,5.71953,1,1,1.41167,1.09953,2,2,67,49,1.41368,1.10174,5.7124,5.71953,1,1,1.41167,1.08139,2,2,67,48,1.41368,1.08362,5.65868,5.67419,1,1,0.0100433,0.00932197,5.55982,5.56886,5.60685,5.67745,5.7124,5.71953,5.71953,5.56886,5.58028,5.61378,5.68644,5.71953,5.71953,5.71953,1,1,1,1,1,1,1,1,1,1,1,1,1,1,6.01292,5.86351,6.77033,0.186569,5.49767,5.56084,5.62786,5.89221,7.9518,8.07829,8.20262,8.22314,8.07829,7.40544,0.166624,5.54892,5.6303,5.86351,7.96558,8.2055,8.22532,8.26367,0.29339,0.143983,1.09615,0.183219,-0.200849,-0.0494404,-0.0106015,0.172681,2.24076,2.36589,2.52517,2.36021,2.36589,1.74675,0.166641,-0.0648618,0.0614381,0.143983,2.25454,2.52805,2.60599,2.6621,6.27332,6.14588,6.02025,0.0523278,5.3069,5.52378,5.81727,6.12997,6.27956,6.29735,6.31643,6.32615,6.33845,6.16748,0.0340099,5.52549,6.00323,6.13668,6.24307,6.29623,6.30911,6.31643,1.14202,1.14967,1.18426,0.0144089,1.02276,1.09391,1.10897,1.16037,1.27093,1.28256,1.29702,1.3919,1.28528,1.26915,0.017299,1.08343,1.11092,1.16388,1.28057,1.3919,1.39864,1.41515,-9999,-9999
202307070400,202307070430,11.53,0,10.574,11.53,0,92.8489,35.32,0,1.816,35.32,0,298.6,0,305.807,298.6,0,362.56,0,305.343,362.56,0,0.261,0,1.005,0.261,0,100.57,100.47,100.57,0,0,0,0,0,1.92,2.273,1.92,0,227.6,0.222,98.08,-31.46,70.07,58.75,1.81,2.51,371.72,417.47,0,12.5,12.54,12.49,12.14,11.17,9.95,0,0,0,0,0,0,18.79,20.384,26.226,23.476,10.784,0,3,3,3,3,-0.37,0,-6.49,0,-8.41461,-11.6487,-6.92959,11.2106,1,27,11.7437,-25.43,0,-32.9713,-45.6437,-27.1525,25.1679,1,31,28.6586,443,1,0,4.02524,3.772,1,1,1.50369,1.09953,2,2,47,23,1.51594,1.11622,4.02524,3.55143,1,1,1.50369,1.46231,2,2,47,19,1.51594,1.4749,3.81576,3.71963,1,1,0.0249905,0.0314258,3.55143,3.55143,3.70818,3.85542,3.91353,3.936,4.02524,3.55143,3.55143,3.55143,3.59231,3.91353,3.936,4.02524,1,1,1,1,1,1,1,1,1,1,1,1,1,1,6.07076,5.92466,6.84654,0.190101,5.55298,5.61419,5.68087,5.95178,8.05523,8.17948,8.29673,8.31886,8.17948,7.49042,0.169456,5.60586,5.68542,5.92466,8.06825,8.29944,8.31886,8.35701,2.51933,2.37323,3.12691,0.161286,1.97195,2.06925,2.1309,2.40035,4.14889,4.18896,4.39195,4.14889,4.15425,3.67467,0.147736,2.05443,2.13399,2.37323,4.13295,4.39466,4.45374,4.50656,6.33102,6.16983,6.07261,0.0499524,5.40911,5.59833,5.85736,6.15856,6.33547,6.35659,6.37443,6.37443,6.38704,6.22735,0.0337342,5.62374,6.04668,6.16051,6.32488,6.34623,6.36182,6.38241,4.04231,4.06026,4.17313,0.0439927,3.68802,3.88801,3.93772,4.10429,4.43419,4.47331,4.51926,4.80372,4.475,4.43175,0.0529125,3.86426,3.95604,4.10747,4.46232,4.80372,4.82908,4.88253,-9999,-9999
202307070430,202307070500,11.79,0,10.598,11.79,0,173.688,87.64,0,3.383,87.64,0,300.32,0,305.807,300.32,0,362.544,0,305.343,362.544,0,0.446,0,0.901,0.446,0,100.59,100.485,100.59,0,0,0,0,0,1.9,2.253,1.9,0,226,0.247,96.78,22,168.42,107.56,4.37,8.7,373.18,417.55,0,12.46,12.5,12.47,12.14,11.17,9.95,0,0,0,0,0,0,18.78,20.386,26.228,23.474,10.786,0,3,3,3,3,-0.44,0,-5.91,0,-7.66261,-10.6077,-6.3103,15.5236,1,14,15.8471,-27.92,0,-36.1997,-50.1129,-29.8111,15.7474,1,15,21.7823,443,1,0,0.76375,0.191667,1,1,2.14036,2.82622,2,2,22,9,2.16394,2.84066,0.76375,0.191667,1,1,2.14036,2.82622,2,2,22,9,2.16394,2.84066,0.653869,0.469028,1,1,0.0458201,0.0498797,0.191667,0.191667,0.191667,0.76375,0.828889,0.828889,1.064,0.191667,0.191667,0.191667,0.191667,0.76375,0.76375,0.828889,1,1,1,1,1,1,1,1,1,1,1,1,1,1,6.13871,5.99682,6.93487,0.194016,5.61811,5.67724,5.74932,6.02201,8.17415,8.2957,8.40425,8.42839,8.2957,7.5883,0.17258,5.6731,5.75341,5.99682,8.18624,8.40676,8.42839,8.46362,5.94705,5.80515,6.46584,0.167406,4.51391,5.48178,5.55765,5.83034,7.51176,7.54804,7.72996,7.52699,7.53195,6.93443,0.145991,5.48143,5.56174,5.80515,7.46819,7.59245,7.61137,7.64634,6.39909,6.19806,6.13419,0.0473847,5.52837,5.68511,5.88624,6.18861,6.401,6.41479,6.43089,6.43089,6.44383,6.29784,0.0338681,5.74076,6.09799,6.18861,6.4071,6.42252,6.43605,6.47444,8.56435,8.57153,8.78377,0.0707311,8.05143,8.29239,8.45211,8.68522,9.18775,9.24326,9.34489,9.79678,9.24394,9.19958,0.0861523,8.288,8.46057,8.69222,9.22899,9.79678,9.85417,9.95972,-9999,-9999
202307070500,202307070530,12.52,0,10.622,12.52,0,258.84,162.79,0,45.056,162.79,0,304.58,0,309.673,304.58,0,332.515,0,309.91,332.515,0,0.925,0,0.798,0.925,0,100.61,100.501,100.61,0,0,0,0,0,1.86,2.234,1.86,0,229.8,0.265,93.63,93.74,311.45,163.09,8.08,17.12,376.91,414.81,0,12.42,12.47,12.45,12.13,11.17,9.95,0,0,0,0,0,0,18.77,20.388,26.23,23.472,10.788,0,3,3,3,3,-0.44,0,1.87,0,2.42455,1.99666,3.35642,14.8107,1,10,14.845,-9.22,0,-11.9542,-16.5487,-9.8445,14.964,1,7,15.7677,443,1,0,-4.54625,-4.54625,1,1,2.30379,2.49107,2,2,15,5,2.30379,2.53529,-4.54625,-4.54625,1,1,2.30379,2.49107,2,2,15,5,2.30379,2.53529,-4.59083,-4.38118,1,0.975,0.0985822,0.0791888,-5.79556,-4.54625,-4.54625,-4.54625,-4.54625,-4.54625,-3.60333,-4.54625,-4.54625,-4.54625,-4.54625,-4.54625,-3.60333,-3.565,1,1,1,1,1,1,1,1,1,1,1,1,1,1,6.3245,6.19705,7.16274,0.202092,5.79757,5.8605,5.91937,6.21635,8.46976,8.58186,8.66512,8.69571,8.58339,7.83415,0.178842,5.86026,5.94027,6.19705,8.47895,8.66701,8.69214,8.72196,10.8708,10.7433,11.5439,0.241341,9.36257,9.46383,10.3314,10.8708,13.016,13.1281,13.2114,13.1259,13.1296,12.425,0.23401,9.43763,10.4865,10.7433,13.1147,13.2384,13.2716,13.748,6.58588,6.27712,6.30387,0.0417625,5.85285,5.93379,6.11323,6.28814,6.56426,6.57869,6.5963,6.58283,6.5963,6.49135,0.0365188,5.93256,6.18801,6.28935,6.57265,6.6449,6.7174,6.73383,13.1451,13.1089,13.404,0.0766164,12.6748,12.8817,13.0529,13.2969,13.8408,13.8483,14.0118,14.5062,13.8483,13.8519,0.0957868,12.8135,13.0854,13.4861,13.8466,14.5062,14.5984,14.7367,-9999,-9999
202307070530,202307070600,12.98,0,11.231,12.98,0,346.849,178.21,0,60.32,178.21,0,308.14,0,309.673,308.14,0,367.045,0,309.91,367.045,0,1.149,0,0.964,1.149,0,100.63,100.52,100.63,0,0,0,0,0,1.43,2.284,1.43,0,207.4,0.241,92.32,102.54,354,207.01,8.78,17.75,379.89,413.25,0,12.39,12.44,12.43,12.12,11.17,9.95,0,0,0,0,0,0,18.76,20.388,26.23,23.468,10.79,0,3,3,3,3,-0.41,0,16.77,0,21.7431,17.9059,30.1,26.7091,1,14,28.1973,13.98,0,18.1258,14.9269,25.0923,18.3877,1,11,19.8719,443,1,0,-4.971,-4.971,1,1,2.30379,2.49107,2,2,13,5,2.30379,2.49797,-4.971,-4.971,1,1,2.30379,2.49107,2,2,13,5,2.30379,2.49797,-5.04393,-4.81962,1,1,0.0684987,0.0609525,-5.95455,-4.971,-4.971,-4.971,-4.971,-4.971,-4.37,-5.05714,-4.971,-4.971,-4.971,-4.971,-4.6,-4.37,1,1,1,1,1,1,1,1,1,1,1,1,1,1,6.44328,6.32479,7.312,0.207939,5.91217,5.96562,6.01076,6.3403,8.66675,8.77215,8.84011,8.87427,8.77511,7.99673,0.18344,5.96442,6.06182,6.32479,8.67408,8.84113,8.86904,8.89477,11.4143,11.2958,12.1316,0.2396,10.315,10.3832,11.0216,11.3113,13.6378,13.7431,13.8111,13.7431,13.7461,13.0407,0.211925,10.3835,11.0328,11.2958,13.7331,13.8341,13.8658,14.0884,6.70592,6.32634,6.41221,0.0397244,6.02149,6.06965,6.22237,6.34769,6.66245,6.67994,6.70592,6.67994,6.69384,6.61561,0.0400788,6.06965,6.26036,6.38325,6.67236,6.83044,6.90348,6.91013,13.9057,13.8605,14.1704,0.0765114,13.4357,13.6531,13.8199,14.0573,14.5951,14.6011,14.7768,15.2706,14.6011,14.6155,0.0960513,13.5691,13.8377,14.2931,14.5992,15.2706,15.3695,15.5021,-9999,-9999
202307070600,202307070630,13.13,0,11.84,13.13,0,436.207,203.13,0,133.735,203.13,0,315.64,0,312.949,315.64,0,372.919,0,313.781,372.919,0,1.145,0,1.131,1.145,0,100.64,100.539,100.64,0,0,0,0,0,1.4,2.333,1.4,0,207.9,0.253,92.42,128.51,406.45,272.1,9.79,19.99,381.59,412.18,0,12.36,12.41,12.41,12.12,11.17,9.95,0,0,0,0,0,0,18.74,20.384,26.228,23.466,10.788,0,3,3,3,3,-0.2,0,68.4,1,88.684,73.0329,122.769,27.8757,2,45,46.2211,-1.09286,1,-1.41694,-1.96154,-1.16688,20.5824,2,71,20.5909,443,1,0,-7.577,-7.577,1,1,2.16623,2.09958,2,2,13,8,2.16623,2.11415,-7.577,-7.577,1,1,2.16623,2.09958,2,2,13,8,2.16623,2.11415,-7.6107,-7.40914,1,1,0.0558446,0.0466331,-8.32364,-7.577,-7.577,-7.577,-7.577,-7.577,-7.08143,-7.577,-7.577,-7.577,-7.577,-7.08143,-7.08143,-6.955,1,1,1,1,1,1,1,1,1,1,1,1,1,1,6.48435,6.36796,7.36944,0.211081,5.95134,6.00272,6.04261,6.38234,8.74769,8.8515,8.92353,8.94928,8.85423,8.06207,0.186002,5.99645,6.10248,6.36796,8.75445,8.91493,8.94449,8.96805,14.0613,13.945,14.7786,0.241971,12.6727,13.0779,13.124,13.9593,16.3247,16.4285,16.5005,16.4285,16.4312,15.6728,0.211993,12.9581,13.6795,13.945,16.3864,16.5101,16.5263,16.5512,6.74805,6.34212,6.449,0.0395077,6.03697,6.13456,6.27279,6.36647,6.6975,6.71422,6.74805,6.71422,6.72842,6.65873,0.0417599,6.12048,6.30848,6.40273,6.70708,6.89459,6.96629,6.97673,15.0237,14.963,15.293,0.0752229,14.5634,14.7945,14.9419,15.1815,15.689,15.6922,15.9329,16.3715,15.6922,15.7262,0.095021,14.684,14.9419,15.41,15.6922,16.3715,16.4801,16.6037,-9999,-9999
202307070630,202307070700,13.87,0,12.528,13.87,0,525.387,180.27,0,161.004,180.27,0,335.21,0,312.949,335.21,0,378.921,0,313.781,378.921,0,1.292,0,1.36,1.292,0,100.65,100.559,100.65,0,0,0,0,0,1.82,2.322,1.82,0,241.7,0.303,91.85,120.21,363.86,283.66,8.5,16.74,385.21,407.97,0,12.35,12.39,12.39,12.11,11.17,9.95,0,0,0,0,0,0,18.72,20.376,26.222,23.462,10.788,0,3,3,3,3,0.08,0,8.02,0,10.3983,8.56322,14.3949,26.3615,1,9,26.7136,6.98,0,9.04992,7.45278,12.5282,23.5255,2,18,23.8244,443,1,0,-4.971,-4.971,1,1,2.5037,2.49107,2,2,14,5,2.5037,2.49797,-4.971,-4.971,1,1,2.5037,2.49107,2,2,14,5,2.5037,2.49797,-5.04393,-4.81962,1,1,0.0684987,0.0609525,-5.95455,-4.971,-4.971,-4.971,-4.971,-4.971,-4.37,-5.05714,-4.971,-4.971,-4.971,-4.971,-4.6,-4.37,1,1,1,1,1,1,1,1,1,1,1,1,1,1,6.67441,6.57383,7.60426,0.219651,6.13542,6.18331,6.21179,6.58177,9.05446,9.15062,9.18754,9.22461,9.15201,8.31546,0.192685,6.1423,6.2987,6.57383,9.01249,9.18266,9.22231,9.23361,11.6454,11.5448,12.4239,0.250996,10.5379,10.5829,11.1994,11.5528,14.0255,14.1216,14.1585,14.1216,14.123,13.3594,0.220529,10.5818,11.2697,11.5448,14.0953,14.1628,14.1956,14.4448,6.94099,6.42044,6.62314,0.0404151,6.26768,6.34912,6.41029,6.54481,6.85645,6.8681,6.94099,6.8681,6.88286,6.85871,0.0500662,6.29911,6.41029,6.68845,6.86715,7.19829,7.25465,7.28047,14.0279,13.9841,14.3007,0.0778867,13.5479,13.7716,13.9411,14.183,14.7334,14.7404,14.921,15.4204,14.7404,14.7526,0.0976357,13.6879,13.9611,14.425,14.7384,15.4204,15.5223,15.6486,-9999,-9999
202307070700,202307070730,14.47,0,13.215,14.47,0,612.862,169.55,0,241.373,169.55,0,346.57,0,316.588,346.57,0,383.237,0,318.078,383.237,0,1.584,0,1.589,1.584,0,100.67,100.579,100.67,0,0,0,0,0,2.2,2.312,2.2,0,257.3,0.515,90.39,116.26,343.28,290.26,7.88,15.32,388.43,403.58,0,12.35,12.37,12.37,12.1,11.17,9.95,0,0,0,0,0,0,18.71,20.366,26.214,23.456,10.786,0,3,3,3,3,0.47,0,46.44,0,60.2118,49.5855,83.354,25.1593,1,10,35.4909,-6.882,1,-8.92285,-12.3523,-7.34814,19.4473,2,102,19.798,443,1,0,-4.77,-4.77,1,1,2.7036,2.49107,2,2,15,5,2.7036,2.50676,-4.77,-4.77,1,1,2.7036,2.49107,2,2,15,5,2.7036,2.50676,-4.97781,-4.58705,1,1,0.198586,0.0724014,-5.68833,-4.774,-4.77,-4.77,-4.77,-4.77,-4.12375,-4.77571,-4.774,-4.77,-4.77,-4.77,-4.214,-4.12375,1,1,1,1,1,1,1,1,1,1,1,1,1,1,6.82978,6.74222,7.79854,0.227095,6.26113,6.30605,6.36882,6.74479,9.31056,9.40016,9.40682,9.45419,9.40043,8.52592,0.198533,6.27326,6.45792,6.74222,9.2173,9.40599,9.45396,9.45506,11.5998,11.5122,12.3856,0.265787,10.4294,10.4926,11.0368,11.5188,14.0806,14.1702,14.1768,14.1702,14.1704,13.5037,0.285509,10.4873,11.2319,11.5122,14.1304,14.1777,14.2251,14.507,7.09959,6.48317,6.76552,0.0443446,6.34983,6.43084,6.54954,6.7479,6.99351,7.06152,7.09959,6.99351,7.00879,7.02302,0.0582888,6.35614,6.5538,6.79436,6.99486,7.45069,7.50826,7.53319,13.5313,13.4963,13.8072,0.0793991,13.0412,13.262,13.4379,13.69,14.2586,14.2677,14.4428,14.949,14.2677,14.2686,0.0990665,13.1914,13.4723,13.898,14.2658,14.949,15.048,15.1669,-9999,-9999
202307070730,202307070800,15.41,0,14,15.41,0,697.136,456.23,0,274.482,456.23,0,327.86,0,316.588,327.86,0,344.77,0,318.078,344.77,0,2.527,0,2.03,2.527,0,100.68,100.588,100.68,0,0,0,0,0,2.25,2.446,2.25,0,260.4,0.621,85.57,358.3,906.15,409.7,21.07,43.74,394.62,401,0,12.36,12.36,12.35,12.09,11.17,9.95,0,0,0,0,0,0,18.69,20.352,26.202,23.45,10.784,0,3,3,3,3,0.99,0,105.28,0,136.501,112.411,188.964,76.075,1,8,94.9093,112.685,1,146.102,120.318,202.255,32.1556,2,6,68.7263,443,1,0,-15.12,-15.12,0,0,2.64587,2.66581,1,1,8,7,2.68386,2.70352,-15.12,-15.12,0,0,2.64587,2.66581,1,1,8,7,2.68386,2.70352,-15.3371,-15.5532,1,1,0.0673654,0.0822492,-16.4454,-16.02,-15.12,-15.12,-15.12,-15.12,-15.12,-16.6114,-16.02,-16.02,-15.12,-15.12,-15.12,-15.12,1,1,0,0,0,0,0,1,1,1,0,0,0,0,7.07218,7.00659,8.09759,0.237916,6.44531,6.52159,6.61546,7.00659,9.70158,9.74404,9.78581,9.80173,9.77885,8.84738,0.206983,6.48664,6.70795,7.00659,9.5849,9.77885,9.78581,9.80173,22.1922,22.1266,23.6508,0.175359,22.1266,22.357,22.6357,23.0567,24.8216,24.864,24.9058,24.9004,24.8988,24.1845,0.151406,22.2897,22.7311,23.0567,24.7049,24.8988,24.9058,24.9217,7.3472,6.5803,6.98902,0.0548444,6.42961,6.56971,6.69678,7.05442,7.1913,7.29157,7.49963,7.18738,7.20332,7.28072,0.0726493,6.43609,6.69678,6.97877,7.20332,7.80788,7.90993,7.93256,21.9713,21.7643,22.2103,0.0650151,21.6857,21.7767,22.0374,22.196,22.3333,22.5096,22.7872,22.7859,22.1741,22.4055,0.067284,21.7196,21.9221,22.1694,22.2861,22.7958,22.9667,23.018,-9999,-9999
202307070800,202307070830,16.39,0,14.784,16.39,0,776.767,436.34,0,339.744,436.34,0,350.51,0,331.423,350.51,0,371.134,0,335.603,371.134,0,4.263,0,2.471,4.263,0,100.69,100.596,100.69,0,0,0,0,0,2.86,2.58,2.86,0,265.5,0.801,77.14,353.94,861.94,515.29,19.62,40.24,399.85,400.36,0,12.39,12.35,12.34,12.08,11.17,9.95,0,0,0,0,0,0,18.67,20.334,26.186,23.442,10.78,0,3,3,3,3,2.03,0,169.72,0,220.05,181.216,304.626,76.7329,1,7,119.403,152.04,0,197.127,162.338,272.893,35.1128,2,12,89.1583,443,1,0,-18.77,-18.77,0,0,3.20856,3.12697,1,1,8,7,3.20856,3.12697,-18.77,-18.77,0,0,3.20856,3.12697,1,1,8,7,3.20856,3.12697,-18.7234,-18.6374,1,1,0.0466429,0.0747914,-18.77,-18.77,-18.77,-18.77,-18.77,-18.77,-18.77,-18.77,-18.77,-18.77,-18.77,-18.77,-18.77,-17.1992,0,0,0,0,0,0,0,0,0,0,0,0,0,1,7.32582,7.28424,8.41133,0.249381,6.63689,6.76865,6.87438,7.28424,10.083,10.1166,10.18,10.1655,10.1764,9.18438,0.215966,6.67489,6.97041,7.28424,9.98705,10.1387,10.1709,10.18,26.0958,26.0542,27.0488,0.280873,23.6729,25.4455,25.6444,26.0542,28.853,28.8866,28.95,28.95,28.9464,27.9077,0.233737,25.4069,25.7404,26.0542,28.7571,28.9087,28.9409,28.95,7.60732,6.67994,7.22382,0.0697877,6.51126,6.66909,6.8541,7.27053,7.40544,7.60208,7.9275,7.38879,7.40544,7.55223,0.0892608,6.51792,6.87333,7.17929,7.40544,8.17965,8.33904,8.36438,21.6193,21.4224,21.8646,0.0647405,21.3425,21.4227,21.6863,21.8604,22.0098,22.1816,22.4835,22.4835,21.8602,22.0797,0.0694246,21.362,21.5798,21.8555,21.9655,22.4937,22.6632,22.717,-9999,-9999
202307070830,202307070900,16.42,0,15.419,16.42,0,850.391,310.91,0,371.86,310.91,0,363.29,0,331.423,363.29,0,390.811,0,335.603,390.811,0,4.446,0,3.394,4.446,0,100.71,100.599,100.71,0,0,0,0,0,3.03,2.647,3.03,0,268.2,0.704,76.2,251.09,625.99,561.1,14.04,28.4,399.82,399.83,0,12.43,12.36,12.32,12.07,11.17,9.95,0,0,0,0,0,0,18.63,20.312,26.168,23.432,10.776,0,3,3,3,3,2.72,0,118.43,0,153.55,126.452,212.567,34.2843,2,55,72.4603,96.25,0,124.793,102.769,172.757,37.4754,2,7,64.0003,443,1,0,-15.51,-15.51,0,0,2.87391,2.62429,2,2,60,54,2.87391,2.62429,-15.51,-15.51,0,0,2.85916,2.62429,2,2,59,54,2.85916,2.62429,-15.51,-15.51,1,1,0.000000000000000853334,0.000000000000000853334,-15.51,-15.51,-15.51,-15.51,-15.51,-15.51,-15.51,-15.51,-15.51,-15.51,-15.51,-15.51,-15.51,-15.51,0,0,0,0,0,0,0,0,0,0,0,0,0,0,7.33725,7.29504,8.43497,0.251718,6.64607,6.77899,6.88404,7.29504,10.1208,10.1555,10.2189,10.2035,10.2152,9.2144,0.21794,6.68392,6.97996,7.29504,10.0269,10.1763,10.2089,10.2189,22.8473,22.805,23.945,0.251718,22.1561,22.289,22.394,22.805,25.6308,25.6655,25.7289,25.7289,25.7252,24.7244,0.21794,22.1939,22.49,22.805,25.5369,25.6863,25.7189,25.7289,7.62174,6.68269,7.23229,0.0706123,6.51225,6.67175,6.85802,7.27906,7.41618,7.60568,7.94372,7.39926,7.41618,7.56483,0.090403,6.519,6.87426,7.1854,7.41618,8.19999,8.36201,8.38805,18.7699,18.6438,19.0434,0.0680117,18.3929,18.5921,18.7668,19.0468,19.2753,19.4004,19.8623,19.9457,19.2661,19.3896,0.0848523,18.4499,18.6692,19.0468,19.2843,19.9457,20.0908,20.1719,-9999,-9999
202307070900,202307070930,15.99,0,16.053,15.99,0,916.751,250.9,0,496.886,250.9,0,368.97,0,327.742,368.97,0,387.411,0,331.254,387.411,0,4.237,0,4.318,4.237,0,100.73,100.602,100.73,0,0,0,0,0,3,2.715,3,0,268.3,0.56,76.69,199.76,509.13,484.94,11.49,24.09,397.42,400.18,0,12.49,12.37,12.31,12.07,11.17,9.95,0,0,0,0,0,0,18.54,20.288,26.15,23.422,10.768,0,3,3,3,3,2.94,0,75.26,0,97.5783,80.3576,135.082,27.8757,2,43,49.2211,27.629,1,35.8224,29.5004,49.5906,23.4556,2,8,27.7841,443,1,0,-13.85,-13.85,0,0,2.69996,2.66581,2,2,58,53,2.69996,3.73818,-13.85,-13.85,0,0,2.64587,2.66581,2,2,57,53,2.64587,3.73818,-13.3279,-12.5431,1,1,0.250819,0.362535,-13.85,-13.85,-13.85,-13.85,-13.85,-13.85,-8.60882,-13.85,-13.85,-13.85,-13.85,-13.85,-8.60882,-8.575,0,0,0,0,0,0,1,0,0,0,0,0,1,1,7.23111,7.1762,8.31719,0.249518,6.56689,6.67437,6.77265,7.1762,10.0062,10.0235,10.0822,10.0822,10.0787,9.09462,0.216419,6.60616,6.86671,7.1762,9.88939,10.0617,10.0787,10.0875,21.0811,21.0262,20.8602,0.551876,15.1757,15.2399,15.5399,21.0262,23.8562,23.8735,23.9322,23.9315,23.9287,22.4226,0.418373,15.215,20.7167,21.0262,23.7394,23.9117,23.9287,23.9375,7.51603,6.6388,7.13116,0.0641706,6.47446,6.62784,6.76957,7.19628,7.32432,7.46711,7.75882,7.31718,7.33416,7.45131,0.0837651,6.48126,6.76957,7.08407,7.33416,8.04864,8.18535,8.2091,16.9234,16.8375,17.2112,0.0742535,16.4735,16.7384,16.8786,17.1403,17.5544,17.6604,17.8349,18.2567,17.5538,17.6228,0.0939285,16.5838,16.8198,17.2858,17.5564,18.2567,18.3878,18.4808,-9999,-9999
202307070930,202307071000,16.81,0,16.582,16.81,0,974.709,429.81,0,528.195,429.81,0,362.69,0,327.742,362.69,0,389.231,0,331.254,389.231,0,5.808,0,5.156,5.808,0,100.75,100.626,100.75,0,0,0,0,0,3.53,2.895,3.53,0,271.5,0.744,69.67,352.84,869.43,819.29,19.16,40.12,402.52,398.03,0,12.54,12.4,12.31,12.06,11.17,9.95,0,0,0,0,0,0,18.51,20.26,26.128,23.41,10.76,0,3,3,3,3,3.36,0,118.9,0,154.16,126.953,213.411,59.1948,1,6,87.244,111.345,1,144.365,118.887,199.851,25.4881,2,4,65.2056,443,1,0,-19.49,-19.49,0,0,2.28025,3.04624,1,2,6,43,2.28025,3.30644,-19.49,-19.49,0,0,2.28025,2.9617,1,2,6,42,2.28025,3.22872,-19.2275,-18.8394,1,1,0.126117,0.180556,-19.49,-19.49,-19.49,-19.49,-19.49,-19.49,-16.9079,-19.49,-19.49,-19.49,-19.49,-19.49,-16.9187,-16.8706,0,0,0,0,0,0,1,0,0,0,0,0,1,1,7.44464,7.40996,8.58419,0.259709,6.7278,6.88237,6.99047,7.40996,10.3046,10.3632,10.4241,10.3941,10.4196,9.38246,0.224448,6.76422,7.08745,7.40996,10.2347,10.3794,10.4025,10.4241,26.9346,26.9,27.4236,0.397208,23.639,23.6888,23.9827,26.9,29.7946,29.8532,29.9141,29.9141,29.9096,28.61,0.316959,23.6357,26.5775,26.9,29.7247,29.8694,29.8925,29.9141,7.73731,6.7214,7.32805,0.077845,6.54181,6.71021,6.91787,7.36158,7.53639,7.73731,8.12203,7.48654,7.50417,7.681,0.0984802,6.54877,6.9543,7.30471,7.54958,8.36488,8.5531,8.58074,21.5287,21.3364,21.7829,0.0658304,21.2557,21.3362,21.5847,21.7841,21.9421,22.0986,22.4246,22.4246,21.7889,22.0075,0.071224,21.2726,21.4945,21.7774,21.8789,22.4349,22.5972,22.6619,-9999,-9999
202307071000,202307071030,17.06,0,17.111,17.06,0,1023.27,376.65,0,583.66,376.65,0,369.08,0,329.958,369.08,0,391.22,0,333.873,391.22,0,5.948,0,5.993,5.948,0,100.78,100.65,100.78,0,0,0,0,0,2.75,3.075,2.75,0,270.1,0.717,69.43,309.68,762.55,640.88,16.88,34.59,403.65,397.95,0,12.6,12.42,12.31,12.05,11.17,9.95,0,0,0,0,0,0,18.49,20.23,26.102,23.394,10.75,0,3,3,3,3,3.93,0,104.05,0,134.906,111.098,186.757,35.3907,2,46,66.3179,147.6,0,191.371,157.597,264.923,31.5161,2,8,85.5746,443,1,0,-13.2085,-13.5764,1,1,2.4421,2.50995,2,2,55,51,2.44902,2.51668,-13.2085,-13.5764,1,1,2.42314,2.50995,2,2,54,51,2.43011,2.51668,-13.3507,-13.464,1,1,0.0254725,0.0294751,-13.5764,-13.5764,-13.5764,-13.2907,-13.2085,-13.2085,-13.2085,-13.5764,-13.5764,-13.5764,-13.5764,-13.227,-13.2085,-13.2085,1,1,1,1,1,1,1,1,1,1,1,1,1,1,7.51255,7.48316,8.67622,0.26431,6.77923,6.948,7.05837,7.48316,10.4151,10.4913,10.5487,10.5092,10.5437,9.48501,0.228175,6.81473,7.15609,7.48316,10.3608,10.4976,10.5185,10.5487,21.089,21.0596,22.1403,0.249287,20.175,20.4458,20.6353,21.0596,23.6998,23.7623,23.8717,23.7572,23.7522,22.8357,0.212147,20.3911,20.7325,21.0596,23.6414,23.7513,23.7633,23.7999,7.81007,6.74616,7.38906,0.0825407,6.56105,6.73484,6.95634,7.41378,7.62274,7.81703,8.23638,7.54127,7.55928,7.7546,0.10361,6.56812,7.00605,7.38121,7.6369,8.46876,8.67427,8.70176,20.4434,20.2805,20.7121,0.0661799,20.1322,20.2752,20.4415,20.7173,20.861,21.0043,21.4779,21.4779,20.8148,20.9935,0.0776327,20.1502,20.428,20.6888,20.8344,21.4779,21.6416,21.7123,-9999,-9999
202307071030,202307071100,16.78,0,17.53,16.78,0,1061.62,317.01,0,605.417,317.01,0,373.03,0,329.958,373.03,0,391.585,0,333.873,391.585,0,5.157,0,6.84,5.157,0,100.79,100.656,100.79,0,0,0,0,0,2.44,3.252,2.44,0,278.8,0.498,73.02,255.96,640.71,610.62,14.5,30.8,402.23,398.2,0,12.67,12.45,12.31,12.05,11.17,9.95,0,0,0,0,0,0,18.47,20.198,26.076,23.38,10.74,0,3,3,3,3,4.43,0,99.65,0,129.268,106.547,178.859,38.635,1,6,66.0765,42.85,0,55.5858,45.8156,76.9104,23.3618,2,8,32.819,444,1,0,-9.42,-10.6324,0,1,2.15821,2.50986,1,2,8,28,2.24406,2.5858,-9.42,-10.6324,0,1,2.15821,2.50986,1,2,8,28,2.24406,2.5858,-9.75491,-10.1044,1,1,0.0871448,0.100225,-10.6642,-10.6495,-10.6324,-9.42,-9.42,-9.42,-9.42,-10.6642,-10.6642,-10.6642,-10.6324,-9.42,-9.42,-9.42,1,1,1,0,0,0,0,1,1,1,1,0,0,0,7.44459,7.40621,8.60418,0.263553,6.72898,6.88062,6.98611,7.40621,10.3514,10.4075,10.4682,10.4396,10.4638,9.41372,0.227757,6.76541,7.08254,7.40621,10.2804,10.4239,10.4478,10.4682,18.077,18.0386,18.7086,0.172605,17.3932,17.5181,17.6508,18.077,19.7891,19.8596,19.903,19.8882,19.8838,19.1686,0.154809,17.4296,17.7467,18.0136,19.7548,19.8494,19.8698,19.9011,7.74326,6.71783,7.32326,0.0779779,6.53623,6.70645,6.9115,7.36095,7.52835,7.72564,8.11498,7.48954,7.50767,7.68165,0.0992612,6.54337,6.93265,7.2856,7.5418,8.37227,8.56069,8.59022,18.9873,18.861,19.2726,0.0695845,18.5978,18.8141,18.9873,19.271,19.5024,19.632,20.1506,20.1867,19.4936,19.6216,0.0862671,18.6688,18.8876,19.271,19.5113,20.1867,20.3395,20.4137,-9999,-9999
202307071100,202307071130,17.4,0,17.949,17.4,0,1089.08,429.15,0,540.816,429.15,0,370.43,0,342.987,370.43,0,392.469,0,349.263,392.469,0,6.497,0,7.686,6.497,0,100.78,100.662,100.78,0,0,0.003,0,0,3.03,3.43,3.03,0,273.7,0.76,67.32,353.3,872.48,809.37,19.2,40.02,405.85,397.94,0,12.74,12.49,12.32,12.04,11.17,9.95,0,0,0,0,0,0,18.44,20.166,26.048,23.364,10.73,0,3,3,3,3,4.78,0,218.14,0,282.975,233.237,391.337,38.6683,1,7,123.412,93.89,0,121.796,100.388,168.436,36.5947,2,8,62.3194,445,1,0,-22.29,-16.6421,0,1,3.40235,2.83508,1,2,6,47,4.33796,3.97182,-22.29,-16.6421,0,1,3.40235,2.83508,1,2,6,47,4.33796,3.97182,-20.7921,-19.2992,1,1,0.389639,0.433522,-22.29,-22.29,-22.29,-22.29,-17.0247,-16.9079,-16.7267,-22.29,-22.29,-22.29,-17.0247,-16.8706,-16.7267,-16.6421,0,0,0,0,1,1,1,0,0,0,1,1,1,1,7.60758,7.58453,8.81152,0.271997,6.85146,7.03934,7.15209,7.58453,10.5846,10.6848,10.7374,10.6848,10.7317,9.6386,0.234463,6.88566,7.25066,7.58453,10.5522,10.6716,10.6954,10.7374,24.2497,24.2266,28.1108,0.695435,23.7702,23.8116,24.1315,24.2829,32.8746,32.9748,33.0274,33.0274,33.0217,30.4307,0.607343,23.7764,24.1845,24.2855,32.8422,32.9616,32.9854,33.0274,7.91448,6.77948,7.47267,0.0892794,6.58605,6.76791,7.00797,7.48659,7.74137,7.97739,8.39511,7.61869,7.6374,7.85811,0.111187,6.59333,7.06906,7.4799,7.72146,8.61717,8.84808,8.8758,21.5491,21.3586,21.8111,0.0671185,21.2773,21.3583,21.6014,21.8128,21.9782,22.1382,22.4633,22.4633,21.8179,22.0396,0.0724739,21.2909,21.5175,21.806,21.9101,22.4738,22.6439,22.7045,-9999,-9999
202307071130,202307071200,17.83,0,18.081,17.83,0,1105.19,485.26,0,548.712,485.26,0,364.64,0,342.987,364.64,0,392.266,0,349.263,392.266,0,7.615,0,7.985,7.615,0,100.8,100.678,100.8,0,0,0.003,0,0,3.54,3.376,3.54,0,276.8,0.789,62.72,393.24,983.62,845.36,21.59,44.15,408.24,398.22,0,12.8,12.53,12.33,12.04,11.17,9.95,0,0,0,0,0,0,18.42,20.132,26.018,23.346,10.72,0,3,3,3,3,5.22,0,140.14,0,181.792,149.839,251.407,34.3788,2,62,82.7692,100.93,0,130.928,107.915,181.066,36.5947,2,8,65.4186,446,1,0,-19.62,-19.62,0,0,3.13986,3.04624,2,2,43,39,3.13986,3.04624,-19.62,-19.62,0,0,3.13986,2.9617,2,2,43,38,3.13986,2.9617,-19.62,-19.62,1,1,0,0,-19.62,-19.62,-19.62,-19.62,-19.62,-19.62,-19.62,-19.62,-19.62,-19.62,-19.62,-19.62,-19.62,-19.62,0,0,0,0,0,0,0,0,0,0,0,0,0,0,7.72206,7.70941,8.96063,0.278592,6.93742,7.15067,7.26815,7.70941,10.756,10.8644,10.9342,10.8644,10.9275,9.80182,0.239747,6.97003,7.36814,7.70941,10.7355,10.8644,10.8893,10.9342,27.3421,27.3294,28.5806,0.278592,26.5574,26.7707,26.8881,27.3294,30.376,30.4844,30.5542,30.5542,30.5475,29.4218,0.239747,26.59,26.9881,27.3294,30.3555,30.4844,30.5093,30.5542,8.03633,6.82177,7.57682,0.0975975,6.61975,6.81003,7.07427,7.61177,7.89049,8.10327,8.59278,7.7096,7.72879,7.98269,0.119957,6.62717,7.15924,7.57067,7.82247,8.79681,9.05121,9.08043,22.5483,22.3299,22.7999,0.0700294,22.252,22.3557,22.6082,22.7354,22.9318,23.0803,23.6543,23.3305,22.7081,22.9722,0.0678462,22.3194,22.4908,22.7025,22.8283,23.3403,23.5308,23.5774,-9999,-9999
202307071200,202307071230,18.11,0,18.213,18.11,0,1109.68,526.05,0,565.818,526.05,0,359.94,0,345.185,359.94,0,394.383,0,351.86,394.383,0,7.827,0,8.284,7.827,0,100.81,100.694,100.81,0,0,0.003,0,0,3.19,3.323,3.19,0,288.2,0.795,62.35,418,1053.55,794.75,23.29,48.06,410.42,397.17,0,12.87,12.57,12.34,12.04,11.16,9.95,0,0,0,0,0,0,18.4,20.096,25.988,23.33,10.71,0,3,3,3,3,5.65,0,201.75,0,261.579,215.415,361.934,40.1257,2,36,115.788,159.54,0,206.852,170.346,286.211,36.8371,2,13,93.4554,447,1,0,-22.18,-22.18,0,0,3.28616,3.13986,2,2,30,27,3.28616,3.13986,-22.18,-22.18,0,0,3.17421,3.13341,2,2,30,26,3.17421,3.13341,-22.18,-22.18,1,1,0.00000000000000284445,0.00000000000000284445,-22.18,-22.18,-22.18,-22.18,-22.18,-22.18,-22.18,-22.18,-22.18,-22.18,-22.18,-22.18,-22.18,-22.18,0,0,0,0,0,0,0,0,0,0,0,0,0,0,7.79811,7.7918,9.06345,0.283689,6.99462,7.22436,7.34455,7.7918,10.8961,10.9921,11.0731,10.9921,11.0658,9.91603,0.243874,7.02616,7.44538,7.7918,10.8558,10.9921,11.0283,11.0731,29.9781,29.9718,31.2434,0.283689,29.1746,29.4044,29.5246,29.9718,33.0761,33.1721,33.2531,33.2531,33.2458,32.096,0.243874,29.2062,29.6254,29.9718,33.0358,33.1721,33.2083,33.2531,8.1189,6.84904,7.64498,0.103247,6.64099,6.83715,7.117,7.69419,7.985,8.18863,8.72373,7.77042,7.79003,8.06585,0.126052,6.64852,7.21328,7.62854,7.88954,8.91472,9.18898,9.21953,23.1882,22.951,23.4329,0.0735113,22.8755,23.0386,23.1955,23.3367,23.5076,23.6568,24.4747,23.8791,23.2724,23.5663,0.0655799,22.967,23.1129,23.2724,23.4587,23.8885,24.0874,24.1666,-9999,-9999
202307071230,202307071300,18.76,0,18.443,18.76,0,1102.47,714.21,0,562.022,714.21,0,358.55,0,345.185,358.55,0,351.499,0,351.86,351.499,0,9.458,0,8.742,9.458,0,100.82,100.701,100.82,0,0,0.003,0,0,3.22,3.476,3.22,0,274,0.851,56.32,572.95,1415.85,745.62,30.66,64.46,414.99,397.94,0,12.94,12.61,12.36,12.03,11.16,9.95,0,0,0,0,0,0,18.37,20.06,25.962,23.314,10.702,0,3,3,3,3,6.1,0,247.17,0,320.468,264.276,443.416,46.4367,2,22,140.68,208.84,0,270.771,223.294,374.653,46.2372,2,17,121.355,448,1,0,-22.95,-22.95,0,0,3.38305,3.13986,2,2,26,23,3.38305,3.13986,-22.95,-22.95,0,0,3.28616,3.13341,2,2,26,22,3.28616,3.13341,-22.95,-22.95,1,1,0.00000000000000227556,0.00000000000000227556,-22.95,-22.95,-22.95,-22.95,-22.95,-22.95,-22.95,-22.95,-22.95,-22.95,-22.95,-22.95,-22.95,-22.95,0,0,0,0,0,0,0,0,0,0,0,0,0,0,7.9697,7.98035,9.28289,0.292784,7.12257,7.39185,7.51993,7.9697,11.1808,11.2685,11.359,11.2512,11.3502,10.154,0.251123,7.15167,7.62302,7.98035,11.0972,11.2512,11.3138,11.359,30.9197,30.9304,32.2329,0.292784,30.0726,30.3419,30.4699,30.9197,34.1308,34.2185,34.309,34.309,34.3002,33.104,0.251123,30.1017,30.573,30.9304,34.0472,34.2012,34.2638,34.309,8.30124,6.91222,7.80233,0.116421,6.69187,6.90013,7.21685,7.88802,8.19148,8.377,9.02642,7.90525,7.92546,8.25358,0.139579,6.69956,7.34969,7.75918,8.03999,9.17722,9.49582,9.52949,25.4194,25.1095,25.6295,0.0938568,25.0447,25.2163,25.2553,25.4194,25.7362,26.0459,26.9115,25.7362,25.2028,25.6067,0.063869,25.1958,25.2374,25.2564,25.4566,25.9158,25.9676,26.0913,-9999,-9999
202307071300,202307071330,18.65,0,18.673,18.65,0,1083.67,653.01,0,461.756,653.01,0,350.26,0,363.738,350.26,0,361.767,0,373.775,361.767,0,9.37,0,9.2,9.37,0,100.83,100.708,100.83,0,0,0,0,0,3.93,3.628,3.93,0,295.3,0.714,56.43,507.93,1304.23,642.92,28.14,57.91,414.22,398.1,0,13.01,12.66,12.38,12.03,11.16,9.95,0,0,0,0,0,0,18.34,20.026,25.934,23.298,10.694,0,3,3,3,3,6.54,0,200.99,0,260.53,214.604,360.029,40.1815,2,35,115.047,205.74,0,266.687,219.675,368.538,45.2126,2,18,119.253,449,1,0,-18.47,-18.47,0,0,3.13002,2.87716,2,2,46,43,3.13002,2.87716,-18.47,-18.47,0,0,3.13002,2.86816,2,2,46,42,3.13002,2.86816,-18.47,-18.47,1,1,0.00000000000000284445,0.00000000000000284445,-18.47,-18.47,-18.47,-18.47,-18.47,-18.47,-18.47,-18.47,-18.47,-18.47,-18.47,-18.47,-18.47,-18.47,0,0,0,0,0,0,0,0,0,0,0,0,0,0,7.94538,7.95136,9.26393,0.293821,7.10519,7.36707,7.49244,7.94538,11.1677,11.2564,11.3453,11.2419,11.3368,10.1392,0.252091,7.13465,7.59487,7.95136,11.0915,11.2419,11.3004,11.3453,26.4154,26.4214,27.7339,0.293821,25.5752,25.8371,25.9624,26.4154,29.6377,29.7264,29.8153,29.8153,29.8068,28.6092,0.252091,25.6047,26.0649,26.4214,29.5615,29.7119,29.7704,29.8153,8.28015,6.90124,7.77637,0.114419,6.68147,6.88907,7.19899,7.84939,8.169,8.35537,8.97892,7.88811,7.90854,8.22752,0.138169,6.68923,7.31295,7.74034,8.01905,9.1448,9.45923,9.49245,24.8051,24.5162,25.0273,0.0876077,24.4479,24.6626,24.6797,24.8283,25.1128,25.3869,26.2797,25.2323,24.6741,25.0499,0.063399,24.6428,24.6762,24.7152,24.9135,25.409,25.4586,25.5837,-9999,-9999
202307071330,202307071400,18.99,0,18.836,18.99,0,1053.62,842.53,0,448.842,842.53,0,331,0,363.738,331,0,326.021,0,373.775,326.021,0,10.454,0,9.53,10.454,0,100.83,100.714,100.83,0,0,0,0,0,4.17,3.521,4.17,0,288,0.808,52.41,639.19,1683.39,395.23,35.65,75.22,417.01,399.07,0,13.08,12.71,12.4,12.04,11.16,9.95,0,0,0,0,0,0,18.31,19.99,25.906,23.282,10.686,0,3,3,3,3,6.85,0,209.64,0,271.742,223.84,375.524,44.4176,2,33,120.897,296.92,0,384.878,317.031,531.866,54.2451,2,13,168.24,450,1,0,-18.86,-18.86,0,0,3.13986,3.04624,2,2,45,41,3.13986,3.04624,-18.86,-18.86,0,0,3.13986,2.9617,2,2,45,40,3.13986,2.9617,-18.86,-18.86,1,1,0.00000000000000170667,0.00000000000000170667,-18.86,-18.86,-18.86,-18.86,-18.86,-18.86,-18.86,-18.86,-18.86,-18.86,-18.86,-18.86,-18.86,-18.86,0,0,0,0,0,0,0,0,0,0,0,0,0,0,8.03725,8.05149,9.38682,0.299718,7.17386,7.45637,7.58532,8.03725,11.3348,11.4172,11.5102,11.3925,11.5009,10.2748,0.256854,7.20199,7.68881,8.05149,11.239,11.3925,11.4652,11.5102,26.8973,26.9115,28.2468,0.299718,26.0339,26.3164,26.4453,26.8973,30.1948,30.2772,30.3702,30.3702,30.3609,29.1348,0.256854,26.062,26.5488,26.9115,30.099,30.2525,30.3252,30.3702,8.38041,6.93393,7.85888,0.121555,6.70711,6.9216,7.2506,7.94127,8.25848,8.45903,9.14032,7.96097,7.98185,8.32864,0.145797,6.715,7.37632,7.81,8.09951,9.28824,9.62831,9.66326,25.4322,25.0986,25.7748,0.11202,25.0253,25.2635,25.304,25.4847,25.8565,26.3803,27.2414,25.9556,25.2808,25.7724,0.0818062,25.245,25.2822,25.3527,25.6154,26.1923,26.2495,26.4068,-9999,-9999
202307071400,202307071430,19.19,0,18.999,19.19,0,1012.83,764.62,0,525.079,764.62,0,333.2,0,357.564,333.2,0,330.994,0,366.482,330.994,0,10.912,0,9.86,10.912,0,100.83,100.72,100.83,0,0,0,0,0,3.53,3.414,3.53,0,281,0.846,50.94,571.05,1541.28,439.96,32.6,69.39,417.52,398.83,0,13.15,12.76,12.42,12.04,11.16,9.95,0,0,0,0,0,0,18.29,19.956,25.876,23.268,10.678,0,3,3,3,3,7.36,0,237.35,0,307.661,253.426,425.16,46.111,2,27,135.398,353.57,0,458.309,377.518,633.342,51.227,2,12,196.437,450,1,0,-20.3114,-15.765,1,1,3.23962,2.66581,2,2,40,51,3.51057,3.26904,-19.2733,-15.765,1,1,3.15195,2.66581,2,2,44,51,3.42983,3.26904,-19.2009,-18.4955,0.975,0.975,0.23089,0.249645,-20.3114,-20.3114,-20.3114,-20.055,-19.2733,-17.6067,-15.765,-20.3114,-20.055,-20.055,-19.2733,-17.6067,-16.2708,-15.765,1,1,1,1,1,1,1,1,1,1,1,1,2,1,8.09305,8.11155,9.46588,0.304146,7.21576,7.50985,7.64084,8.09305,11.4465,11.5247,11.6202,11.4939,11.6104,10.3641,0.260473,7.24309,7.74486,8.11155,11.348,11.5072,11.5752,11.6202,23.8581,23.8766,27.9614,0.432468,23.8478,25.2475,25.3516,27.2996,30.7352,30.8837,31.8053,31.9316,30.8837,29.565,0.425149,23.8766,25.3634,27.2708,30.8448,31.7117,31.8053,31.9316,8.44333,6.95295,7.90757,0.125897,6.72146,6.94049,7.28052,7.99375,8.31321,8.52415,9.23729,8.00585,8.02712,8.39043,0.150689,6.72946,7.40737,7.85213,8.14839,9.37747,9.73437,9.7704,23.8586,23.5591,24.3449,0.112733,23.4699,23.7699,23.912,24.095,24.4899,24.9575,25.6142,24.8641,24.0059,24.4864,0.0967673,23.7604,23.854,23.9924,24.3385,24.9863,25.1976,25.3061,-9999,-9999
202307071430,202307071500,19.38,0,19.229,19.38,0,961.992,667.25,0,498.571,667.25,0,332.21,0,357.564,332.21,0,339.634,0,366.482,339.634,0,11.577,0,10.313,11.577,0,100.82,100.719,100.82,0,0,0,0,0,3.51,3.34,3.51,0,277.4,0.885,48.56,488.06,1328.48,399.06,29.65,62.37,418.43,399.36,0,13.23,12.81,12.45,12.04,11.16,9.95,0,0,0,0,0,0,18.26,19.924,25.848,23.252,10.672,0,3,3,3,3,7.79,0,220.09,0,284.609,234.33,394.243,44.2031,2,34,126.515,292.1,0,377.729,310.999,523.233,53.5481,2,14,166.19,451,1,0,-17,-17,0,0,2.99281,2.86816,2,2,48,44,2.99281,2.86816,-17,-17,0,0,2.95258,2.85916,2,2,48,43,2.95258,2.85916,-17,-17,1,1,0,0,-17,-17,-17,-17,-17,-17,-17,-17,-17,-17,-17,-17,-17,-17,0,0,0,0,0,0,0,0,0,0,0,0,0,0,8.14634,8.16884,9.54201,0.308495,7.25576,7.55823,7.69376,8.14634,11.5547,11.6288,11.7266,11.592,11.7163,10.4503,0.264032,7.28232,7.79826,8.16884,11.4537,11.6068,11.6817,11.7266,25.1463,25.1688,26.542,0.308495,24.2558,24.5582,24.6938,25.1463,28.5547,28.6288,28.7266,28.7266,28.7163,27.4503,0.264032,24.2823,24.7983,25.1688,28.4537,28.6068,28.6817,28.7266,8.50389,6.97094,7.95377,0.130065,6.73495,6.95836,7.30883,8.04218,8.36551,8.58682,9.33,8.04876,8.07041,8.44958,0.155437,6.74306,7.43524,7.89232,8.195,9.46316,9.83658,9.87365,21.7624,21.5066,22.4236,0.121509,21.3987,21.7272,21.9429,22.2374,22.6825,23.037,23.7459,23.3722,22.2882,22.7478,0.121317,21.6564,21.9318,22.1988,22.6405,23.3797,23.7502,23.8143,-9999,-9999
202307071500,202307071530,19.58,0,19.458,19.58,0,901.979,692.85,0,518.5,692.85,0,328.1,0,359.223,328.1,0,329.253,0,368.441,329.253,0,11.889,0,10.766,11.889,0,100.82,100.718,100.82,0,0,0,0,0,3.7,3.266,3.7,0,286.9,0.856,47.83,482.6,1406.44,291.98,31.13,66.21,419.37,399.41,0,13.31,12.86,12.47,12.05,11.16,9.95,0,0,0,0,0,0,18.23,19.892,25.818,23.236,10.664,0,3,3,3,3,9.02,0,154.23,0,199.443,164.209,276.269,33.8111,2,54,89.6863,230.24,0,297.735,245.137,412.424,47.0886,2,14,132.648,451,1,0,-11.63,-11.63,0,0,2.64036,2.51928,2,2,49,37,2.64036,2.51928,-11.63,-11.63,0,0,2.61945,2.51928,2,2,48,37,2.61945,2.51928,-11.63,-11.63,1,1,0.000000000000000568889,0.000000000000000568889,-11.63,-11.63,-11.63,-11.63,-11.63,-11.63,-11.63,-11.63,-11.63,-11.63,-11.63,-11.63,-11.63,-11.63,0,0,0,0,0,0,0,0,0,0,0,0,0,0,8.20227,8.22908,9.62156,0.312988,7.29767,7.60914,7.74943,8.20227,11.6673,11.7487,11.8374,11.6941,11.8267,10.5401,0.267706,7.32342,7.85445,8.22908,11.5526,11.7096,11.7926,11.8374,19.8323,19.8591,21.2516,0.312988,18.9277,19.2391,19.3794,19.8323,23.2973,23.3787,23.4674,23.4674,23.4567,22.1701,0.267706,18.9534,19.4844,19.8591,23.1826,23.3396,23.4226,23.4674,8.56751,6.98983,8.00231,0.134475,6.74916,6.97711,7.33862,8.09279,8.42037,8.65267,9.42783,8.09369,8.11574,8.51176,0.160452,6.75739,7.46427,7.93448,8.24383,9.5532,9.94421,9.9824,21.3618,21.106,22.1089,0.132691,20.994,21.338,21.57,21.9265,22.425,22.7914,23.5545,23.1856,22.0032,22.4854,0.133638,21.2729,21.5799,21.8961,22.37,23.1928,23.6024,23.6673,-9999,-9999
202307071530,202307071600,19.6,0,19.524,19.6,0,833.818,627.25,0,479.12,627.25,0,326.05,0,359.223,326.05,0,330.376,0,368.441,330.376,0,12.129,0,10.894,12.129,0,100.82,100.718,100.82,0,0,0,0,0,3.13,3.212,3.13,0,283.4,0.822,46.84,433.57,1277.27,241.47,29,61.88,419.22,399.88,0,13.38,12.92,12.5,12.06,11.16,9.95,0,0,0,0,0,0,18.21,19.862,25.788,23.22,10.656,0,3,3,3,3,8.9,0,141.47,0,182.942,150.623,253.412,34.3788,2,60,83.593,261.8,0,338.547,278.739,468.957,59.6708,2,12,153.113,451,1,0,-9.38,-9.38,0,0,2.47181,2.55169,2,2,28,18,2.47181,2.55169,-9.38,-9.38,0,0,2.47181,2.55169,2,2,28,18,2.47181,2.55169,-9.38,-9.38,1,1,0.000000000000000568889,0.000000000000000568889,-9.38,-9.38,-9.38,-9.38,-9.38,-9.38,-9.38,-9.38,-9.38,-9.38,-9.38,-9.38,-9.38,-9.38,0,0,0,0,0,0,0,0,0,0,0,0,0,0,8.21163,8.23748,9.64405,0.315496,7.30524,7.6151,7.75678,8.21163,11.7069,11.7886,11.8762,11.7319,11.8654,10.5695,0.269824,7.33085,7.86163,8.23748,11.5902,11.7474,11.8316,11.8762,17.5916,17.6175,19.0241,0.315496,16.6852,16.9951,17.1368,17.5916,21.0869,21.1686,21.2562,21.2562,21.2454,19.9495,0.269824,16.7109,17.2416,17.6175,20.9702,21.1274,21.2116,21.2562,8.58219,6.99145,8.00739,0.135113,6.74915,6.97863,7.34081,8.08702,8.43039,8.66797,9.4409,8.10269,8.12503,8.52269,0.161726,6.75747,7.45423,7.94132,8.25218,9.57211,9.96813,10.0065,20.4356,20.2018,21.227,0.134561,20.0812,20.341,20.6694,21.1293,21.5159,21.8731,22.595,22.4683,21.2223,21.6764,0.142042,20.332,20.736,21.107,21.5112,22.4758,22.8943,22.9699,-9999,-9999
202307071600,202307071630,19.41,0,19.591,19.41,0,758.675,537.27,0,509.945,537.27,0,322.25,0,350.765,322.25,0,331.148,0,358.451,331.148,0,12.925,0,11.021,12.925,0,100.81,100.719,100.81,0,0,0,0,0,-9999,3.158,3.158,2,-9999,-9999,42.68,352.21,1099.36,210.87,25.62,55.12,417.21,402.137,1,13.43,12.97,12.53,12.07,11.16,9.95,0,0,0,0,0,0,18.18,19.834,25.758,23.204,10.648,0,3,3,3,3,7.97,0,200.987,1,259.906,213.991,360.023,40.0698,2,39,115.43,179.648,1,232.312,191.271,321.8,41.3532,2,18,105.226,451,1,0,-16.75,-16.75,1,1,2.93346,2.84952,2,2,48,43,2.96426,2.88911,-16.75,-16.75,1,1,2.87391,2.84952,2,2,48,43,2.90534,2.88911,-16.5582,-16.3173,1,1,0.0632198,0.0730442,-16.75,-16.75,-16.75,-16.75,-16.75,-15.8975,-15.7967,-16.75,-16.75,-16.75,-16.75,-15.7967,-15.7967,-15.7967,1,1,1,1,1,1,1,1,1,1,1,1,1,1,8.16658,8.18531,9.59961,0.315637,7.27266,7.56859,7.7077,8.16658,11.6615,11.7329,11.8302,11.6939,11.8199,10.5276,0.270086,7.29894,7.81159,8.18531,11.5566,11.7088,11.786,11.8302,24.9166,24.9353,25.9169,0.38407,23.0694,23.3653,23.5044,24.9166,28.4115,28.4829,28.5802,28.5802,28.5699,27.0859,0.325513,23.0956,23.7091,24.9353,28.3066,28.4588,28.536,28.5802,8.53924,6.97294,7.96198,0.131383,6.73256,6.96006,7.31082,8.02395,8.38799,8.62374,9.35486,8.06966,8.09218,8.47362,0.158582,6.74095,7.40027,7.90687,8.2133,9.50762,9.89353,9.93105,18.3473,18.1537,19.2786,0.150032,17.955,18.2426,18.6453,19.3268,19.7138,19.9112,20.9015,20.9015,19.4695,19.8912,0.167229,18.2305,18.7782,19.1877,19.6926,20.9094,21.367,21.4624,-9999,-9999
202307071630,202307071700,19.51,0,19.574,19.51,0,677.836,485.5,0,455.33,485.5,0,321.02,0,350.765,321.02,0,327.391,0,358.451,327.391,0,13.639,0,11.106,13.639,0,100.8,100.715,100.8,0,0,0,0,0,-9999,3.035,3.035,2,-9999,-9999,39.89,301.82,993.95,188.06,23.84,52.36,417.8,401.253,1,13.47,13.01,12.57,12.07,11.16,9.95,0,0,0,0,0,0,18.16,19.808,25.732,23.188,10.642,0,3,3,3,3,7.76,0,197.635,1,255.572,210.422,354.019,39.5,2,39,113.54,121.3,1,156.859,129.148,217.282,30.2933,2,3,72.0142,451,1,0,-16.4375,-18.18,1,1,2.85916,2.99867,2,2,49,44,4.64991,5.27211,-16.26,-18.18,1,1,2.85434,2.87716,2,2,50,43,4.64695,5.20395,-15.2949,-13.891,0.775,0.525,0.462968,0.589311,-18.18,-18.18,-16.4375,-16.4375,-16.26,-10.846,-9.5075,-18.18,-18.18,-18.18,-16.26,-10.425,-9.5075,-9.5075,1,1,1,1,1,2,2,1,1,1,1,2,2,2,8.19667,8.21676,9.64756,0.319042,7.29552,7.59453,7.73654,8.19667,11.734,11.8074,11.9013,11.7605,11.8907,10.584,0.272908,7.32136,7.84056,8.21676,11.6213,11.7757,11.8572,11.9013,26.3767,26.3968,23.5385,0.88314,16.803,17.1149,17.245,26.3767,28.3388,29.5586,29.914,28.3388,28.1507,25.8789,0.710648,16.8289,18.6866,25.9258,28.0974,28.2173,28.3748,29.812,8.57585,6.98224,7.98629,0.133711,6.73887,6.96925,7.32527,8.04277,8.41798,8.66169,9.40561,8.09467,8.11752,8.50737,0.161537,6.74736,7.40705,7.92944,8.23965,9.55825,9.95489,9.99302,16.8182,16.6501,17.8551,0.164362,16.4431,16.7132,17.1596,17.9682,18.3888,18.6219,19.6285,19.753,18.1824,18.585,0.186904,16.6986,17.276,17.7289,18.3362,19.7609,20.2363,20.3315,-9999,-9999
202307071700,202307071730,19.29,0,19.558,19.29,0,592.683,410.96,0,441.387,410.96,0,319.49,0,345.745,319.49,0,330,0,352.521,330,0,13.382,0,11.19,13.382,0,100.81,100.712,100.81,0,0,0,0,0,-9999,2.911,2.911,2,-9999,-9999,40.21,235.52,845.01,169.03,21.09,46.65,416.2,401.64,2,13.51,13.05,12.6,12.09,11.16,9.95,0,0,0,0,0,0,18.14,19.784,25.706,23.174,10.634,0,3,3,3,3,7.49,0,138.175,2,178.681,147.115,247.51,34.3788,2,56,81.9786,103.196,2,133.448,109.873,184.852,36.5947,2,8,66.5469,451,1,0,-11.1943,-11.29,2,2,2.59854,2.50043,2,2,45,33,2.59898,2.50089,-11.1943,-11.29,2,2,2.52032,2.50043,2,2,44,33,2.52077,2.50089,-11.2302,-11.2637,0,0,0.00741994,0.00684352,-11.29,-11.29,-11.29,-11.1943,-11.1943,-11.1943,-11.1943,-11.29,-11.29,-11.29,-11.29,-11.1943,-11.1943,-11.1943,2,2,2,2,2,2,2,2,2,2,2,2,2,2,8.14378,8.15593,9.5933,0.31881,7.25714,7.54053,7.67939,8.14378,11.6755,11.7474,11.8427,11.7113,11.8327,10.5317,0.272878,7.28377,7.78233,8.15593,11.577,11.7257,11.799,11.8427,19.4338,19.4459,20.857,0.314299,18.5471,18.8305,18.9694,19.4338,22.8793,22.9945,23.037,23.037,23.027,21.7619,0.26765,18.5738,19.0723,19.4459,22.7714,22.92,22.9947,23.037,8.52423,6.96082,7.93391,0.129446,6.71989,6.94777,7.29067,7.96538,8.36799,8.57022,9.30554,8.05552,8.07853,8.44963,0.157748,6.72845,7.34823,7.88899,8.194,9.48164,9.86574,9.90283,16.4344,16.2868,17.3748,0.149164,15.9717,16.2935,16.7288,17.4159,17.8675,18.0798,18.9864,19.2197,17.7532,18.089,0.176234,16.2853,16.726,17.2566,17.8909,19.2284,19.6558,19.7422,-9999,-9999
202307071730,202307071800,19.14,0,19.405,19.14,0,504.675,332.73,0,375.454,332.73,0,318.82,0,345.745,318.82,0,336.436,0,352.521,336.436,0,13.066,0,10.988,13.066,0,100.82,100.714,100.82,0,0,0,0,0,-9999,2.738,2.738,2,-9999,-9999,41.07,168.96,686.92,159.88,18.1,40.44,414.77,401.591,1,13.52,13.08,12.63,12.1,11.16,9.95,0,0,0,0,0,0,18.12,19.762,25.682,23.162,10.628,0,3,3,3,3,7.12,0,131.089,1,169.517,139.57,234.816,34.2529,2,55,78.475,51.266,1,66.2946,54.583,91.8317,23.3618,2,8,36.1691,451,1,0,-9.56167,-9.74,1,1,2.35953,2.51928,2,2,27,19,2.38429,2.5301,-9.56167,-9.74,1,1,2.35953,2.51928,2,2,27,19,2.38429,2.5301,-9.89067,-9.83937,1,1,0.0483973,0.0388608,-10.29,-10.2471,-10.2471,-9.74,-9.56167,-9.56167,-9.56167,-10.29,-10.2075,-10.2075,-9.74,-9.74,-9.74,-9.56167,1,1,1,1,1,1,1,1,1,1,1,1,1,1,8.109,8.11529,9.56124,0.319351,7.2321,7.50402,7.64106,8.109,11.6454,11.7192,11.8121,11.6871,11.8025,10.5029,0.273454,7.25924,7.7432,8.11529,11.5492,11.6942,11.7688,11.8121,17.849,17.8553,19.4006,0.337286,16.9721,17.244,17.3811,17.849,21.4342,21.8083,22.0092,21.3738,21.3642,20.3936,0.285324,16.9992,17.4832,17.8553,21.2665,21.4983,21.8649,21.9474,8.49165,6.94608,7.89848,0.126692,6.7064,6.93296,7.26676,7.91,8.33543,8.49165,9.23865,8.03032,8.05352,8.41188,0.155436,6.71504,7.30461,7.86225,8.16408,9.43279,9.80933,9.84573,15.7588,15.6412,16.5849,0.132921,15.1881,15.6339,15.8572,16.5646,17.0087,17.2906,17.9874,18.3734,17.0306,17.2822,0.164429,15.6144,15.8572,16.4594,17.0306,18.3734,18.7497,18.8245,-9999,-9999
202307071800,202307071830,18.77,0,19.253,18.77,0,415.316,253.7,0,322.859,253.7,0,316.23,0,340.221,316.23,0,343.499,0,345.996,343.499,0,12.965,0,10.785,12.965,0,100.82,100.715,100.82,0,0,0,0,0,-9999,2.566,2.566,2,-9999,-9999,40.16,102.53,525.51,150.04,14.72,33.57,412.2,399.762,1,13.53,13.11,12.66,12.11,11.16,9.95,0,0,0,0,0,0,18.1,19.742,25.662,23.15,10.622,0,3,3,3,3,6.72,0,122.9,1,158.928,130.852,220.148,35.7705,2,56,75.2412,37.7325,1,48.7938,40.1738,67.5894,26.012,2,8,33.0097,451,1,0,-9.18667,-9.18667,1,1,2.35953,2.51928,2,2,27,17,2.35955,2.51931,-9.18667,-9.18667,1,1,2.35953,2.51928,2,2,27,17,2.35955,2.51931,-9.18288,-9.178,1,1,0.00131827,0.00169967,-9.18667,-9.18667,-9.18667,-9.18667,-9.18667,-9.165,-9.165,-9.18667,-9.18667,-9.18667,-9.18667,-9.165,-9.165,-9.165,1,1,1,1,1,1,1,1,1,1,1,1,1,1,8.01711,8.0113,9.45856,0.31734,7.16476,7.41261,7.54372,8.0113,11.5244,11.604,11.6918,11.5825,11.683,10.3989,0.272032,7.19325,7.64423,8.0113,11.4339,11.5825,11.649,11.6918,17.2038,17.198,18.6366,0.318732,16.3298,16.5776,16.7087,17.198,20.7111,20.7907,20.8784,20.8784,20.8697,19.5818,0.273088,16.3582,16.8092,17.198,20.6205,20.7692,20.8356,20.8784,8.39776,6.91,7.81087,0.119642,6.67534,6.89684,7.20893,7.79894,8.22966,8.39776,9.06922,7.96069,7.98395,8.3113,0.148547,6.68403,7.21819,7.79121,8.08456,9.29658,9.64952,9.68411,14.3261,14.2498,15.0581,0.122801,13.6634,14.2355,14.4432,15.1411,15.5054,15.7876,16.2307,16.8445,15.6028,15.7607,0.157473,14.1359,14.4432,14.9645,15.6028,16.8445,17.1623,17.2238,-9999,-9999
202307071830,202307071900,18.48,0,19.055,18.48,0,326.137,190.89,0,252.977,190.89,0,316.84,0,340.221,316.84,0,350.777,0,345.996,350.777,0,12.205,0,10.482,12.205,0,100.83,100.715,100.83,0,0,0,0,0,-9999,2.304,2.304,2,-9999,-9999,42.64,54.1,397.28,154.79,11.85,27.75,410.3,400.12,1,13.53,13.13,12.68,12.12,11.16,9.95,0,0,0,0,0,0,18.08,19.724,25.644,23.14,10.614,0,3,3,3,3,6.33,0,95.9983,1,124.14,102.21,171.96,34.3386,2,43,62.069,10.125,1,13.0931,10.7801,18.1367,23.0465,2,9,23.6829,451,1,0,-7.05,-7.05,1,1,2.35953,2.30813,2,2,13,7,2.37327,2.30813,-7.05,-7.05,1,1,2.35953,2.30813,2,2,13,7,2.37327,2.30813,-6.812,-6.99617,1,1,0.0632968,0.0375747,-7.05,-7.05,-7.05,-7.05,-6.54,-6.54,-5.97333,-7.05,-7.05,-7.05,-7.05,-7.05,-7.05,-7.05,1,1,1,1,1,1,1,1,1,1,1,1,1,1,7.94594,7.93044,9.38128,0.316215,7.11265,7.34121,7.46792,7.93044,11.4359,11.5198,11.6035,11.5065,11.5954,10.3218,0.271305,7.14217,7.56711,7.93044,11.3648,11.5065,11.5611,11.6035,14.9959,14.9804,16.3774,0.309351,14.1626,14.3912,14.5179,14.9804,18.4717,18.5698,18.6535,18.6535,18.6454,17.1338,0.259773,14.1922,14.6171,14.9804,17.4946,18.4859,18.6111,18.6535,8.32559,6.8815,7.74267,0.114357,6.65051,6.8683,7.1508,7.74411,8.13206,8.32559,8.938,7.90696,7.93032,8.23361,0.143368,6.65927,7.1493,7.6978,8.023,9.1922,9.52718,9.56048,13.1861,13.1528,13.762,0.109026,12.4609,13.0427,13.2371,13.662,14.292,14.4973,14.7025,15.4216,14.3666,14.4178,0.141697,12.8906,13.2659,13.8083,14.3075,15.4216,15.6518,15.6956,-9999,-9999
202307071900,202307071930,18.06,0,18.857,18.06,0,238.661,111.11,0,224.725,111.11,0,317.76,0,327.333,317.76,0,380.423,0,330.772,380.423,0,10.608,0,10.179,10.608,0,100.85,100.716,100.85,0,0,0,0,0,-9999,2.042,2.042,2,-9999,-9999,48.81,7.88,271.17,132.14,8.63,21.56,407.53,405.45,1,13.52,13.14,12.71,12.13,11.16,9.95,0,0,0,0,0,0,18.06,19.708,25.628,23.13,10.608,0,3,3,3,3,6.04,0,71.672,1,92.6826,76.3093,128.385,27.1613,2,41,47.2008,-44.49,1,-57.5322,-79.694,-47.3686,19.7528,2,121,31.0544,451,1,0,-1.06167,-1.524,2,2,2.20343,3.58888,2,2,21,9,2.21552,3.59632,-1.06167,-1.524,2,2,2.20343,3.58888,2,2,21,9,2.21552,3.59632,-1.22636,-1.36863,0,0,0.0335804,0.0320375,-1.62,-1.524,-1.524,-1.06167,-1.06167,-1.06167,-1.06167,-1.62,-1.524,-1.524,-1.524,-1.22,-1.06167,-1.06167,2,2,2,2,2,2,2,2,2,2,2,2,2,2,7.84099,7.81235,9.26209,0.313549,7.03534,7.23748,7.35743,7.81235,11.2934,11.3838,11.4616,11.3824,11.4546,10.1998,0.269377,7.06637,7.45482,7.81235,11.2529,11.3824,11.4198,11.4616,9.36499,9.33635,10.6307,0.304587,8.38475,8.65534,8.76365,9.33635,12.5153,12.7374,12.8174,12.5233,12.5163,11.4262,0.256319,8.65534,8.76482,9.33635,12.3866,12.5131,12.5364,12.7996,8.21676,6.84011,7.64414,0.106801,6.61505,6.82689,7.05825,7.66307,7.98717,8.14314,8.7477,7.82668,7.85006,8.11902,0.135592,6.62385,7.05677,7.56905,7.93201,9.03106,9.339,9.37576,10.2979,10.3303,10.6753,0.0993434,9.74352,9.98764,10.1709,10.5026,11.2411,11.331,11.4883,12.1235,11.3411,11.251,0.120876,9.95603,10.3003,10.5763,11.3031,12.1235,12.2211,12.2474,-9999,-9999
202307071930,202307072000,17.51,0,18.535,17.51,0,154.388,76.38,0,144.301,76.38,0,318.9,0,327.333,318.9,0,384.585,0,330.772,384.585,0,8.528,0,9.562,8.528,0,100.86,100.723,100.86,0,0,0,0,0,-9999,1.758,1.758,2,-9999,-9999,57.4,-26.79,159.41,99.46,5.23,14.13,404.09,406.969,1,13.51,13.15,12.73,12.15,11.16,9.95,0,0,0,0,0,0,18.05,19.708,25.616,23.12,10.602,0,3,3,3,3,5.75,0,44.35,1,57.3512,47.2195,79.4432,17.7577,2,62,29.7646,-44.654,1,-57.7443,-79.9878,-47.5432,19.7922,2,120,31.1476,451,1,0,0.3425,1.275,1,1,2.14036,2.13115,2,2,24,8,2.19055,2.18156,0.3425,1.275,1,1,2.14036,2.13115,2,2,24,8,2.19055,2.18156,0.698054,0.760621,0.875,0.725,0.0529159,0.0661757,0.3425,0.3425,0.3425,0.728,0.735,1.275,1.275,-0.0933333,0.3425,0.3425,0.735,1.275,1.275,1.275,1,1,1,1,2,1,1,1,1,1,2,1,1,1,7.70231,7.65725,9.101,0.309334,6.9327,7.10153,7.21245,7.65725,11.1138,11.2099,11.2662,11.2099,11.2605,10.0329,0.266243,6.96569,7.30758,7.65725,11.0921,11.2073,11.2251,11.2662,6.42731,6.38225,8.34038,0.349928,6.03258,6.1977,6.26149,6.47745,10.7543,10.8996,10.9237,10.9237,10.918,9.33488,0.2971,6.03991,6.32068,6.50919,10.406,10.531,10.8826,10.9237,8.07111,6.78556,7.51563,0.097241,6.56871,6.77235,6.96835,7.55561,7.7964,7.94599,8.49989,7.7196,7.74292,7.96783,0.125354,6.57754,6.95413,7.40628,7.81149,8.82499,9.08993,9.13098,8.00647,8.05828,8.32,0.0915617,7.47296,7.69543,7.8007,8.15402,8.85714,8.95116,9.07235,9.62346,8.96026,8.8382,0.108139,7.65887,7.93357,8.15402,8.9285,9.61656,9.68452,9.69621,-9999,-9999
202307072000,202307072030,16.71,0,18.213,16.71,0,74.757,22.71,0,171.219,22.71,0,315.82,0,321.348,315.82,0,383.031,0,323.701,383.031,0,6.995,0,8.946,6.995,0,100.87,100.73,100.87,0,0,0,0,0,1.74,1.473,1.74,0,290.9,0.13,63.24,-67.64,52.28,43.09,1.64,4.37,398.62,407.7,0,13.49,13.16,12.75,12.16,11.16,9.96,0,0,0,0,0,0,18.03,19.798,25.61,23.114,10.598,0,3,3,3,3,5.5,0,3.88,0,5.01742,4.13104,6.95016,27.8373,1,14,27.9157,-8.55,0,-11.0564,-15.3154,-9.1032,34.7949,1,13,35.0983,451,1,0,5.396,3.255,1,1,1.37586,1.46745,2,2,65,14,1.74326,1.81642,5.396,3.255,1,1,1.37586,1.49159,2,2,65,14,1.74326,1.83598,4.7294,4.08109,1,1,0.148336,0.14461,3.255,3.255,3.92333,5.396,5.396,5.396,5.396,3.255,3.255,3.255,3.92333,5.396,5.396,5.396,1,1,1,1,1,1,1,1,1,1,1,1,1,1,7.49893,7.43133,8.85972,0.302182,6.78126,6.90382,7.00144,7.43133,10.8655,10.9122,10.9684,10.9447,10.9646,9.78005,0.26083,6.81707,7.0934,7.43133,10.7969,10.9281,10.952,10.9684,4.24393,4.17633,4.77863,0.251894,2.85793,2.98049,3.07811,4.17633,5.55619,7.28968,7.48094,5.57244,5.56861,5.05065,0.193966,2.89374,3.40223,4.0464,5.4832,5.55597,5.57244,7.28968,7.85503,6.70544,7.32961,0.0841139,6.5012,6.6923,6.85445,7.39722,7.56747,7.74964,8.14306,7.56091,7.584,7.74676,0.110581,6.51003,6.85445,7.2517,7.584,8.52267,8.72574,8.77112,2.84812,2.88367,2.99623,0.0447708,2.56137,2.70154,2.75208,2.90584,3.26837,3.30782,3.35849,3.63781,3.32415,3.24951,0.0524248,2.67774,2.79295,2.92038,3.30491,3.60631,3.6557,3.65964,-9999,-9999
202307072030,202307072100,16.23,0,17.315,16.23,0,9.34327,3.78,0,0,3.78,0,315.32,0,321.348,315.32,0,381.79,0,323.701,381.79,0,6.154,0,7.438,6.154,0,100.88,100.738,100.88,0,0,0,0,0,1.61,1.271,1.61,0,292,0.069,66.66,-77.67,13.04,9.87,0.31,-0.17,393.85,408.46,0,13.47,13.16,12.76,12.17,11.16,9.96,0,0,0,0,0,0,18.02,19.828,25.608,23.11,10.596,0,3,3,3,3,5.14,0,16.3368,1,21.1259,17.3938,29.2638,13.1866,2,146,15.8528,-1.11,0,-1.4354,-1.98832,-1.18182,26.6684,1,27,26.6751,451,1,0,12.5023,10.7989,1,1,3.44923,2.86391,2,2,5,4,4.01303,4.57378,12.5023,8.51857,1,1,3.44923,1.67657,2,2,5,19,4.01303,3.9406,11.0038,9.70496,1,1,0.351997,0.396841,5.37,8.4,8.51857,12.5023,12.5023,12.5023,12.5023,5.37,5.37,8.4,8.51857,12.5023,12.5023,12.5023,1,1,1,1,1,1,1,1,1,1,1,1,1,1,7.3785,7.29719,8.7207,0.298685,6.69149,6.78581,6.87596,7.29719,10.7269,10.7468,10.8005,10.7961,10.7978,9.63618,0.258269,6.72895,6.96596,7.29719,10.6281,10.7755,10.797,10.8013,-2.09775,-1.22138,-0.984249,0.172228,-1.88637,-1.76421,-1.70622,-1.43404,-0.7312,-0.222212,1.37693,-1.70179,-1.70452,-1.36762,0.139328,-2.17031,-1.78591,-1.77059,-1.70528,-1.42978,-0.733815,1.32149,7.72769,6.65675,7.21925,0.0770234,6.45961,6.64361,6.79402,7.29783,7.46966,7.60838,7.93318,7.46702,7.49007,7.61647,0.102265,6.46848,6.79402,7.17085,7.49007,8.34609,8.51325,8.56196,0.509891,0.517741,0.539876,0.00910906,0.450097,0.47926,0.490778,0.52069,0.595756,0.60399,0.613197,0.671272,0.607577,0.591472,0.0106676,0.475544,0.497711,0.524685,0.603136,0.662438,0.673505,0.674958,-9999,-9999
202307072100,202307072130,15.77,0,16.418,15.77,0,0,0,0,0,0,0,315.42,0,317.254,315.42,0,371.033,0,318.865,371.033,0,5.379,0,5.931,5.379,0,100.9,100.745,100.9,0,0,0,0,0,1.89,1.069,1.89,0,307.2,0.061,69.99,-79.41,2.06,0.9,0.01,-0.93,391.63,409.16,0,13.45,13.15,12.78,12.19,11.16,9.96,0,0,0,0,0,0,18.01,19.856,25.61,23.108,10.598,0,3,3,3,3,4.71,0,-0.19,0,-0.245698,-0.340343,-0.202293,14.9138,1,30,14.9141,-3.88,0,-5.01742,-6.95016,-4.13104,21.7989,1,29,21.8988,451,1,1,10.9713,9.55077,1,1,2.24871,2.0428,2,2,7,8,2.81899,3.15814,10.9713,7.87273,1,1,2.24871,1.28376,2,2,7,31,2.81899,2.72925,9.82611,8.84941,1,1,0.256373,0.284067,6.15429,7.57125,7.87273,10.9713,10.9713,10.9713,10.9713,6.15429,6.15429,7.57125,7.87273,10.9713,10.9713,10.9713,1,1,1,1,1,1,1,1,1,1,1,1,1,1,7.26329,7.16907,8.58792,0.295379,6.60537,6.67296,6.75608,7.16907,10.572,10.6015,10.646,10.6541,10.6386,9.49875,0.25586,6.62121,6.8442,7.16907,10.4672,10.6381,10.6409,10.6541,-1.30171,-0.703661,-0.261502,0.0909995,-0.92653,-0.815165,-0.72749,-0.378807,0.376876,0.451084,0.531822,-0.331038,-0.332731,-0.327385,0.0686158,-0.821502,-0.761847,-0.723852,-0.370228,-0.321377,0.375229,0.466922,7.60544,6.6097,7.11414,0.0707388,6.41936,6.59573,6.73494,7.19924,7.37686,7.50003,7.73425,7.37686,7.39987,7.49213,0.0945282,6.42826,6.73573,7.09307,7.39987,8.17791,8.31113,8.36299,0,0,0,0,0,0,0,0,0,0,0,0,0,0,0,0,0,0,0,0,0,0,-9999,-9999
202307072130,202307072200,15.27,0,15.029,15.27,0,0,0,0,0,0,0,316.18,0,317.254,316.18,0,369.103,0,318.865,369.103,0,4.683,0,4.576,4.683,0,100.91,100.768,100.91,0,0,0,0,0,1.36,1.136,1.36,0,288.4,0.042,73.02,-76.08,0.58,0.68,-0.03,-1.26,388.71,409.7,0,13.42,13.15,12.79,12.2,11.16,9.96,0,0,0,0,0,0,18,19.884,25.614,23.108,10.598,0,3,3,3,3,4.24,0,-0.04,0,-0.051726,-0.0716512,-0.0425881,11.1997,1,42,11.1997,-33.1245,1,-42.8349,-59.3352,-35.2677,19.136,2,174,26.1627,451,1,1,8.62722,8.01464,1,1,1.97426,1.5861,2,2,29,29,2.11552,1.92145,8.62722,7.1996,1,1,1.97426,1.10329,2,2,29,41,2.11552,1.54709,8.09776,7.63392,1,1,0.122158,0.142955,6.45812,7.10706,7.1996,8.55,8.62722,8.62722,8.62722,5.82643,6.45812,7.10706,7.1996,8.61571,8.62722,8.62722,1,1,1,1,1,1,1,1,1,1,1,1,1,1,7.13781,7.03,8.44224,0.291569,6.51125,6.55333,6.62599,7.03047,10.3888,10.4498,10.4653,10.4966,10.4627,9.34729,0.253064,6.51125,6.7121,7.03,10.2894,10.4627,10.4898,10.4966,-0.407194,-0.169597,0.808316,0.169538,-0.541648,-0.455969,-0.282102,0.733792,1.83609,1.86731,1.95292,1.83609,1.83551,1.24953,0.143019,-0.455683,-0.194099,0.34755,1.81773,1.8671,1.92871,1.94147,7.47156,6.55818,7.0004,0.0644818,6.37538,6.49966,6.65476,7.01963,7.27604,7.3817,7.52482,7.27809,7.30103,7.35705,0.0863277,6.38431,6.67199,7.00793,7.27809,7.98162,8.09197,8.14706,0,0,0,0,0,0,0,0,0,0,0,0,0,0,0,0,0,0,0,0,0,0,-9999,-9999
202307072200,202307072230,14.67,0,13.639,14.67,0,0,0,0,0,0,0,315.72,0,315.475,315.72,0,366.882,0,316.764,366.882,0,3.846,0,3.221,3.846,0,100.92,100.791,100.92,0,0,0,0,0,1.39,1.202,1.39,0,263.4,0.039,76.97,-73.83,0.14,0.67,-0.03,-1.26,386.01,412.79,0,13.38,13.14,12.79,12.21,11.16,9.96,0,0,0,0,0,0,17.99,19.92,25.618,23.11,10.6,0,3,3,3,3,3.75,0,7.51595,1,9.71925,8.02502,13.4632,11.067,2,255,11.7784,-37.2083,1,-48.108,-65.8519,-39.6158,19.2071,2,151,27.3342,452,1,1,7.80727,7.24886,1,1,1.64342,1.33138,2,2,47,43,1.74198,1.55502,7.80727,6.83242,1,1,1.64342,1.08139,2,2,47,44,1.74198,1.34718,7.43372,7.05658,1,1,0.0909064,0.102489,6.20042,6.652,6.83242,7.79391,7.80727,7.80727,7.82633,5.775,6.20042,6.652,6.83242,7.77884,7.80727,7.80727,1,1,1,1,1,1,1,1,1,1,1,1,1,1,6.98665,6.86327,8.26459,0.286558,6.39735,6.43965,6.47009,6.86962,10.1634,10.2453,10.2643,10.3015,10.246,9.16126,0.24934,6.39735,6.55384,6.86327,10.104,10.2618,10.3004,10.3058,0.154228,0.0308509,1.20801,0.197524,-0.212346,-0.157811,-0.0557108,0.591912,2.43877,2.47037,2.69935,2.43805,2.43877,1.72754,0.169243,-0.157701,0.0171666,0.573522,2.42796,2.45966,2.47944,2.50762,7.30928,6.49583,6.86442,0.0578598,6.32238,6.43515,6.55827,6.84319,7.15329,7.23863,7.35806,7.15822,7.18102,7.19479,0.0768063,6.33132,6.59498,6.8974,7.15822,7.71625,7.82942,7.888,0,0,0,0,0,0,0,0,0,0,0,0,0,0,0,0,0,0,0,0,0,0,-9999,-9999
202307072230,202307072300,14.36,0,12.885,14.36,0,0,0,0,0,0,0,316.44,0,315.475,316.44,0,366.817,0,316.764,366.817,0,3.151,0,2.624,3.151,0,100.94,100.794,100.94,0,0,0,0,0,1.29,1.243,1.29,0,247.8,0.039,80.75,-70.63,0.05,0.67,-0.03,-3.03,384.13,412.63,0,13.34,13.12,12.8,12.22,11.16,9.96,0,0,0,0,0,0,17.99,19.837,25.62,23.11,10.6,0,3,3,3,3,3.26,0,7.70224,1,9.9585,8.20059,13.6315,11.0926,2,255,11.8006,-40.9834,1,-52.9888,-72.533,-43.635,19.1494,2,134,28.7331,453,1,1,7.26018,6.73756,1,1,1.50797,1.28376,2,2,56,47,1.57881,1.42686,7.26018,6.39419,1,1,1.50797,1.09953,2,2,56,47,1.57881,1.26367,6.96825,6.64833,1,1,0.0730244,0.078238,6.01457,6.33333,6.39419,7.26018,7.26333,7.2686,7.32133,5.80167,6.01457,6.33333,6.39419,7.22741,7.26018,7.26018,1,1,1,1,1,1,1,1,1,1,1,1,1,1,6.91032,6.77844,8.17927,0.284872,6.32839,6.36448,6.39057,6.78785,10.0593,10.1448,10.182,10.2129,10.1462,9.07413,0.248194,6.33994,6.47301,6.77844,10.0312,10.1771,10.2105,10.222,0.516129,0.384249,1.53095,0.214561,0.0311527,0.0892148,0.29798,0.516129,2.88606,2.9162,3.19887,2.88466,2.88606,2.10588,0.18415,0.0892324,0.32537,0.470674,2.86373,2.90622,2.92606,2.94426,7.22773,6.46325,6.79537,0.0551012,6.29405,6.4074,6.50786,6.74119,7.09159,7.13736,7.22773,7.09806,7.1209,7.11313,0.0723489,6.30304,6.53654,6.84528,7.09269,7.58301,7.69846,7.75933,0,0,0,0,0,0,0,0,0,0,0,0,0,0,0,0,0,0,0,0,0,0,-9999,-9999
202307072300,202307072330,14.41,0,12.131,14.41,0,0,0,0,0,0,0,317.8,0,314.694,317.8,0,368.244,0,315.842,368.244,0,2.903,0,2.028,2.903,0,100.94,100.798,100.94,0,0,0,0,0,1.45,1.283,1.45,0,261.1,0.064,82.32,-69.04,0.05,0.67,-0.03,-4.13,383.81,411.96,0,13.29,13.1,12.8,12.23,11.16,9.96,0,0,0,0,0,0,18,19.825,25.62,23.11,10.6,0,3,3,3,3,2.83,0,7.89603,1,10.2091,8.40469,13.9745,11.1087,2,253,11.8512,-40.7753,1,-52.6539,-72.1647,-43.4019,19.1494,2,134,28.6585,454,1,1,7.26611,6.73295,1,1,1.50797,1.28376,2,2,56,47,1.58229,1.43417,7.26611,6.38119,1,1,1.50797,1.09953,2,2,56,47,1.58229,1.27192,6.9668,6.63882,1,1,0.0748886,0.0804403,5.98735,6.316,6.38119,7.26611,7.26809,7.27446,7.3278,5.76241,5.98735,6.316,6.38119,7.23283,7.26611,7.26611,1,1,1,1,1,1,1,1,1,1,1,1,1,1,6.9267,6.79462,8.20859,0.287357,6.34145,6.37935,6.40527,6.80375,10.1058,10.1906,10.2257,10.2571,10.1919,9.11011,0.250277,6.35296,6.48769,6.79462,10.0747,10.2211,10.2549,10.2657,0.545508,0.413426,1.56976,0.215219,0.0633531,0.119332,0.326693,0.555621,2.92579,2.95431,3.24447,2.92447,2.92579,2.1433,0.184672,0.119362,0.365609,0.523198,2.90282,2.9496,2.96364,2.98262,7.24681,6.4682,6.80856,0.0559762,6.2969,6.41137,6.5151,6.75916,7.10617,7.1612,7.26102,7.11254,7.13565,7.13079,0.0736468,6.30598,6.55008,6.85632,7.10719,7.61119,7.72845,7.79028,0,0,0,0,0,0,0,0,0,0,0,0,0,0,0,0,0,0,0,0,0,0,-9999,-9999
202307072330,202307080000,13.99,0,11.553,13.99,0,0,0,0,0,0,0,317.56,0,314.694,317.56,0,365.099,0,315.842,365.099,0,2.737,0,1.69,2.737,0,100.94,100.807,100.94,0,0,0,0,0,1.22,1.317,1.22,0,230.8,0.052,82.87,-67.49,0.06,0.68,-0.04,-4.06,382.24,413.33,0,13.24,13.07,12.8,12.24,11.16,9.96,0,0,0,0,0,0,18.01,20.884,26.727,23.809,10.896,0,3,3,3,3,2.45,0,7.63761,1,9.87493,8.12961,13.6811,11.1007,2,254,11.8389,-42.1218,1,-54.4607,-75.4518,-44.8352,19.1544,2,127,29.6983,455,1,1,7.16672,6.65729,1,1,1.50797,1.28516,2,2,58,48,1.5769,1.41758,7.16672,6.33283,1,1,1.50797,1.09953,2,2,58,49,1.5769,1.25174,6.88636,6.57538,1,1,0.0705939,0.0752678,5.97026,6.26564,6.33283,7.16672,7.17783,7.18792,7.23238,5.77,5.97026,6.26564,6.33283,7.13404,7.16672,7.16672,1,1,1,1,1,1,1,1,1,1,1,1,1,1,6.82203,6.67912,8.08788,0.284329,6.23931,6.27676,6.31692,6.69227,9.95483,10.0446,10.1039,10.1269,10.0468,8.98476,0.248091,6.27386,6.37713,6.67912,9.96036,10.096,10.123,10.142,0.489198,0.346286,1.5125,0.216526,0.0111222,0.0638866,0.262627,0.489198,2.8801,2.92822,3.18491,2.87788,2.8801,2.0984,0.186216,0.0638866,0.303601,0.412272,2.86718,2.91455,2.94404,2.94903,7.13384,6.42392,6.71484,0.05254,6.25885,6.3737,6.4427,6.62178,7.01282,7.02927,7.13384,7.02927,7.05234,7.0189,0.0676093,6.26018,6.4427,6.78461,7.02179,7.42885,7.54849,7.61295,0,0,0,0,0,0,0,0,0,0,0,0,0,0,0,0,0,0,0,0,0,0,-9999,-9999
202307080000,202307080030,13.26,0,10.976,13.26,0,0,0,0,0,0,0,316.67,0,314.69,316.67,0,326.371,0,315.837,326.371,0,2.165,0,1.352,2.165,0,100.94,100.816,100.94,0,0,0,0,0,1.31,1.351,1.31,0,185.3,0.09,85.79,-66.32,0.05,0.67,-0.04,-4.57,380.38,415.61,0,13.18,13.04,12.8,12.24,11.16,9.96,0,0,0,0,0,0,18.01,20.956,26.798,23.853,10.918,0,3,3,3,3,2.12,0,5.73,0,7.40975,6.10074,10.2795,9.37666,1,48,9.87508,-42.8257,1,-55.3709,-76.7128,-45.5845,19.1494,2,128,29.986,456,1,1,6.61091,6.39261,1,1,1.45503,1.28376,2,2,64,49,1.46761,1.31832,6.61091,6.38222,1,1,1.45503,1.09953,2,2,64,47,1.46761,1.1397,6.52362,6.38452,1,1,0.033198,0.0377718,6.01111,6.32135,6.38222,6.61091,6.61821,6.70492,6.71083,5.80452,6.01111,6.32135,6.38222,6.61091,6.61091,6.61821,1,1,1,1,1,1,1,1,1,1,1,1,1,1,6.63785,6.47768,7.86847,0.277638,6.06178,6.10883,6.17738,6.49748,9.67394,9.77593,9.87208,9.881,9.77593,8.75291,0.243073,6.10863,6.18456,6.47768,9.68306,9.85877,9.881,9.90704,0.255626,0.0954599,1.48395,0.250283,-0.22408,-0.183966,0.0185132,0.255626,3.14868,3.17704,3.25387,3.1613,3.16502,2.22929,0.217708,-0.183966,0.0886374,0.198183,3.12043,3.18855,3.24785,3.26279,6.93361,6.3464,6.55155,0.0480318,6.13412,6.25201,6.30058,6.41119,6.8506,6.881,6.93361,6.881,6.90381,6.82261,0.0576699,6.19215,6.33325,6.50505,6.86917,7.11143,7.28203,7.2991,0,0,0,0,0,0,0,0,0,0,0,0,0,0,0,0,0,0,0,0,0,0,-9999,-9999
202307080030,202307080100,13.59,0,10.756,13.59,0,0,0,0,0,0,0,315.88,0,314.69,315.88,0,327.139,0,315.837,327.139,0,2.687,0,1.286,2.687,0,100.93,100.809,100.93,0,0,0,0,0,1.42,1.315,1.42,0,203.1,0.07,82.74,-67.69,0.05,0.68,-0.03,-4.07,380.74,413.4,0,13.13,13.01,12.79,12.25,11.16,9.96,0,0,0,0,0,0,18.01,20.957,26.797,23.851,10.919,0,3,3,3,3,1.85,0,12.42,0,16.0609,13.2236,22.2812,12.8699,1,49,14.5161,-42.9674,1,-55.554,-76.9665,-45.7352,19.1445,2,129,30.0416,456,1,1,7.16672,6.65729,1,1,1.50797,1.28516,2,2,58,48,1.57645,1.41758,7.16672,6.33283,1,1,1.50797,1.09953,2,2,58,49,1.57645,1.25174,6.88605,6.57538,1,1,0.0705595,0.0752678,5.97026,6.26564,6.33283,7.16672,7.17783,7.18479,7.23238,5.77,5.97026,6.26564,6.33283,7.13404,7.16672,7.16672,1,1,1,1,1,1,1,1,1,1,1,1,1,1,6.72598,6.57162,7.98643,0.283343,6.14306,6.19611,6.24498,6.58872,9.83674,9.93117,10.014,10.0285,9.93411,8.88427,0.247643,6.19595,6.27343,6.57162,9.84437,10.0029,10.0242,10.05,0.393155,0.238791,1.41104,0.215599,-0.0839906,-0.0389419,0.158142,0.393155,2.76739,2.83615,3.07594,2.7643,2.76739,1.99822,0.185728,-0.0389419,0.231425,0.314963,2.75379,2.82465,2.84519,2.85912,6.96786,6.36013,6.6317,0.044381,6.2385,6.34677,6.40539,6.54123,6.8776,6.89414,6.96786,6.89414,6.91845,6.8872,0.0572728,6.2712,6.39709,6.69092,6.88552,7.20743,7.36466,7.39845,0,0,0,0,0,0,0,0,0,0,0,0,0,0,0,0,0,0,0,0,0,0,-9999,-9999
202307080100,202307080130,13.79,0,10.536,13.79,0,0,0,0,0,0,0,316.65,0,315.508,316.65,0,326.302,0,316.803,326.302,0,3.357,0,1.221,3.357,0,100.93,100.801,100.93,0,0,0,0,0,1.28,1.279,1.28,0,218.5,0.072,78.72,-68.22,0.05,0.67,-0.04,-2.83,381.75,411.7,0,13.08,12.98,12.78,12.25,11.16,9.96,0,0,0,0,0,0,18.01,20.957,26.795,23.848,10.921,0,3,3,3,3,1.55,0,7.35763,1,9.51452,7.83368,13.1796,11.0926,2,255,11.7793,-42.8328,1,-55.3892,-76.7255,-45.6041,19.1494,2,128,29.982,457,1,1,7.16672,6.65729,1,1,1.50797,1.28516,2,2,58,48,1.5769,1.41758,7.16672,6.33283,1,1,1.50797,1.09953,2,2,58,49,1.5769,1.25174,6.88636,6.57538,1,1,0.0705939,0.0752678,5.97026,6.26564,6.33283,7.16672,7.17783,7.18792,7.23238,5.77,5.97026,6.26564,6.33283,7.13404,7.16672,7.16672,1,1,1,1,1,1,1,1,1,1,1,1,1,1,6.78086,6.62954,8.06333,0.287564,6.19273,6.24414,6.28718,6.64505,9.94575,10.0375,10.1104,10.1281,10.0402,8.97145,0.251067,6.24414,6.32797,6.62954,9.95249,10.1007,10.1234,10.1469,0.448026,0.296714,1.48795,0.219786,-0.0318232,0.0152168,0.213117,0.448026,2.8735,2.93262,3.18209,2.87078,2.8735,2.08509,0.189181,0.0152168,0.273879,0.365247,2.86153,2.9207,2.94553,2.95407,6.96495,6.35983,6.68322,0.0413487,6.32191,6.35933,6.4916,6.65695,6.87975,6.90551,7.01332,6.87975,6.90551,6.91639,0.0559411,6.33862,6.41744,6.70129,6.87975,7.24602,7.38686,7.4643,0,0,0,0,0,0,0,0,0,0,0,0,0,0,0,0,0,0,0,0,0,0,-9999,-9999
202307080130,202307080200,13.28,0,10.275,13.28,0,0,0,0,0,0,0,317.59,0,315.508,317.59,0,323.727,0,316.803,323.727,0,2.933,0,1.119,2.933,0,100.93,100.806,100.93,0,0,0,0,0,1.52,1.293,1.52,0,205.2,0.085,80.78,-65.44,0.04,0.68,-0.03,-3.18,380.37,414.7,0,13.03,12.95,12.77,12.26,11.17,9.96,0,0,0,0,0,0,18.01,20.959,26.795,23.847,10.922,0,3,3,3,3,1.29,0,9.96,0,12.9105,10.6044,17.868,12.0604,1,44,13.2078,-42.8143,1,-55.3653,-76.8077,-45.5844,19.1494,2,128,30.0402,458,1,1,6.61091,6.39261,1,1,1.45503,1.28376,2,2,64,49,1.46615,1.31832,6.61091,6.38222,1,1,1.45503,1.09953,2,2,64,47,1.46615,1.1397,6.52217,6.38452,1,1,0.0329807,0.0377718,6.01111,6.32135,6.38222,6.61091,6.61821,6.68191,6.71083,5.80452,6.01111,6.32135,6.38222,6.61091,6.61091,6.61821,1,1,1,1,1,1,1,1,1,1,1,1,1,1,6.65305,6.48941,7.91321,0.283333,6.06895,6.11867,6.19045,6.50959,9.75543,9.85689,9.95467,9.96246,9.85689,8.81394,0.247947,6.11846,6.19388,6.48941,9.76471,9.94113,9.96246,9.98896,0.270829,0.107194,1.52869,0.255974,-0.212312,-0.174632,0.0279121,0.270829,3.22937,3.25821,3.33646,3.24221,3.24599,2.29177,0.222437,-0.174632,0.0997286,0.20555,3.20603,3.27231,3.33022,3.34425,6.76612,6.28495,6.57134,0.0336014,6.26214,6.33923,6.41116,6.55569,6.71698,6.74482,6.81293,6.71876,6.7453,6.75123,0.0448107,6.27681,6.4143,6.58514,6.70684,6.97496,7.09974,7.26676,0,0,0,0,0,0,0,0,0,0,0,0,0,0,0,0,0,0,0,0,0,0,-9999,-9999
202307080200,202307080230,12.87,0,10.013,12.87,0,0,0,0,0,0,0,317.71,0,315.784,317.71,0,321.701,0,317.129,321.701,0,2.594,0,1.017,2.594,0,100.93,100.812,100.93,0,0,0,0,0,1.49,1.307,1.49,0,211.7,0.117,82.54,-64.83,0.13,0.67,-0.04,-4.91,380.49,416,0,12.98,12.92,12.75,12.26,11.17,9.96,0,0,0,0,0,0,18.01,20.961,26.796,23.845,10.924,0,3,3,3,3,1.06,0,41.92,0,54.3381,44.6323,75.2411,12.0111,1,43,25.673,-41.71,0,-54.0659,-74.8642,-44.4087,20.1368,1,51,30.252,459,1,1,6.0712,5.93907,1,1,1.41167,1.16796,2,2,65,48,1.41633,1.17378,6.0712,5.91714,1,1,1.41167,1.08139,2,2,65,46,1.41633,1.08767,6.00038,5.94762,1,1,0.0152988,0.0185225,5.80452,5.84167,5.91714,6.02577,6.0712,6.0712,6.08857,5.79564,5.83771,5.84167,5.91714,6.0712,6.0712,6.08857,1,1,1,1,1,1,1,1,1,1,1,1,1,1,6.55109,6.37757,7.79503,0.280258,5.96986,6.01396,6.08671,6.40144,9.60712,9.71405,9.83363,9.83363,9.71405,8.69066,0.245723,6.01368,6.08984,6.37757,9.6184,9.81722,9.83363,9.86631,0.633953,0.460431,1.84741,0.263036,0.135631,0.182441,0.24181,0.577694,3.58686,3.64285,3.76264,3.63824,3.64285,2.69028,0.23231,0.172014,0.275832,0.466074,3.58686,3.74602,3.81983,3.86082,6.59692,6.22055,6.48145,0.0286939,6.17763,6.26735,6.36353,6.50518,6.57911,6.60643,6.67074,6.57911,6.60643,6.61414,0.0364826,6.23334,6.36769,6.49348,6.5647,6.75168,6.86339,7.10735,0,0,0,0,0,0,0,0,0,0,0,0,0,0,0,0,0,0,0,0,0,0,-9999,-9999
202307080230,202307080300,13.1,0,9.763,13.1,0,0,0,0,0,0,0,317.02,0,315.784,317.02,0,321.73,0,317.129,321.73,0,3.075,0,0.901,3.075,0,100.92,100.818,100.92,0,0,0,0,0,1.41,1.303,1.41,0,206.3,0.065,79.61,-64.61,0.58,0.67,-0.03,-2.82,379.06,414.48,0,12.93,12.88,12.74,12.26,11.17,9.96,0,0,0,0,0,0,18.02,20.963,26.797,23.842,10.925,0,3,3,3,3,0.43,0,5.14679,1,6.67306,5.49539,9.2969,10.6547,2,273,11.0211,-44.0673,1,-57.1215,-79.0952,-46.9185,19.6843,2,124,30.9258,460,1,1,6.49426,6.26,1,1,1.4293,1.23639,2,2,65,49,1.44462,1.27872,6.49426,6.24667,1,1,1.4293,1.09953,2,2,65,47,1.44462,1.14693,6.39805,6.25688,1,1,0.0335637,0.0360155,5.83771,6.15649,6.24667,6.49426,6.49426,6.57625,6.58474,5.80452,5.84167,6.15649,6.24667,6.49426,6.49426,6.49426,1,1,1,1,1,1,1,1,1,1,1,1,1,1,6.61348,6.44346,7.88115,0.284809,6.0266,6.07506,6.14884,6.46555,9.7281,9.83186,9.94075,9.94424,9.83186,8.78784,0.249399,6.07482,6.15154,6.44346,9.73839,9.92566,9.94424,9.97385,0.366809,0.196785,1.62427,0.256351,-0.0877023,-0.0587158,0.121163,0.319584,3.3202,3.35121,3.44649,3.3334,3.3376,2.38979,0.222828,-0.0587158,0.162799,0.323487,3.29829,3.3831,3.4314,3.44997,6.60208,6.22369,6.5395,0.02935,6.2099,6.33273,6.47869,6.54352,6.6022,6.65243,6.78908,6.57103,6.59983,6.65101,0.0380145,6.23187,6.48229,6.5134,6.57201,6.80152,6.88881,7.18683,0,0,0,0,0,0,0,0,0,0,0,0,0,0,0,0,0,0,0,0,0,0,-9999,-9999
202307080300,202307080330,13.22,0,9.513,13.22,0,0,0.01,0,0,0.01,0,316.81,0,315.417,316.81,0,321.749,0,316.696,321.749,0,3.324,0,0.785,3.324,0,100.92,100.823,100.92,0,0,0,0,0,1.39,1.299,1.39,0,205.9,0.064,78.13,-63.35,3.88,2.13,0.05,-1.81,379.01,412.95,0,12.88,12.85,12.72,12.26,11.17,9.96,0,0,0,0,0,0,18.02,20.966,26.797,23.84,10.927,0,3,3,3,3,0.24,0,3.02,0,3.91558,3.22455,5.45518,18.9141,1,27,18.9862,-44.1102,1,-57.1772,-79.1723,-46.9642,19.6843,2,124,30.9437,460,1,1,6.59582,6.38383,1,1,1.45503,1.28376,2,2,64,49,1.46728,1.31663,6.59582,6.37348,1,1,1.45503,1.09953,2,2,64,48,1.46728,1.13774,6.51157,6.37483,1,1,0.0325766,0.0370241,6.01027,6.31237,6.37348,6.59582,6.60339,6.69085,6.697,5.80452,6.01111,6.31237,6.37348,6.59582,6.59582,6.60339,1,1,1,1,1,1,1,1,1,1,1,1,1,1,6.64768,6.47888,7.93233,0.288068,6.05661,6.10774,6.18195,6.50012,9.80313,9.90516,10.0087,10.0139,9.90516,8.84733,0.252078,6.10752,6.18445,6.47888,9.81293,9.99437,10.0139,10.042,0.274199,0.105402,1.5575,0.261242,-0.211474,-0.176325,0.0243993,0.274199,3.29176,3.32229,3.40533,3.30535,3.30934,2.33576,0.227252,-0.176325,0.0971107,0.193184,3.27031,3.33271,3.39855,3.41052,6.57692,6.2151,6.57251,0.0316567,6.20115,6.40164,6.47583,6.56783,6.64293,6.703,6.9001,6.54013,6.57031,6.65805,0.0394256,6.21592,6.47009,6.47692,6.57031,6.82561,6.89629,7.22481,0.00138466,0.001409,0.00145539,0.0000222635,0.00122762,0.00129942,0.00134087,0.00142386,0.00157635,0.00158961,0.00161066,0.0018307,0.00159883,0.00157793,0.0000265242,0.00128785,0.00135242,0.00142835,0.00157271,0.00175142,0.00177313,0.0018307,-9999,-9999
202307080330,202307080400,13.38,0,9.306,13.38,0,18.3708,8.31,0,0,8.31,0,317.31,0,315.417,317.31,0,365.139,0,316.696,365.139,0,3.592,0,0.695,3.592,0,100.92,100.811,100.92,0,0,0,0,0,1.19,1.322,1.19,0,223.4,0.042,76.61,-53.26,21.69,19.66,0.5,-0.37,378.48,411.46,0,12.84,12.81,12.71,12.26,11.17,9.96,0,0,0,0,0,0,18.01,20.968,26.798,23.838,10.929,0,3,3,3,3,0.06,0,6.13779,1,7.95794,6.55352,11.087,10.8151,2,267,11.3252,-42.7894,1,-55.465,-76.8016,-45.5579,19.1445,2,129,30.0487,460,1,0,6.48783,6.2351,1,1,1.4293,1.23639,2,2,65,49,1.44488,1.27779,6.48783,6.22208,1,1,1.4293,1.09953,2,2,65,47,1.44488,1.14589,6.39215,6.23259,1,1,0.0347909,0.0382908,5.84256,6.13375,6.22208,6.48783,6.52048,6.55701,6.62526,5.68333,5.84256,6.13375,6.22208,6.46586,6.48783,6.48783,1,1,1,1,1,1,1,1,1,1,1,1,1,1,6.69224,6.52552,7.99654,0.291837,6.09641,6.15087,6.22228,6.54556,9.8955,9.99523,10.0913,10.099,9.99523,8.92093,0.255153,6.15067,6.22573,6.52552,9.90462,10.078,10.099,10.125,0.470156,0.303439,1.76396,0.262327,0.00927305,0.0437813,0.222286,0.470156,3.49107,3.51942,3.57848,3.50369,3.5074,2.52878,0.227973,0.0437813,0.241441,0.383061,3.46871,3.52986,3.57138,3.59017,6.56197,6.21055,6.61541,0.0361662,6.19642,6.44598,6.47954,6.56197,6.72731,6.80434,7.01544,6.51711,6.54875,6.67602,0.0426177,6.20517,6.44667,6.45164,6.58114,6.8236,6.94991,7.27821,1.11291,1.13114,1.16505,0.0163168,0.997869,1.05071,1.08243,1.14628,1.24873,1.25955,1.28681,1.44869,1.26445,1.25385,0.0195357,1.0406,1.09229,1.14648,1.24376,1.38327,1.39473,1.44869,-9999,-9999
202307080400,202307080430,13.16,0,9.099,13.16,0,90.7263,34.86,0,1.643,34.86,0,317.05,0,314.565,317.05,0,364.233,0,315.69,364.233,0,3.334,0,0.605,3.334,0,100.92,100.798,100.92,0,0,0,0,0,1.01,1.345,1.01,0,219.2,0.043,77.98,-21.13,73.03,61.06,1.84,2.13,377.9,412.6,0,12.79,12.78,12.69,12.25,11.17,9.96,0,0,0,0,0,0,18.02,20.971,26.799,23.836,10.931,0,3,3,3,3,-0.1,0,14.6905,1,19.047,15.6856,26.5362,12.8247,2,168,15.1384,-2.23,0,-2.8906,-4.00257,-2.37428,31.7661,1,36,31.789,460,1,0,4.27516,4.24577,1,1,1.52041,1.26007,2,2,48,30,1.52188,1.30402,4.27516,4.1412,1,1,1.52041,1.16796,2,2,48,30,1.52188,1.21524,4.22181,4.14426,1,1,0.0299255,0.0464803,3.60667,4.1412,4.23594,4.27516,4.27516,4.27516,4.43278,3.47615,3.62647,4.1412,4.2715,4.27516,4.29786,4.45857,1,1,1,1,1,1,1,1,1,1,1,1,1,1,6.63893,6.46628,7.93855,0.290966,6.04351,6.09525,6.16871,6.4884,9.82621,9.92891,10.0374,10.0405,9.92891,8.8625,0.254631,6.09502,6.17137,6.46628,9.83646,10.0224,10.0405,10.07,2.49773,2.32508,3.79429,0.273766,1.7128,1.83251,2.22275,2.57547,5.55105,5.65375,5.76223,5.64957,5.65375,4.64069,0.240766,1.82352,2.29585,2.57934,5.5613,5.74719,5.76531,5.79865,6.44589,6.16653,6.56821,0.0387628,6.15232,6.34111,6.41721,6.53262,6.73385,6.78092,7.06799,6.41721,6.44975,6.59051,0.0420828,6.15232,6.32932,6.3456,6.5252,6.73412,6.81259,7.18804,4.22417,4.27937,4.39335,0.0494355,3.89964,4.05331,4.15126,4.33253,4.63977,4.65837,4.74228,5.29764,4.65837,4.65643,0.0600128,4.01002,4.209,4.36883,4.62709,5.05634,5.07312,5.29764,-9999,-9999
202307080430,202307080500,13.2,0,9.04,13.2,0,171.63,80.25,0,3.102,80.25,0,317.06,0,314.565,317.06,0,365.037,0,315.69,365.037,0,3.235,0,0.585,3.235,0,100.93,100.814,100.93,0,0,0,0,0,1.03,1.322,1.03,0,227,0.05,78.69,26.1,165.44,94.93,4.26,7.26,379.95,413.19,0,12.74,12.74,12.67,12.25,11.17,9.96,0,0,0,0,0,0,18.01,20.972,26.799,23.835,10.933,0,3,3,3,3,-0.28,0,28.637,1,37.1293,30.5767,51.7285,15.6529,2,77,22.1554,-2.42,0,-3.13689,-4.3436,-2.57658,23.966,1,22,24.0017,460,1,0,-0.0368421,-0.332941,1,1,2.26948,2.00134,2,2,23,8,2.27637,2.0082,-0.0368421,-0.332941,1,1,2.26948,2.00134,2,2,23,8,2.27637,2.0082,-0.109417,-0.191534,1,1,0.0252806,0.0379074,-0.368571,-0.332941,-0.289375,-0.0368421,-0.0368421,0.021,0.021,-0.424167,-0.368571,-0.368571,-0.289375,-0.0368421,-0.0368421,-0.0368421,1,1,1,1,1,1,1,1,1,1,1,1,1,1,6.65257,6.47947,7.96417,0.293271,6.05403,6.10719,6.18064,6.50143,9.86754,9.9696,10.0769,10.0802,9.9696,8.89441,0.25657,6.10696,6.18325,6.47947,9.87768,10.062,10.0802,10.1094,6.98552,6.81241,8.1557,0.280346,6.28992,6.47296,6.55182,6.81241,9.9894,10.0199,10.1137,10.0023,10.0064,9.00383,0.237727,6.47001,6.56543,6.81241,9.9678,10.0684,10.0989,10.117,6.39892,6.14951,6.58271,0.0444393,6.13516,6.28789,6.37304,6.5347,6.78694,6.84385,7.13821,6.36987,6.40371,6.57578,0.0459272,6.13516,6.26802,6.29231,6.5721,6.77839,6.85816,7.19607,8.35997,8.4333,8.64372,0.0693568,7.92874,8.20716,8.33587,8.63989,8.9072,8.99955,9.18684,10.0201,8.90905,8.99202,0.0871358,8.11152,8.40142,8.69979,8.89542,9.50872,9.62987,10.0201,-9999,-9999
202307080500,202307080530,13.67,0,8.982,13.67,0,256.849,137.74,0,43.424,137.74,0,316.59,0,315.15,316.59,0,357.253,0,316.381,357.253,0,3.382,0,0.565,3.382,0,100.96,100.829,100.96,0,0,0,0,0,0.95,1.299,0.95,0,228.2,0.078,78.39,78.03,279.1,121.97,7.3,13.58,382.26,412.78,0,12.69,12.71,12.65,12.25,11.17,9.96,0,0,0,0,0,0,18.01,20.972,26.8,23.833,10.935,0,3,3,3,3,-0.36,0,6.42,0,8.32385,6.85485,11.5968,21.348,1,12,21.6355,-12.908,1,-16.7318,-23.1682,-13.7432,19.3552,2,148,20.5776,460,1,0,-3.26923,-3.26923,1,1,2.45351,2.74878,2,2,14,2,2.46622,2.75036,-3.26923,-3.26923,1,1,2.45351,2.74878,2,2,14,2,2.46622,2.75036,-3.24196,-3.2638,1,1,0.0282793,0.0915124,-3.45583,-3.45583,-3.26923,-3.26923,-3.26923,-2.95571,-2.95571,-3.81,-3.45583,-3.45583,-3.26923,-3.26923,-3.26923,-3.26923,1,1,1,1,1,1,1,1,1,1,1,1,1,1,6.77723,6.61277,8.12891,0.300934,6.16961,6.23112,6.28843,6.63082,10.0935,10.1888,10.2721,10.2837,10.1888,9.07678,0.262671,6.23096,6.30689,6.61277,10.1014,10.2605,10.2821,10.3061,10.0465,9.882,11.3927,0.31368,9.4479,9.68679,9.76272,10.0984,13.3023,13.4548,13.5282,13.4548,13.458,12.3187,0.248291,9.6647,9.76272,9.96939,13.2465,13.4452,13.4589,13.5472,6.46398,6.17657,6.70144,0.0545139,6.16197,6.31833,6.41574,6.6804,6.92516,7.01187,7.34421,6.40833,6.44423,6.67834,0.0553623,6.16197,6.30454,6.32244,6.6879,6.91362,7.02388,7.36813,12.1782,12.238,12.5522,0.0709741,11.8298,12.1748,12.2349,12.5057,12.7544,12.8419,13.3744,14.0467,12.6114,12.8432,0.0925287,12.0865,12.3345,12.4418,12.6241,13.2602,13.551,14.0467,-9999,-9999
202307080530,202307080600,14.18,0,10.007,14.18,0,344.928,205.47,0,58.288,205.47,0,316.93,0,315.15,316.93,0,344.644,0,316.381,344.644,0,3.517,0,0.837,3.517,0,100.95,100.825,100.95,0,0,0,0,0,0.76,1.276,0.76,0,236.6,0.146,78.26,138.16,412.68,142.76,10.58,20.67,385.72,413.46,0,12.65,12.68,12.63,12.24,11.17,9.96,0,0,0,0,0,0,18.01,20.971,26.799,23.831,10.936,0,3,3,3,3,-0.38,0,26.5,0,34.3586,28.2949,47.8683,25.3839,1,12,29.2382,10.48,0,13.5878,11.1898,18.9305,19.0341,1,8,19.8803,460,1,0,-8.21182,-8.21182,1,1,2.47181,2.55169,2,2,22,14,2.47181,2.56721,-8.21182,-8.21182,1,1,2.47181,2.55169,2,2,22,14,2.47181,2.56721,-8.24504,-8.07884,1,1,0.0473433,0.0388863,-8.84333,-8.21182,-8.21182,-8.21182,-8.21182,-8.21182,-7.648,-8.21182,-8.21182,-8.21182,-8.21182,-8.21182,-7.648,-7.648,1,1,1,1,1,1,1,1,1,1,1,1,1,1,6.91263,6.75795,8.30763,0.309204,6.29537,6.3524,6.39165,6.77162,10.3386,10.4241,10.4827,10.5036,10.4263,9.27428,0.26925,6.34961,6.44441,6.75795,10.344,10.4749,10.4998,10.5185,15.1244,14.9698,16.3865,0.332363,13.9807,14.0168,14.3454,14.9834,18.5504,18.6359,18.6945,18.6359,18.6381,17.5193,0.286849,14.0413,14.6562,14.9698,18.5559,18.6868,18.7116,18.7323,6.53804,6.20696,6.83208,0.0661851,6.1921,6.35516,6.46588,6.83638,7.12124,7.20367,7.56179,6.45388,6.49203,6.79268,0.0659609,6.1921,6.34787,6.35893,6.7989,7.0946,7.23088,7.55809,15.4113,15.4381,15.8758,0.075519,15.3094,15.441,15.584,15.7314,16.0432,16.2367,16.7306,17.2543,15.6156,16.0233,0.0934548,15.4006,15.4313,15.4532,15.8339,16.3226,16.8015,17.2515,-9999,-9999
202307080600,202307080630,14.78,0,11.032,14.78,0,434.357,278.7,0,140.129,278.7,0,317.13,0,317.057,317.13,0,338.706,0,318.632,338.706,0,3.557,0,1.11,3.557,0,100.96,100.821,100.96,0,0,0,0,0,1.18,1.253,1.18,0,269.5,0.263,78.85,200.91,560.19,159.87,13.96,28.03,389.7,419.02,0,12.62,12.64,12.61,12.24,11.18,9.96,0,0,0,0,0,0,18,20.967,26.797,23.829,10.935,0,3,3,3,3,-0.27,0,27.95,0,36.2386,29.8431,50.4875,34.7149,1,10,37.9383,32.82,0,42.5528,35.043,59.2844,30.6866,2,4,35.561,460,1,0,-9.68412,-9.735,1,1,2.4421,2.50986,2,2,31,20,2.44223,2.51484,-9.68412,-9.735,1,1,2.4421,2.50986,2,2,31,20,2.44223,2.51484,-9.65988,-9.64064,1,1,0.0170099,0.0256444,-9.735,-9.735,-9.68412,-9.68412,-9.68412,-9.68412,-9.41846,-9.735,-9.735,-9.735,-9.68412,-9.68412,-9.41846,-9.29182,1,1,1,1,1,1,1,1,1,1,1,1,1,1,7.07183,6.92925,8.51683,0.318737,6.44369,6.50568,6.52533,6.93759,10.6249,10.7025,10.7272,10.7593,10.7034,9.50477,0.276823,6.47113,6.6062,6.92925,10.5823,10.724,10.7578,10.7651,16.8068,16.6642,18.1575,0.327691,15.763,15.9309,16.2604,16.6726,20.3091,20.3866,20.4113,20.3866,20.3876,19.1647,0.284686,15.763,16.3412,16.6642,20.2665,20.4081,20.4419,20.4492,6.63391,6.24551,6.98748,0.0799631,6.23037,6.40779,6.53361,6.97931,7.36192,7.46059,7.79438,6.51633,6.55705,6.93294,0.0783571,6.23037,6.40889,6.41251,6.93739,7.30131,7.44882,7.79438,17.9499,17.9384,18.517,0.0964052,17.7504,17.8755,17.9499,18.452,18.9224,19.0924,19.6734,19.6734,17.9144,18.4921,0.103471,17.6674,17.7553,17.9144,18.4359,19.075,19.1777,19.6728,-9999,-9999
202307080630,202307080700,15.85,0,12.754,15.85,0,523.608,354.13,0,168.882,354.13,0,319.31,0,317.057,319.31,0,339.141,0,318.632,339.141,0,3.965,0,2.061,3.965,0,100.95,100.825,100.95,0,0,0,0,0,1.55,1.24,1.55,0,277.5,0.376,77.99,265.05,714.49,177.23,17.38,35.13,396.03,417.4,0,12.6,12.61,12.58,12.23,11.18,9.96,0,0,0,0,0,0,17.98,20.959,26.791,23.825,10.933,0,3,3,3,3,-0.08,0,134.789,1,174.76,143.918,243.476,34.2529,2,57,81.3623,90.67,0,117.558,96.8114,163.782,34.4488,2,8,60.4259,460,1,0,-12.5989,-13.0094,1,1,2.31336,2.46213,2,2,44,38,2.31469,2.4652,-12.5989,-13.0094,1,1,2.31336,2.46213,2,2,43,38,2.31469,2.4652,-12.6104,-12.6007,1,1,0.0238847,0.0293183,-13.0094,-12.7095,-12.5989,-12.5989,-12.568,-12.5522,-12.5522,-13.0094,-12.7982,-12.5989,-12.568,-12.568,-12.5522,-12.2664,1,1,1,1,1,1,1,1,1,1,1,1,1,1,7.35412,7.23519,8.88209,0.334513,6.68506,6.72519,6.80993,7.23519,11.1208,11.1507,11.1883,11.1979,11.182,9.90382,0.28928,6.68506,6.89427,7.23519,11.0261,11.182,11.1867,11.1979,20.3635,20.2446,21.4828,0.338968,18.8959,19.2932,19.3781,20.2446,23.7396,23.7809,23.7968,23.7824,23.7809,22.5142,0.292431,18.9247,19.4623,20.2446,23.7164,23.7819,23.7866,23.799,6.84973,6.32904,7.26467,0.1016,6.3135,6.55017,6.696,7.20459,7.75386,7.92624,8.21629,6.67036,6.71485,7.2065,0.09826,6.3335,6.55017,6.57116,7.1582,7.71586,7.87958,8.21629,19.9,19.8528,20.5842,0.12715,19.5153,19.6622,19.8435,20.512,21.1771,21.3604,21.6853,21.4923,19.6622,20.3904,0.1229,19.3909,19.52,19.6622,20.2408,20.955,21.3278,21.4923,-9999,-9999
202307080700,202307080730,16.8,0,14.477,16.8,0,611.152,431.57,0,266.37,431.57,0,322.23,0,320.002,322.23,0,339.652,0,322.112,339.652,0,4.589,0,3.013,4.589,0,100.95,100.83,100.95,0,0,0,0,0,1.5,1.226,1.5,0,295.7,0.395,76.02,331.27,871.79,195.81,20.82,41.64,401.9,409.6,0,12.58,12.59,12.56,12.22,11.18,9.96,0,0,0,0,0,0,17.98,20.949,26.783,23.819,10.93,0,3,3,3,3,0.34,0,94.88,0,123.017,101.307,171.386,34.3386,2,41,62.2728,124.26,0,161.109,132.677,224.457,30.2933,2,5,74.4754,460,1,0,-15.7524,-15.5833,1,1,2.75405,2.58788,2,2,57,48,3.28486,2.59667,-15.7524,-15.5833,1,1,2.75405,2.58788,2,2,57,48,3.28486,2.59667,-15.0528,-15.7066,1,1,0.218657,0.0360735,-16.0025,-15.9208,-15.7524,-15.7524,-15.5755,-12.34,-12.34,-16.0025,-16.0025,-15.9208,-15.7524,-15.5833,-15.5755,-15.3025,1,1,1,1,1,0,0,1,1,1,1,1,1,1,7.6062,7.50918,9.21055,0.349013,6.87502,6.94538,7.06462,7.50918,11.5204,11.5692,11.6178,11.5928,11.6142,10.263,0.300771,6.89826,7.15205,7.50918,11.4657,11.5819,11.5997,11.6178,23.1895,23.0925,24.9171,0.368174,22.0583,22.4856,22.6879,23.1146,27.2925,27.3452,27.3825,27.3702,27.3666,25.3158,0.357633,21.6605,22.7358,22.9858,27.0733,27.3343,27.3521,27.3702,7.03214,6.39849,7.51773,0.12349,6.38258,6.66515,6.83282,7.42377,8.07599,8.35926,8.59961,6.79914,6.84743,7.45008,0.11771,6.42209,6.66515,6.70209,7.37312,8.05588,8.26552,8.59961,21.4349,21.3567,22.2508,0.160456,20.9172,21.0426,21.3389,22.1264,23.0182,23.2112,23.828,22.9142,21.0426,21.9019,0.146727,20.7572,20.9214,21.0426,21.5733,22.5936,22.9107,23.2278,-9999,-9999
202307080730,202307080800,17.81,0,15.76,17.81,0,695.493,506.7,0,303.08,506.7,0,326.12,0,320.002,326.12,0,340.202,0,322.112,340.202,0,5.959,0,4.254,5.959,0,100.95,100.829,100.95,0,0,0,0,0,1.36,1.182,1.36,0,301.6,0.389,70.79,394.85,1022.18,223.73,23.86,47.08,407.93,409.56,0,12.59,12.57,12.54,12.21,11.18,9.96,0,0,0,0,0,0,17.96,20.934,26.772,23.813,10.925,0,3,3,3,3,0.86,0,127.01,0,164.675,135.613,229.425,34.8425,2,51,77.782,135.66,0,175.89,144.849,245.049,30.2933,2,5,80.2177,460,1,0,-14.98,-15.236,1,1,2.79278,2.50995,2,2,52,47,4.33308,2.51321,-14.98,-15.236,1,1,2.75405,2.50995,2,2,51,47,4.30822,2.51321,-13.3708,-15.1187,1,1,0.471511,0.177909,-16.2633,-15.236,-15.236,-14.98,-8.61,-8.61,-8.61,-16.2633,-15.236,-15.236,-15.236,-15.0013,-14.98,-14.98,1,1,1,1,0,0,0,1,1,1,1,1,1,1,7.8749,7.80231,9.56134,0.364573,7.0763,7.1979,7.337,7.80231,11.9361,12.0146,12.0821,12.0135,12.0761,10.6463,0.31312,7.10702,7.42772,7.80231,11.8967,12.0135,12.0458,12.0821,23.1109,23.0383,24.6801,0.351192,22.1092,22.4659,22.6637,23.4361,27.0292,27.0828,27.1442,27.0621,27.0561,24.017,0.490734,18.1941,20.5737,20.6323,23.3396,27.0147,27.0561,27.1021,7.22766,6.47148,7.79241,0.148067,6.45518,6.78873,6.98077,7.66638,8.39451,8.82971,9.04247,6.93824,6.9908,7.7144,0.139257,6.51704,6.78873,6.84146,7.61176,8.39451,8.68753,9.01688,22.6069,22.5047,23.5624,0.191995,22.008,22.1098,22.4318,23.7256,24.6036,24.7279,25.5471,24.0066,22.1098,23.0795,0.17065,21.8205,22.0108,22.1098,22.592,24.0024,24.1449,24.7434,-9999,-9999
202307080800,202307080830,18.47,0,17.043,18.47,0,775.187,576.84,0,401.86,576.84,0,329.31,0,324.92,329.31,0,339.122,0,327.921,339.122,0,7.336,0,5.496,7.336,0,100.95,100.828,100.95,0,0,0,0,0,2.11,1.138,2.11,0,301.2,0.459,65.5,454.35,1162,222.17,26.49,51.84,412.26,407.14,0,12.62,12.56,12.52,12.2,11.18,9.96,0,0,0,0,0,0,17.94,20.915,26.758,23.805,10.919,0,3,3,3,3,1.54,0,188.38,0,244.244,201.14,340.28,36.9629,2,45,109.567,130.68,0,169.433,139.531,236.054,30.2933,2,5,77.6997,460,1,0,-15.5636,-15.4492,1,1,2.80661,2.58788,2,2,54,46,3.1372,2.58851,-15.5636,-15.4492,1,1,2.75405,2.58788,2,2,53,46,3.09028,2.58851,-14.7821,-15.479,1,1,0.199587,0.0709304,-15.5636,-15.5636,-15.5636,-15.5325,-12.76,-12.76,-12.76,-15.794,-15.5636,-15.5636,-15.5567,-15.5325,-15.4492,-15.4492,1,1,1,1,0,0,0,1,1,1,1,1,1,1,8.05233,7.99575,9.79725,0.375654,7.20881,7.36375,7.51652,7.99575,12.2274,12.3219,12.398,12.2999,12.3903,10.9056,0.321975,7.23698,7.60932,7.99575,12.1772,12.2999,12.3616,12.398,23.5015,23.445,25.2763,0.369149,22.7781,23.0028,23.0497,23.5,27.7845,27.8855,27.9616,27.9616,27.9539,25.6877,0.33973,22.5215,23.0497,23.3535,25.0711,27.7829,27.9252,27.9616,7.33059,6.50998,7.98049,0.167492,6.49857,6.84455,7.05716,7.85927,8.64873,9.16788,9.44939,7.00783,7.064,7.88045,0.155667,6.56755,6.84455,6.90076,7.80076,8.64873,8.9513,9.29487,23.4936,23.374,24.591,0.220416,22.855,22.9325,23.2765,24.7068,25.8229,25.9312,26.9118,24.8476,22.9325,23.9951,0.192852,22.6476,22.8561,22.9325,23.4037,24.843,25.3395,25.9474,-9999,-9999
202307080830,202307080900,19.16,0,17.905,19.16,0,848.87,642.18,0,439.999,642.18,0,332.46,0,324.92,332.46,0,338.641,0,327.921,338.641,0,8.809,0,6.62,8.809,0,100.95,100.825,100.95,0,0,0,0,0,2.05,1.304,2.05,0,300.4,0.495,60.32,508.31,1291.22,231.41,28.89,56.45,416.53,406.2,0,12.67,12.57,12.51,12.2,11.18,9.96,0,0,0,0,0,0,17.87,20.893,26.741,23.796,10.913,0,3,3,3,3,2.33,0,172.75,0,223.979,184.451,312.047,35.7705,2,48,101.124,180.89,0,234.533,193.142,326.751,41.3532,2,18,107.329,460,1,0,-12.35,-17.2945,0,1,2.38089,2.87716,2,2,46,45,3.43231,3.79344,-12.35,-17.2945,0,1,2.31969,2.86816,2,2,45,44,3.39015,3.78662,-14.1704,-15.7399,1,1,0.376513,0.355746,-17.2945,-17.2945,-17.2742,-12.35,-12.35,-12.35,-12.35,-17.2945,-17.2945,-17.2945,-17.1067,-12.35,-12.35,-12.35,1,1,1,0,0,0,0,1,1,1,1,0,0,0,8.23802,8.19871,10.0444,0.387292,7.34695,7.53748,7.70482,8.19871,12.583,12.6438,12.7292,12.5994,12.7197,11.177,0.331282,7.3724,7.79979,8.19871,12.4776,12.6047,12.6926,12.7292,25.5325,25.4932,25.7844,0.297384,24.366,24.6442,24.7246,25.0688,25.4548,29.4879,29.8094,25.0792,25.0697,25.3475,0.279712,22.2962,24.3914,24.7906,24.9494,25.105,25.4548,29.4879,7.43923,6.5501,8.18044,0.188317,6.54966,6.90424,7.13906,8.06724,8.91844,9.52662,9.88371,7.08244,7.14252,8.05708,0.173216,6.62131,6.90424,6.96313,8.00505,8.91844,9.2329,9.59075,24.1807,24.0491,25.4211,0.246035,23.5334,23.5863,23.9497,25.4043,26.7798,26.9443,27.951,25.5167,23.5863,24.7289,0.213156,23.313,23.5332,23.5863,24.0677,25.512,26.3192,26.9328,-9999,-9999
202307080900,202307080930,19.72,0,18.766,19.72,0,915.282,702.97,0,533.207,702.97,0,334.99,0,329.609,334.99,0,339.534,0,333.459,339.534,0,9.643,0,7.744,9.643,0,100.95,100.821,100.95,0,0,0,0,0,2.14,1.471,2.14,0,275.3,0.517,58.05,557.41,1409.65,249.38,31.06,60.94,419.95,404.47,0,12.73,12.58,12.5,12.19,11.18,9.96,0,0,0,0,0,0,17.77,20.867,26.723,23.786,10.903,0,3,3,3,3,3.48,0,160.34,0,207.889,171.2,289.63,35.0659,2,52,94.5349,202.62,0,262.707,216.344,366.003,45.2126,2,18,119.8,460,1,0,-11.36,-19.625,0,1,2.4421,3.0866,2,2,49,42,4.80015,5.15797,-11.36,-19.625,0,1,2.39616,3.04624,2,2,48,41,4.77694,5.13392,-13.6329,-16.1124,1,1,0.590943,0.654243,-19.625,-19.625,-19.625,-11.36,-11.36,-11.36,-11.36,-19.625,-19.625,-19.625,-19.625,-11.36,-11.36,-11.36,1,1,1,0,0,0,0,1,1,1,1,0,0,0,8.38977,8.36451,10.249,0.397284,7.45959,7.67891,7.8585,8.36451,12.8421,12.9195,13.0054,12.8492,12.9944,11.4026,0.339306,7.48278,7.9552,8.36451,12.7151,12.8692,12.9688,13.0054,28.0148,27.9895,26.3614,0.342522,23.8278,24.1826,24.2723,27.1093,27.5802,27.8259,28.0148,24.3654,24.3544,25.0355,0.330164,21.459,23.8175,24.0751,24.2335,27.0846,27.5189,27.9502,7.51268,6.5774,8.34896,0.207269,6.58465,6.93841,7.1943,8.25943,9.1588,9.83522,10.2529,7.13112,7.19492,8.19717,0.188963,6.65871,6.93841,6.99479,8.19364,9.1588,9.45478,9.89594,24.7231,24.5837,26.1072,0.269311,24.0728,24.1447,24.4715,25.9677,27.6015,27.8508,28.7578,26.0633,24.1186,25.3318,0.23174,23.8628,24.0728,24.1186,24.6067,26.0587,27.1483,27.8508,-9999,-9999
202307080930,202307081000,20.38,0,19.257,20.38,0,973.286,758.27,0,566.928,758.27,0,337.07,0,329.609,337.07,0,336.531,0,333.459,336.531,0,11.834,0,8.569,11.834,0,100.95,100.825,100.95,0,0,0,0,0,2.29,1.625,2.29,0,297.1,0.678,50.58,600.57,1518.94,231.02,33.09,64.18,423.87,403.87,0,12.8,12.61,12.49,12.18,11.18,9.96,0,0,0,0,0,0,17.75,20.839,26.703,23.775,10.894,0,3,3,3,3,4.21,0,217.037,1,281.399,231.738,392.045,42.8129,2,38,126.311,282.719,1,366.559,301.868,510.689,55.1527,2,12,164.329,460,1,0,-10.24,-10.24,0,0,2.47605,2.51928,2,2,35,21,4.53132,4.55509,-10.24,-10.24,0,0,2.47605,2.51928,2,2,35,21,4.53132,4.55509,-11.8614,-13.4251,0.925,0.8,0.483607,0.567201,-17.83,-17.83,-10.24,-10.24,-10.24,-10.24,-10.24,-17.83,-17.83,-17.83,-10.24,-10.24,-10.24,-10.24,1,1,0,0,0,0,0,1,1,1,0,0,0,0,8.56816,8.56009,10.4883,0.408792,7.59146,7.84571,8.03981,8.56009,13.1416,13.2735,13.3389,13.1394,13.3147,11.6657,0.348538,7.61196,8.13858,8.56009,12.9906,13.1626,13.2907,13.3274,18.8082,18.8001,23.9134,0.290632,18.8001,23.0075,23.3488,23.5789,24.6339,25.9667,26.1877,23.5674,23.5547,23.527,0.23421,20.4438,22.9273,23.1903,23.3977,23.6054,24.4912,25.9824,7.60971,6.61272,8.54837,0.229015,6.631,6.98944,7.26659,8.48059,9.4344,10.1279,10.6896,7.19855,7.26659,8.36846,0.20713,6.70802,6.98944,7.04432,8.41153,9.4344,9.72827,10.2558,21.4894,21.3725,23.6421,0.291173,21.4894,21.741,21.8684,23.3639,25.0302,25.7212,25.9694,24.6111,21.8847,23.2086,0.245866,21.4654,21.8074,21.8591,22.736,24.4248,24.63,25.7674,-9999,-9999
202307081000,202307081030,20.57,0,19.749,20.57,0,1021.89,791.94,0,647.669,791.94,0,340.69,0,333.484,340.69,0,339.166,0,338.037,339.166,0,11.777,0,9.394,11.777,0,100.95,100.829,100.95,0,0,0,0,0,2.15,1.78,2.15,0,291.1,0.572,51.39,626.86,1589.12,242.93,34.25,66.31,426.48,403.92,0,12.88,12.64,12.49,12.17,11.18,9.96,0,0,0,0,0,0,17.72,20.809,26.681,23.762,10.885,0,3,3,3,3,4.44,0,198.76,0,257.702,212.223,359.03,39.5,2,41,115.774,285.65,0,370.359,304.998,515.984,55.4072,2,13,165.926,460,1,0,-12.71,-12.71,0,0,2.31336,2.44715,2,2,47,36,2.31336,2.96174,-12.71,-12.71,0,0,2.31336,2.44715,2,2,46,36,2.31336,2.96174,-12.9602,-13.3773,0.925,0.8,0.140728,0.213718,-16.0467,-12.71,-12.71,-12.71,-12.71,-12.71,-12.71,-16.0467,-16.0467,-12.71,-12.71,-12.71,-12.71,-12.71,2,0,0,0,0,0,0,2,2,0,0,0,0,0,8.62263,8.61844,10.5692,0.413816,7.63211,7.89448,8.09356,8.61844,13.2533,13.387,13.4584,13.2456,13.4299,11.7582,0.35265,7.65177,8.19274,8.61844,13.0927,13.2697,13.4182,13.4431,21.3326,21.3284,23.9465,0.34933,20.8036,20.9027,21.2773,24.0395,25.9633,26.097,26.1684,26.1531,26.1398,24.7184,0.303785,20.8355,21.2875,23.6788,25.8027,25.9797,26.1282,26.1531,7.58626,6.60586,8.62006,0.241093,6.62163,6.97974,7.24562,8.61068,9.57827,10.2155,10.8513,7.17479,7.24562,8.40055,0.216771,6.69999,6.94902,6.99442,8.47282,9.48843,9.86007,10.414,21.7516,21.6377,24.0144,0.307512,21.7516,21.9977,22.1233,23.6767,25.5078,26.2082,26.4447,24.9114,22.1351,23.5162,0.259017,21.7207,22.0613,22.1199,22.9721,24.8824,25.1153,26.2596,-9999,-9999
202307081030,202307081100,20.89,0,20.15,20.89,0,1060.26,848.63,0,671.907,848.63,0,344.54,0,333.484,344.54,0,339.917,0,338.037,339.917,0,11.749,0,10.179,11.749,0,100.94,100.833,100.94,0,0,0,0,0,1.95,1.83,1.95,0,286.1,0.51,52.45,673.82,1705.11,278.59,36.28,70.16,429.03,404.18,0,12.97,12.68,12.49,12.17,11.18,9.96,0,0,0,0,0,0,17.69,20.778,26.658,23.749,10.875,0,3,3,3,3,5.47,0,224.22,0,290.712,239.407,405.02,44.5993,2,35,130.617,283.948,1,368.153,303.181,512.909,53.0861,2,12,164.283,461,1,0,-14.86,-14.86,0,0,2.56179,2.49275,2,2,54,46,2.56179,2.56829,-14.86,-14.86,0,0,2.47771,2.49275,2,2,53,46,2.47771,2.56829,-14.7363,-14.6436,0.85,0.675,0.0594075,0.075243,-14.86,-14.86,-14.86,-14.86,-14.86,-14.86,-13.6233,-14.86,-14.86,-14.86,-14.86,-14.86,-13.6233,-13.6233,2,2,0,0,0,0,1,2,2,2,0,0,1,1,8.71152,8.71503,10.6945,0.420714,7.69793,7.97812,8.18281,8.71152,13.4171,13.5571,13.6385,13.4035,13.6028,11.8986,0.358248,7.71624,8.28287,8.71503,13.2434,13.4292,13.5989,13.617,23.5715,23.575,25.3381,0.454698,21.9212,22.2967,22.5781,23.1429,28.2771,28.4171,28.4985,28.477,28.4628,26.6349,0.391325,22.1194,22.5762,23.1429,28.1034,28.2892,28.4589,28.477,7.59467,6.61016,8.72943,0.25633,6.62747,6.95518,7.25003,8.77239,9.76343,10.3704,11.0939,7.17587,7.25003,8.47196,0.229263,6.70775,6.93602,6.96981,8.48668,9.58042,10.0622,10.6325,22.0625,21.9493,24.4832,0.327878,22.0625,22.3373,22.485,24.044,26.0884,26.8623,27.0489,25.304,22.4759,23.9227,0.274642,22.0224,22.4333,22.4759,23.308,25.2733,25.7036,26.9433,-9999,-9999
202307081100,202307081130,21.09,0,20.552,21.09,0,1087.75,787.11,0,734.732,787.11,0,346.75,0,336.993,346.75,0,349.35,0,342.183,349.35,0,12.377,0,10.965,12.377,0,100.93,100.836,100.93,0,0,0,0,0,1.59,1.881,1.59,0,296.1,0.318,50.52,614.54,1591.17,319.84,33.76,64.58,430.54,403.65,0,13.08,12.73,12.5,12.16,11.18,9.96,0,0,0,0,0,0,17.66,20.747,26.634,23.735,10.865,0,3,3,3,3,6.68,0,210.17,0,272.636,224.405,381.056,43.9253,2,38,124.153,316.12,0,410.077,337.532,573.152,54.8262,2,14,183.066,462,1,0,-13.664,-11.475,1,1,2.47771,2.47555,2,2,53,35,2.98499,2.99159,-13.664,-11.475,1,1,2.47688,2.47555,2,2,52,35,2.9843,2.99159,-14.5681,-15.1833,0.775,0.55,0.250089,0.309822,-17.0233,-16.9933,-15.945,-13.664,-13.664,-13.664,-11.475,-17.0233,-17.0233,-16.9933,-15.945,-13.664,-13.664,-11.475,2,1,2,1,1,1,1,2,2,1,2,1,1,1,8.76877,8.77652,10.7794,0.425958,7.74051,8.03141,8.23945,8.76877,13.532,13.676,13.7638,13.5145,13.7235,11.9954,0.362539,7.75794,8.33995,8.77652,13.3499,13.5412,13.7194,13.752,20.2438,20.2515,25.9627,0.431907,20.2438,24.1857,24.3005,25.0507,27.4523,28.4888,30.5445,27.4022,27.3875,26.5635,0.323466,24.1632,24.3005,24.7812,27.0401,27.4022,28.4012,30.1244,7.57216,6.60374,8.80621,0.26918,6.61916,6.90693,7.23079,8.91093,9.91525,10.534,11.2657,7.15365,7.23079,8.5077,0.239771,6.70095,6.90101,6.92387,8.45131,9.61454,10.2234,10.7995,20.5308,20.4455,23.1168,0.335333,20.5308,20.985,21.1251,22.5622,24.7143,25.5474,25.7934,24.3511,21.1568,22.6439,0.283044,20.5306,21.0589,21.1189,22.087,24.0787,24.3511,25.5894,-9999,-9999
202307081130,202307081200,21.78,0,20.832,21.78,0,1103.87,800.39,0,745.526,800.39,0,354.97,0,336.993,354.97,0,352.66,0,342.183,352.66,0,13.363,0,11.725,13.363,0,100.93,100.833,100.93,0,0,0,0,0,1.88,1.768,1.88,0,286.2,0.815,48.79,629.32,1614.88,418.35,34.29,65.52,433.27,402.64,0,13.2,12.79,12.52,12.16,11.18,9.96,0,0,0,0,0,0,17.62,20.715,26.609,23.72,10.856,0,3,3,3,3,7.66,0,204.566,1,265.367,218.422,370.896,40.3116,2,38,120.001,301.903,1,391.634,322.352,547.375,54.2451,2,13,175.406,463,1,0,-13.04,-11.4775,1,1,2.31969,2.48799,2,2,51,36,2.8289,3.50955,-13.04,-11.4775,1,1,2.31652,2.48799,2,2,50,36,2.8263,3.50955,-12.5484,-11.8091,0.85,0.675,0.23857,0.286012,-14.788,-13.6433,-13.04,-13.04,-11.4775,-10.405,-10.27,-14.788,-14.788,-13.6433,-11.4775,-10.405,-9.8375,-9.8375,1,1,1,1,1,1,2,1,1,1,1,1,2,2,8.95574,8.98234,11.0317,0.438283,7.87773,8.21284,8.4301,8.95574,13.858,14.0084,14.1358,13.8203,14.0623,12.2728,0.372448,7.89224,8.53277,8.98234,13.6396,13.8504,14.0577,14.1287,20.4332,20.4598,22.8408,0.703802,17.7152,18.1547,18.8435,19.4672,27.1758,27.7612,28.6769,27.1189,27.1023,24.8212,0.581403,17.7297,18.9448,19.3441,26.7039,27.1189,27.6519,28.2295,7.67008,6.63904,9.0256,0.293709,6.66786,6.95885,7.30733,9.16405,10.2229,10.9113,11.7459,7.22517,7.30733,8.69257,0.260332,6.75334,6.95202,6.9742,8.60282,9.88586,10.5709,11.1948,18.8097,18.7459,21.7652,0.363132,18.8097,19.6114,19.8077,21.3205,23.4135,24.4322,24.7129,23.5212,19.8295,21.4044,0.305341,18.8482,19.7172,19.7688,21.0045,22.6852,23.5137,24.476,-9999,-9999
202307081200,202307081230,22.03,0,21.112,22.03,0,1108.36,873.81,0,787.38,873.81,0,350.3,0,340.431,350.3,0,342.671,0,346.244,342.671,0,14.44,0,12.486,14.44,0,100.92,100.831,100.92,0,0,0,0,0,1.94,1.655,1.94,0,297.4,0.544,45.5,679.37,1762.52,323.73,37.45,72.66,436.45,402.8,0,13.32,12.87,12.54,12.16,11.18,9.96,0,0,0,0,0,0,17.61,20.683,26.583,23.705,10.847,0,3,3,3,3,8.77,0,189.25,0,245.499,202.348,343.126,38.1534,2,44,111.113,346.27,0,449.188,370.235,627.817,54.2451,2,11,198.499,464,1,0,-13.91,-13.91,0,0,2.6222,2.74866,2,2,52,44,2.6497,2.7749,-13.91,-13.91,0,0,2.59854,2.74866,2,2,51,44,2.62628,2.7749,-14.0731,-14.2553,1,1,0.0684521,0.0897235,-15.65,-14.6714,-13.91,-13.91,-13.91,-13.91,-13.91,-15.65,-14.6714,-14.6714,-13.91,-13.91,-13.91,-13.91,1,1,0,0,0,0,0,1,1,1,0,0,0,0,9.02641,9.05888,11.1345,0.444364,7.92991,8.27938,8.50067,9.02641,14.0032,14.1505,14.2834,13.9523,14.2067,12.389,0.37741,7.94331,8.60395,9.05888,13.7658,13.987,14.2019,14.2761,22.9364,22.9689,25.3898,0.393379,22.5321,22.7382,22.9364,23.9294,27.9132,28.0605,28.1934,28.1341,28.1167,26.4622,0.335149,22.6147,23.1735,23.8913,27.6758,27.897,28.1119,28.1861,7.65765,6.6362,9.12044,0.308413,6.66514,6.93172,7.2976,9.29182,10.3979,11.1033,11.9557,7.21205,7.2976,8.74471,0.27255,6.75255,6.92127,6.94084,8.58091,9.94412,10.7581,11.3917,17.2309,17.1846,20.6514,0.406255,17.2309,18.1307,18.585,20.1418,22.3824,23.6513,23.9533,22.9391,18.671,20.3733,0.339906,17.3027,18.5003,18.585,20.0883,21.6509,22.9022,23.6877,-9999,-9999
202307081230,202307081300,22.23,0,21.323,22.23,0,1101.14,839.43,0,782.133,839.43,0,349.15,0,340.431,349.15,0,342.025,0,346.244,342.025,0,15.834,0,12.737,15.834,0,100.91,100.827,100.91,0,0,0,0,0,2.25,1.674,2.25,0,330.4,0.594,40.96,645.32,1698.77,299.17,35.67,68.94,437.77,403.72,0,13.44,12.96,12.56,12.16,11.18,9.96,0,0,0,0,0,0,17.59,20.649,26.557,23.691,10.838,0,3,3,3,3,9.23,0,198.723,1,257.788,212.477,360.302,39.8734,2,40,116.61,339.89,0,440.911,363.414,616.249,54.2451,2,11,195.117,465,1,0,-8.1,-8.1,0,0,2.58409,2.55169,2,2,23,14,2.58409,2.64355,-8.1,-8.1,0,0,2.58409,2.55169,2,2,23,14,2.58409,2.64355,-8.12154,-8.15742,0.85,0.7,0.0506412,0.174756,-8.565,-8.1,-8.1,-8.1,-8.1,-8.1,-8.1,-8.565,-8.565,-8.1,-8.1,-8.1,-7.18333,-7.18333,2,0,0,0,0,0,0,2,2,0,0,0,2,2,9.0839,9.12076,11.2205,0.44976,7.97244,8.33288,8.55762,9.0839,14.1268,14.2713,14.4087,14.0648,14.3294,12.4872,0.38183,7.98493,8.66132,9.12076,13.8737,14.1042,14.3244,14.4011,17.1839,17.2208,19.3779,0.475743,15.1558,15.6245,16.9861,17.2263,22.2569,22.4294,22.5498,22.4474,22.4294,20.6088,0.38081,15.1683,17.1482,17.6937,21.9737,22.2042,22.4244,22.5011,7.63216,6.62892,9.20183,0.322179,6.65658,6.89532,7.27801,9.41587,10.5595,11.2756,12.1357,7.18922,7.27801,8.78192,0.28407,6.74577,6.86675,6.8975,8.53779,9.97778,10.9286,11.5673,14.9927,14.9742,18.702,0.433767,14.965,16.1751,16.5688,18.2117,20.4581,21.8163,22.2253,21.6015,16.7228,18.5132,0.367413,15.1086,16.4872,16.561,18.2531,19.8983,21.5625,21.9572,-9999,-9999
202307081300,202307081330,22.51,0,21.535,22.51,0,1082.34,830.95,0,800.84,830.95,0,346.9,0,343.793,346.9,0,338.225,0,350.215,338.225,0,17.244,0,12.989,17.244,0,100.91,100.822,100.91,0,0,0,0,0,2.17,1.693,2.17,0,327,0.427,36.79,626.28,1686.69,258.97,35.68,70.86,439.57,403.87,0,13.55,13.04,12.6,12.16,11.18,9.96,0,0,0,0,0,0,17.57,20.617,26.53,23.676,10.829,0,3,3,3,3,9.13,0,151.85,0,197.606,162.359,275.317,34.5048,2,55,90.5649,296.23,0,385.492,316.732,537.09,52.9671,2,14,171.722,466,1,0,-9.42,-10.155,0,1,2.35953,2.65624,2,2,29,22,2.38798,2.69003,-9.42,-10.155,0,1,2.35953,2.65624,2,2,29,22,2.38798,2.69003,-9.57451,-9.6123,0.925,0.825,0.0728944,0.121181,-10.155,-10.155,-10.155,-9.42,-9.42,-9.42,-9.305,-10.155,-10.155,-10.155,-9.708,-9.305,-9.305,-8.16,1,1,1,0,0,0,1,1,1,1,1,1,1,2,9.16264,9.20636,11.3341,0.456363,8.03038,8.40738,8.63657,9.16264,14.2866,14.4276,14.5714,14.2097,14.4884,12.6153,0.387211,8.04161,8.74098,9.20636,14.012,14.2629,14.4832,14.5634,19.3176,19.3614,20.9464,0.509073,16.1904,16.6777,17.9431,19.3614,24.009,24.2698,24.5592,23.9272,23.9084,22.1898,0.407876,16.2016,18.3302,19.3614,23.4949,23.9621,24.009,24.4179,7.62538,6.62812,9.30816,0.338166,6.65721,6.87248,7.27401,9.53005,10.75,11.4859,12.3693,7.18153,7.27401,8.8441,0.297547,6.71652,6.82635,6.87288,8.54425,10.0504,11.0924,11.7832,13.0542,13.058,17.0417,0.463808,13.0424,14.4622,14.7473,16.5158,18.8699,20.3521,20.787,20.4609,14.998,16.8932,0.397971,13.2025,14.6381,14.7514,16.5292,18.5646,20.3198,20.5159,-9999,-9999
202307081330,202307081400,22.97,0,21.818,22.97,0,1052.26,822.21,0,778.444,822.21,0,347.01,0,343.793,347.01,0,336.797,0,350.215,336.797,0,18.404,0,13.515,18.404,0,100.91,100.815,100.91,0,0,0,0,0,2.07,1.749,2.07,0,347,0.678,34.39,614.08,1671.81,232.8,34.89,70.53,441.71,404.08,0,13.64,13.11,12.63,12.17,11.18,9.96,0,0,0,0,0,0,17.53,20.585,26.503,23.662,10.821,0,3,3,3,3,9.06,0,195.74,0,253.917,209.287,354.893,39.5,2,43,114.937,366.56,0,475.508,391.929,664.604,54.2451,2,11,209.283,467,1,0,-6.84,-7.185,0,1,2.26288,2.30813,2,2,12,7,2.32093,2.36241,-6.84,-7.185,0,1,2.26288,2.30813,2,2,12,7,2.32093,2.36241,-7.19804,-7.51755,0.85,0.675,0.0864599,0.122309,-8.192,-7.87167,-7.43,-7.185,-6.84,-6.84,-6.84,-8.192,-8.192,-7.87167,-7.185,-7.185,-7.185,-6.84,2,2,1,1,0,0,0,2,2,2,1,1,1,0,9.28917,9.34535,11.51,0.465677,8.12288,8.52916,8.76505,9.29936,14.5275,14.6637,14.818,14.427,14.729,12.8106,0.394753,8.13209,8.8708,9.34535,14.2182,14.5021,14.7233,14.8095,16.4742,16.5303,19.0276,0.41469,16.0765,16.3254,16.4742,16.8333,21.658,21.836,22.0968,21.5891,21.569,20.0086,0.345433,16.2695,16.5303,17.8817,21.1067,21.569,21.6871,22.0968,7.66105,6.64188,9.47041,0.359024,6.67845,6.88029,7.30513,9.69724,11.0044,11.7813,12.724,7.208,7.30513,8.96263,0.315152,6.70298,6.81813,6.88066,8.59428,10.2409,11.3143,12.0897,11.6269,11.6475,15.8168,0.487968,11.6269,13.1822,13.3727,15.2388,17.7404,19.2593,19.7307,19.5905,13.6699,15.6628,0.423263,11.7947,13.2248,13.3727,15.2388,17.5044,19.2417,19.5905,-9999,-9999
202307081400,202307081430,23.17,0,22.1,23.17,0,1011.44,781.13,0,711.99,781.13,0,347.19,0,360.728,347.19,0,337.597,0,370.22,337.597,0,18.963,0,14.04,18.963,0,100.89,100.808,100.89,0,0,0,0,0,1.96,1.806,1.96,0,319.4,0.58,33.21,575.44,1595.13,224.36,33.32,68.52,442.45,404.53,0,13.73,13.19,12.67,12.17,11.18,9.96,0,0,0,0,0,0,17.52,20.553,26.474,23.648,10.813,0,3,3,3,3,9.33,0,192.74,0,250.026,206.23,349.454,38.6683,2,43,112.993,357.03,0,463.146,382.019,647.326,54.8262,2,10,204.168,468,1,0,-6.27,-6.27,0,0,2.35953,2.30813,2,2,11,7,2.35953,2.42539,-6.27,-6.27,0,0,2.35953,2.30813,2,2,11,7,2.35953,2.42539,-6.372,-6.73741,0.925,0.85,0.0579237,0.252889,-7.76,-6.27,-6.27,-6.27,-6.27,-6.27,-6.27,-7.76,-7.76,-6.27,-6.27,-6.27,-6.27,-6.27,2,0,0,0,0,0,0,2,2,0,0,0,0,0,9.34685,9.40754,11.5969,0.471205,8.16537,8.58281,8.82224,9.36099,14.653,14.7862,14.9452,14.5409,14.8534,12.9099,0.399284,8.17365,8.92841,9.40754,14.3273,14.6268,14.8476,14.9364,15.6168,15.6775,18.3343,0.458844,15.0292,15.1984,15.4695,16.457,20.9516,21.1234,21.3238,21.1442,21.1234,19.2819,0.372166,15.1142,15.631,15.9337,20.5973,20.8968,21.1176,21.2064,7.63293,6.63388,9.55599,0.373625,6.66972,6.86798,7.28538,9.7928,11.1749,11.9614,12.9112,7.18475,7.28538,9.0012,0.327633,6.64175,6.76634,6.84275,8.54385,10.3517,11.4154,12.2729,10.9344,10.966,15.1803,0.496449,10.9344,12.5172,12.6531,14.6046,17.1737,18.6634,19.151,19.0672,12.9537,14.9944,0.433329,11.1092,12.5366,12.6405,14.6046,16.8679,18.6394,19.0672,-9999,-9999
202307081430,202307081500,23.26,0,22.238,23.26,0,960.559,712.66,0,676.011,712.66,0,346.98,0,360.728,346.98,0,340.672,0,370.22,340.672,0,19.361,0,14.289,19.361,0,100.89,100.797,100.89,0,0,0,0,0,2.12,1.845,2.12,0,341.4,0.631,32.18,523.83,1458.71,238.63,31.99,65.18,442.69,404.63,0,13.83,13.26,12.71,12.18,11.18,9.96,0,0,0,0,0,0,17.5,20.523,26.447,23.634,10.807,0,3,3,3,3,9.71,0,197.98,0,256.823,211.837,358.955,39.6771,2,39,116.05,353.27,0,458.268,377.995,640.508,54.8262,2,10,202.174,469,1,0,-2.625,-6.47,1,2,2.12657,2.30813,2,2,20,7,2.86676,3.00391,-2.625,-6.47,1,2,2.12657,2.30813,2,2,20,7,2.86676,3.00391,-4.72506,-6.33149,0.55,0.225,0.453222,0.484721,-6.47,-6.47,-6.47,-2.625,-2.625,-2.625,-2.625,-17.9373,-6.47,-6.47,-6.47,-6.47,-2.625,-2.625,2,2,2,1,1,1,1,1,2,2,2,2,1,1,9.37538,9.43717,11.646,0.475116,8.18675,8.6076,8.84921,9.3902,14.7294,14.8604,15.0216,14.611,14.9286,12.9685,0.402528,8.19457,8.95542,9.43717,14.3953,14.7028,14.9227,15.0127,15.8454,15.9072,17.9775,0.520076,14.1367,15.2039,15.4225,17.0177,21.1409,21.2756,21.8643,17.5746,17.5536,17.6936,0.421307,13.8458,15.3413,15.8602,17.0907,17.6466,21.1409,21.4397,7.57796,6.61677,9.60875,0.385577,6.64837,6.85018,7.2441,9.85768,11.3092,12.0921,13.0265,7.14046,7.2441,9.00572,0.338027,6.56178,6.74648,6.78561,8.45115,10.4011,11.4648,12.4033,10.4041,10.4454,14.6145,0.49416,10.4041,11.8669,12.0436,14.0919,16.6384,18.0604,18.5681,18.5236,12.3497,14.4011,0.433925,10.5826,11.8858,12.0389,13.9634,16.2702,18.0058,18.5236,-9999,-9999
202307081500,202307081530,23.15,0,22.376,23.15,0,900.498,680.6,0,680.687,680.6,0,345.81,0,354.291,345.81,0,337.786,0,362.616,337.786,0,19.266,0,14.538,19.266,0,100.88,100.786,100.88,0,0,0,0,0,2.45,1.884,2.45,0,343,0.703,32.06,465.07,1398.99,207.39,30.77,63.18,442.09,405.04,0,13.93,13.34,12.75,12.19,11.18,9.96,0,0,0,0,0,0,17.48,20.495,26.421,23.619,10.801,0,3,3,3,3,10.43,0,205.13,0,266.098,219.487,371.918,40.3116,2,38,119.971,332.13,0,430.845,355.376,602.18,54.8262,2,10,190.992,469,1,0,-3.36,-3.36,0,0,2.45351,2.74878,2,2,14,2,2.45351,2.74878,-3.36,-3.36,0,0,2.45351,2.74878,2,2,14,2,2.45351,2.74878,-3.73632,-4.11265,1,1,0.376325,0.525336,-3.36,-3.36,-3.36,-3.36,-3.36,-3.36,-3.36,-18.413,-3.36,-3.36,-3.36,-3.36,-3.36,-3.36,0,0,0,0,0,0,0,1,0,0,0,0,0,0,9.35085,9.40753,11.6261,0.476032,8.16971,8.57988,8.82118,9.36041,14.7158,14.8462,15.0049,14.6007,14.9133,12.9527,0.403385,8.17793,8.92673,9.40753,14.3879,14.6896,14.9075,14.9961,12.7108,12.7675,15.7387,0.620111,11.5297,12.0685,12.2839,17.6125,18.152,18.2941,18.742,18.2941,18.2733,16.689,0.468085,11.5379,12.3078,14.4987,17.7671,18.2012,18.2733,18.3649,7.47548,6.58339,9.59988,0.39243,6.56355,6.8119,7.16374,9.86431,11.3735,12.1293,13.0081,7.05813,7.16374,8.94779,0.344338,6.44632,6.65738,6.70264,8.28541,10.4811,11.4184,12.4342,10.436,10.4835,14.6347,0.495922,10.436,11.7873,11.9867,14.1568,16.7196,18.0949,18.5973,18.4801,12.2989,14.3691,0.435817,10.6127,11.8057,11.9867,13.8226,16.1671,18.0328,18.4801,-9999,-9999
202307081530,202307081600,22.96,0,22.437,22.96,0,832.283,610.89,0,628.91,610.89,0,344.47,0,354.291,344.47,0,338.604,0,362.616,338.604,0,19.201,0,14.606,19.201,0,100.87,100.777,100.87,0,0,0,0,0,2.68,1.922,2.68,0,332.3,0.66,31.51,416.67,1260.23,200.99,28.59,58.96,440.17,405.39,0,14.02,13.41,12.79,12.21,11.18,9.96,0,0,0,0,0,0,17.46,20.469,26.395,23.606,10.795,0,3,3,3,3,10.12,0,176.15,0,228.505,188.479,319.375,36.8124,2,50,103.78,305.85,0,396.754,327.257,554.532,54.2451,2,13,176.994,469,1,0,-6.66,-6.66,0,0,2.26288,2.30813,2,2,12,7,2.26288,2.30813,-6.66,-6.66,0,0,2.26288,2.30813,2,2,12,7,2.26288,2.30813,-6.66,-6.8401,1,1,0.000000000000000284445,0.1801,-6.66,-6.66,-6.66,-6.66,-6.66,-6.66,-6.66,-6.66,-6.66,-6.66,-6.66,-6.66,-6.66,-6.66,0,0,0,0,0,0,0,0,0,0,0,0,0,0,9.30504,9.35415,11.5783,0.475726,8.13724,8.53115,8.77113,9.30699,14.6658,14.7962,14.9507,14.5579,14.8615,12.9068,0.403269,8.14622,8.87576,9.35415,14.35,14.6404,14.8559,14.9421,15.965,16.0142,18.4184,0.479998,14.7972,15.3128,15.4327,16.0142,21.3539,21.5215,21.7053,21.5417,21.5215,19.5668,0.403269,14.8062,15.5358,16.0142,21.01,21.3004,21.5159,21.6021,7.35467,6.54359,9.56556,0.397276,6.52364,6.6946,7.06781,9.84645,11.391,12.1276,12.9356,6.9607,7.06781,8.86479,0.349119,6.31804,6.5425,6.6491,8.11273,10.4239,11.3681,12.4238,10.3573,10.4119,14.4277,0.483575,10.3573,11.5558,11.7731,14.0613,16.5077,17.7871,18.3004,18.1591,12.0891,14.1311,0.426596,10.5326,11.5735,11.7731,13.5109,15.9731,17.6833,18.1591,-9999,-9999
202307081600,202307081630,22.89,0,22.499,22.89,0,757.081,551.39,0,611.827,551.39,0,345.46,0,346.927,345.46,0,338.904,0,353.917,338.904,0,19.128,0,14.675,19.128,0,100.84,100.768,100.84,0,0,0,0,0,2.51,1.96,2.51,0,311.4,0.458,31.48,364.47,1138.97,225.05,26.63,56.08,439.52,405.5,0,14.08,13.47,12.84,12.22,11.18,9.96,0,0,0,0,0,0,17.45,20.445,26.37,23.593,10.789,0,3,3,3,3,11.1,0,108.01,0,140.113,115.57,195.831,36.2977,2,46,69.6952,181.58,0,235.549,194.289,329.22,45.0063,2,19,109.682,469,1,0,-6.3,-14.9104,0,1,2.35953,2.8315,2,2,11,45,4.81758,5.15287,-6.3,-14.9104,0,1,2.35953,2.8315,2,2,11,45,4.81758,5.15287,-8.71014,-11.1636,0.925,0.875,0.642831,0.717138,-14.9195,-14.7004,-14.7004,-6.3,-6.3,-6.3,-4.445,-15.0173,-14.9104,-14.7417,-14.7004,-6.3,-6.3,-4.445,1,1,1,0,0,0,2,1,1,1,1,0,0,2,9.29106,9.33634,11.572,0.477212,8.12783,8.51393,8.75409,9.29106,14.6698,14.7993,14.9523,14.5633,14.8639,12.9056,0.404581,8.13703,8.8582,9.33634,14.3573,14.6446,14.8584,14.9438,24.2015,24.2467,22.7356,0.412955,18.6579,20.6548,21.0463,23.1451,23.5789,23.9602,29.555,21.184,21.1639,21.6157,0.401864,17.4519,19.6179,20.6573,21.0914,23.1451,23.5586,24.2467,7.26243,6.51356,9.56811,0.405332,6.49347,6.59751,6.99533,9.86344,11.4672,12.1817,12.9431,6.88611,6.99533,8.81922,0.356644,6.21045,6.49347,6.60996,8.04661,10.513,11.3412,12.4729,10.2803,10.3416,14.2175,0.471134,10.2803,11.3249,11.5589,13.9621,16.2883,17.4739,18.0112,17.8341,11.8782,13.8911,0.417338,10.454,11.3419,11.5589,13.2002,15.7717,17.3327,17.8341,-9999,-9999
202307081630,202307081700,22.89,0,22.442,22.89,0,676.177,488.75,0,546.161,488.75,0,343.4,0,346.927,343.4,0,339.16,0,353.917,339.16,0,19.237,0,14.635,19.237,0,100.82,100.76,100.82,0,0,0,0,0,2.05,1.94,2.05,0,331.4,0.517,31.09,305.49,1012.83,186.26,24.47,51.92,439.11,405.9,0,14.13,13.53,12.88,12.24,11.19,9.96,0,0,0,0,0,0,17.43,20.425,26.349,23.58,10.784,0,3,3,3,3,10.61,0,142.87,0,185.334,152.87,259.035,34.5048,2,61,85.9315,217.44,2,282.067,232.659,394.237,50.0524,2,18,129.814,469,1,0,-6.39,-13.6529,0,1,2.16623,2.7932,2,2,13,45,4.10682,4.48852,-6.39,-13.6529,0,1,2.16623,2.7932,2,2,13,45,4.10682,4.48852,-8.48389,-10.569,0.925,0.875,0.514159,0.549535,-13.6529,-13.3681,-13.2265,-6.39,-6.39,-6.39,-6.32333,-13.6529,-13.4171,-13.37,-13.2265,-6.39,-6.39,-6.32333,1,1,1,0,0,0,2,1,1,1,1,0,0,2,9.29568,9.33927,11.5899,0.479756,8.13189,8.51508,8.75629,9.29568,14.7054,14.8334,14.9865,14.597,14.8981,12.9305,0.406735,8.14103,8.86013,9.33927,14.3911,14.6802,14.8926,14.978,22.9486,22.9922,22.1588,0.305333,20.5701,20.987,21.2161,21.7,22.2282,22.5534,28.3331,21.3082,21.2881,21.4144,0.309859,17.5566,20.5514,20.7811,21.2136,21.549,22.2282,22.9922,7.18657,6.48921,9.59248,0.415304,6.42385,6.51371,6.9365,9.90123,11.5686,12.2691,12.9974,6.82478,6.9365,8.79551,0.365834,6.11454,6.42243,6.57925,7.99956,10.6237,11.3481,12.5573,9.99225,10.0607,13.7671,0.455104,9.99225,10.8805,11.13,13.6311,15.801,16.8844,17.4579,17.2876,11.4543,13.4252,0.405655,10.1657,10.8967,11.13,12.6876,15.305,16.6995,17.2876,-9999,-9999
202307081700,202307081730,22.81,0,22.386,22.81,0,590.957,408.1,0,500.917,408.1,0,341.96,0,346.043,341.96,0,346.482,0,352.872,346.482,0,18.721,0,14.595,18.721,0,100.82,100.753,100.82,0,0,0,0,0,2.06,1.919,2.06,0,305.2,0.547,32.61,234.69,849.13,172.82,21.4,45.68,437.31,405.33,0,14.16,13.57,12.93,12.25,11.19,9.97,0,0,0,0,0,0,17.42,20.407,26.327,23.569,10.779,0,3,3,3,3,8.87,0,103.53,0,134.301,110.776,187.709,35.3907,2,46,67.1181,173.44,0,224.99,185.579,314.461,45.2126,2,18,105.697,469,1,0,-3.21,-3.21,0,0,2.7036,3.58888,2,2,15,3,5.95587,6.46238,-3.21,-3.21,0,0,2.7036,3.58888,2,2,15,3,5.95587,6.46238,-5.6175,-8.00532,1,1,0.715611,0.849094,-14.0504,-13.8238,-3.21,-3.21,-3.21,-3.21,-3.21,-14.0504,-13.9585,-13.8238,-3.21,-3.21,-3.21,-3.21,1,1,0,0,0,0,0,1,1,1,0,0,0,0,9.27902,9.31848,11.58,0.481076,8.12052,8.49523,8.73649,9.27902,14.7046,14.8318,14.9832,14.5981,14.8958,12.9253,0.407915,8.12994,8.83977,9.31848,14.3944,14.6797,14.8903,14.9748,12.489,12.5285,19.5853,0.48215,12.489,17.4637,17.863,18.1932,22.4563,22.8875,23.0246,18.1256,18.1058,18.5428,0.395565,14.3368,17.237,17.5425,17.863,18.1932,22.035,22.9102,7.09243,6.45844,9.59135,0.423236,6.33801,6.43833,6.86211,9.91447,11.6399,12.3175,12.9976,6.74837,6.86211,8.74672,0.373435,6.00587,6.33666,6.53885,7.93083,10.7079,11.3159,12.6004,10.1558,10.2306,13.5583,0.417453,10.1558,10.7798,11.035,13.6548,15.4735,16.3796,16.9824,16.7878,11.3453,13.2027,0.375358,10.3241,10.7947,11.0313,12.4381,14.954,16.1369,16.7878,-9999,-9999
202307081730,202307081800,22.61,0,22.23,22.61,0,502.879,329.47,0,425.87,329.47,0,340.51,0,346.043,340.51,0,351.806,0,352.872,351.806,0,18.562,0,14.361,18.562,0,100.82,100.737,100.82,0,0,0,0,0,1.98,1.905,1.98,0,318.9,0.58,32.37,166.86,686.83,164.45,18.27,39.36,435.55,405.53,0,14.19,13.61,12.97,12.27,11.19,9.97,0,0,0,0,0,0,17.4,20.392,26.309,23.559,10.775,0,3,3,3,3,8.52,0,112.11,0,145.431,119.957,203.265,36.9958,2,54,71.9892,133.38,0,173.023,142.715,241.829,30.2933,2,5,79.4723,469,1,0,-0.69,-0.69,0,0,2.01124,1.90868,2,2,19,7,5.24775,5.27473,-0.69,-0.69,0,0,2.01124,1.90868,2,2,19,7,5.24775,5.27473,-2.16099,-3.63911,1,1,0.560721,0.7214,-10.5246,-10.3841,-0.69,-0.69,-0.69,-0.69,-0.69,-10.5246,-10.5246,-10.497,-0.69,-0.69,-0.69,-0.69,1,1,0,0,0,0,0,1,1,1,0,0,0,0,9.23039,9.26209,11.5281,0.480537,8.08595,8.44387,8.68366,9.23039,14.6489,14.7762,14.9231,14.5502,14.8383,12.8749,0.407615,8.09616,8.78599,9.26209,14.3516,14.6247,14.833,14.9149,9.92039,9.95209,15.1673,0.532197,9.47599,9.87965,14.8876,15.4149,18.6105,18.9594,19.2083,15.5475,15.5283,15.0359,0.384331,9.69054,11.7998,14.8696,15.2402,15.5475,15.6838,19.2098,6.9714,6.41808,9.55141,0.428031,6.23252,6.3976,6.78385,9.89003,11.6645,12.3061,12.9163,6.64945,6.76447,8.66031,0.378539,5.87875,6.2313,6.48381,7.82974,10.7506,11.2248,12.5804,9.8588,9.94041,12.8419,0.374796,9.8588,10.2968,10.4836,13.1646,14.6036,15.312,15.9455,15.8239,10.773,12.4964,0.341894,10.0247,10.2275,10.466,11.7303,14.0707,15.0377,15.8239,-9999,-9999
202307081800,202307081830,22.29,0,22.074,22.29,0,413.45,245.88,0,369.229,245.88,0,338.79,0,344.895,338.79,0,365.02,0,351.517,365.02,0,18.054,0,14.127,18.054,0,100.82,100.72,100.82,0,0,0,0,0,2.21,1.891,2.21,0,295.5,0.472,32.93,97.53,515.19,146.44,14.59,32.32,432.72,405.62,0,14.21,13.65,13.01,12.29,11.19,9.97,0,0,0,0,0,0,17.39,20.379,26.292,23.549,10.771,0,3,3,3,3,8.18,0,69.52,0,90.1826,74.3857,126.046,27.8757,2,43,47.3662,66.42,0,86.1612,71.0688,120.425,26.1614,2,6,44.9784,469,1,0,-2.68,-8.3072,0,1,2.20343,2.55169,2,2,19,14,3.57372,3.81908,-2.68,-8.3072,0,1,2.20343,2.55169,2,2,19,14,3.57372,3.81908,-4.49581,-6.28596,1,1,0.419234,0.424286,-8.39346,-8.3072,-8.11364,-2.68,-2.68,-2.68,-2.68,-8.39346,-8.36304,-8.3072,-8.11364,-2.68,-2.68,-2.68,1,1,1,0,0,0,0,1,1,1,1,0,0,0,9.14974,9.17013,11.4343,0.478118,8.02806,8.36103,8.59784,9.14974,14.538,14.6664,14.806,14.4528,14.7254,12.7788,0.40582,8.03957,8.69881,9.17013,14.2624,14.515,14.7203,14.7983,17.4569,17.4773,17.7203,0.315776,16.0862,16.3525,16.7115,17.1794,17.4296,17.486,22.8222,17.4237,17.4054,17.2746,0.287902,13.7142,16.1532,16.76,17.0803,17.4003,17.4357,22.5812,6.82422,6.36814,9.47204,0.429688,6.10773,6.34758,6.66197,9.82686,11.6408,12.2339,12.8071,6.52819,6.6437,8.53638,0.381123,5.73406,6.10672,6.414,7.68448,10.7495,11.0747,12.4964,9.54623,9.63429,11.8974,0.312731,9.51592,9.75403,9.83406,12.3847,13.4246,13.8579,14.4991,14.4991,10.0493,11.5698,0.292776,9.4434,9.64515,9.759,10.842,12.8034,13.7862,14.4991,-9999,-9999
202307081830,202307081900,21.93,0,21.741,21.93,0,324.199,172.96,0,288.954,172.96,0,337.58,0,344.895,337.58,0,382.103,0,351.517,382.103,0,17.372,0,13.675,17.372,0,100.82,100.721,100.82,0,0,0,0,0,2.23,1.846,2.23,0,299.4,0.466,34.03,39.69,366.4,132.55,11.2,25.09,429.71,405.87,0,14.22,13.68,13.04,12.31,11.19,9.97,0,0,0,0,0,0,17.38,20.369,26.277,23.541,10.769,0,3,3,3,3,7.77,0,67.54,0,87.6141,72.2671,122.456,26.8691,2,43,45.8924,28.02,0,36.3481,29.9811,50.8026,25.3786,2,6,29.7037,469,1,0,-2.84,-4.79769,0,1,2.20343,1.89462,2,2,19,4,2.41107,2.23151,-2.84,-4.79769,0,1,2.20343,1.89462,2,2,19,4,2.41107,2.23151,-3.55467,-4.18885,1,1,0.157424,0.154132,-5.22929,-4.79769,-4.68545,-2.84,-2.84,-2.84,-2.84,-5.22929,-5.198,-4.80333,-4.68545,-2.84,-2.84,-2.84,1,1,1,0,0,0,0,1,1,1,1,0,0,0,9.05835,9.06637,11.3262,0.475043,7.96225,8.26773,8.50107,9.05835,14.4081,14.538,14.6695,14.3384,14.5936,12.6673,0.403505,7.97523,8.60055,9.06637,14.157,14.3865,14.5888,14.6622,13.856,13.8641,15.5151,0.383161,12.6628,13.1602,13.2837,13.856,17.4336,17.9129,19.2086,17.4508,17.4336,16.2219,0.314836,13.1602,13.3034,13.8027,17.0412,17.418,17.4589,19.1925,6.66943,6.31503,9.37865,0.430338,5.9771,6.29442,6.53244,9.74922,11.5982,12.1396,12.7064,6.39979,6.51547,8.40015,0.382917,5.58485,5.9763,6.33907,7.45023,10.7304,10.9049,12.3893,8.93588,9.02882,10.5627,0.244713,8.59971,8.78634,8.97624,10.7276,11.8149,12.0884,12.735,12.735,8.97624,10.2574,0.238698,8.42361,8.70285,8.87684,9.78718,11.3717,12.0884,12.735,-9999,-9999
202307081900,202307081930,21.54,0,21.408,21.54,0,236.655,102.11,0,241.383,102.11,0,336.7,0,342.326,336.7,0,395.034,0,348.482,395.034,0,16.166,0,13.223,16.166,0,100.83,100.722,100.83,0,0,0,0,0,1.27,1.801,1.27,0,311.6,0.273,37.13,-1.64,256.36,118.09,8.34,20.07,426.72,406.19,0,14.22,13.7,13.08,12.33,11.19,9.97,0,0,0,0,0,0,17.36,20.36,26.265,23.533,10.766,0,3,3,3,3,7.47,0,30.4775,1,39.536,32.6106,55.2583,15.7651,2,69,23.0302,5.69,0,7.38117,6.08825,10.3165,23.085,2,23,23.2968,469,1,0,-0.0566667,1.37333,2,1,2.20343,2.13115,2,2,21,6,2.31653,2.27316,-0.0566667,1.37333,2,1,2.20343,2.13115,2,2,21,6,2.31653,2.27316,0.47893,1.02861,0.325,0.625,0.119307,0.118388,-0.0566667,-0.0566667,-0.0566667,-0.0566667,1.37333,1.37333,1.525,-0.0566667,-0.0566667,-0.0566667,1.37333,1.37333,1.525,1.938,2,2,2,2,1,1,2,2,2,2,1,1,2,1,8.95886,8.95378,11.2073,0.471457,7.8904,8.16663,8.39611,8.95378,14.2638,14.3954,14.5137,14.211,14.4473,12.5438,0.400787,7.90496,8.49401,8.95378,14.0393,14.2451,14.4429,14.5114,7.58553,7.58045,10.1787,0.561739,5.9524,6.53366,7.02278,7.58045,14.1579,14.4047,14.5201,14.5201,14.504,12.0649,0.496348,5.97078,7.12068,7.58045,14.0341,14.2967,14.4876,14.5239,6.5095,6.25955,9.27436,0.430253,5.8424,6.23889,6.43478,9.66001,11.5403,12.0278,12.5873,6.26622,6.38178,8.25484,0.38412,5.43291,5.84182,6.26018,7.2319,10.6811,10.7422,12.2643,7.54933,7.64117,8.30653,0.164184,6.82683,7.02461,7.17164,8.5234,9.09462,9.34575,9.81081,9.91763,7.10318,8.04701,0.171276,6.64365,6.87387,7.05681,7.61484,8.79499,9.34575,9.89085,-9999,-9999
202307081930,202307082000,20.36,0,20.987,20.36,0,152.314,63.61,0,154.301,63.61,0,333.53,0,342.326,333.53,0,402.741,0,348.482,402.741,0,11.726,0,12.44,11.726,0,100.84,100.729,100.84,0,0,0,0,0,1.56,1.723,1.56,0,276.2,0.203,50.97,-39.85,138.91,83.46,4.91,12.58,419.92,404.88,0,14.22,13.71,13.11,12.35,11.19,9.97,0,0,0,0,0,0,17.35,20.357,26.254,23.525,10.764,0,3,3,3,3,7.19,0,1.86,0,2.41283,1.99018,3.37234,24.5466,1,8,24.568,-18.1837,1,-23.5883,-32.9687,-19.4564,19.3483,2,183,21.7873,469,1,0,17.8567,17.8567,1,1,5.65326,4.70363,2,2,6,3,5.65326,4.70363,17.8567,17.8567,1,1,5.65326,6.71854,2,2,6,2,5.65326,6.71854,17.8567,17.6273,1,0.975,0.00000000000000170667,0.229417,17.8567,17.8567,17.8567,17.8567,17.8567,17.8567,17.8567,17.8567,17.8567,17.8567,17.8567,17.8567,17.8567,17.8567,1,1,1,1,1,1,1,1,1,1,1,1,1,1,8.6486,8.60822,10.8122,0.455563,7.66394,7.86042,8.07494,8.60822,13.7711,13.8959,13.9703,13.7574,13.9369,12.1205,0.38831,7.68335,8.16861,8.60822,13.6143,13.7804,13.9177,13.9496,-9.2081,-9.24848,-6.81509,0.474808,-10.1928,-9.85635,-9.78075,-9.2081,-4.0713,-3.94854,-3.86395,-3.90711,-3.91978,-5.73619,0.38831,-10.1734,-9.68809,-9.24848,-4.24238,-4.07627,-3.93904,-3.90711,6.1798,6.13964,8.91414,0.410303,5.56829,5.99381,6.1798,9.31675,11.1651,11.5205,12.0438,5.98743,6.09783,7.86753,0.368764,5.1663,5.58201,6.0592,6.73305,10.1199,10.3979,11.7237,6.58244,6.67297,6.67986,0.119254,5.44755,5.69081,5.79948,6.7749,7.16905,7.32778,7.80317,7.8037,5.71769,6.41546,0.130391,5.30983,5.51881,5.71769,6.51381,7.07987,7.35648,7.78664,-9999,-9999
202307082000,202307082030,19.36,0,20.567,19.36,0,72.62,25.38,0,165.287,25.38,0,331.76,0,334.135,331.76,0,400.511,0,338.807,400.511,0,9.619,0,11.657,9.619,0,100.85,100.736,100.85,0,0,0,0,0,1.79,1.645,1.79,0,303.4,0.19,57.21,-66.86,56.79,46.5,2.07,6.77,413.91,406.6,0,14.21,13.73,13.14,12.37,11.19,9.97,0,0,0,0,0,0,17.34,20.385,26.247,23.519,10.763,0,3,3,3,3,6.88,0,4.69,0,6.08395,5.01825,8.50337,24.1577,1,10,24.2954,-10.03,0,-13.0111,-18.1852,-10.732,21.6023,1,8,22.2976,469,1,0,16.78,18.19,1,1,5.43322,4.9039,2,2,8,4,5.47877,4.95432,16.78,18.19,1,1,5.43322,5.10417,2,2,8,3,5.47877,5.15263,17.2735,17.4021,1,1,0.107691,0.368711,16.78,16.78,16.78,16.78,18.19,18.19,18.19,16.78,16.78,16.78,18.19,18.19,18.19,18.19,1,1,1,1,1,1,1,1,1,1,1,1,1,1,8.38625,8.3169,10.4797,0.44241,7.47144,7.60959,7.80403,8.3169,13.3727,13.4361,13.5211,13.3758,13.5085,11.7644,0.37803,7.49484,7.89412,8.3169,13.2565,13.3938,13.487,13.5184,-9.80375,-9.87311,-6.92241,0.584653,-10.7186,-10.4473,-10.3852,-9.80375,-3.41925,-3.34395,-3.25885,-3.2616,-3.27147,-5.50907,0.463373,-10.6952,-10.2959,-9.87311,-3.56202,-3.39001,-3.29302,-3.2616,5.8947,6.03355,8.6118,0.395767,5.31722,5.84345,6.01318,9.02672,10.8683,11.1009,11.5952,5.74432,5.85058,7.53975,0.357701,4.93152,5.3539,5.81898,6.31098,9.68679,10.1161,11.2769,3.15896,3.20948,3.1159,0.0579385,2.54014,2.66391,2.71117,3.15896,3.29913,3.41762,3.65962,3.73735,2.67745,3.00688,0.0632633,2.47919,2.57391,2.67745,3.02433,3.2729,3.48111,3.73039,-9999,-9999
202307082030,202307082100,18.56,0,19.7,18.56,0,8.25899,6.5,0,0,6.5,0,330.92,0,334.135,330.92,0,329.832,0,338.807,329.832,0,8.714,0,10.448,8.714,0,100.86,100.734,100.86,0,0,0,0,0,1.77,1.513,1.77,0,329.8,0.17,59.25,-75.93,16.2,12.69,0.67,1.71,408.98,409.19,0,14.2,13.74,13.16,12.39,11.19,9.97,0,0,0,0,0,0,17.33,20.392,26.242,23.514,10.762,0,3,3,3,3,6.42,0,9.98,0,12.9462,10.6785,18.0946,21.528,1,14,22.2188,-20.42,0,-26.4892,-37.0232,-21.8492,33.2555,1,17,35.1063,469,1,0,14.27,14.3733,1,1,3.45573,3.53467,2,2,6,2,3.89565,4.24273,14.27,13.47,1,1,3.45573,-9999,2,-9999,6,-9999,3.89565,-9999,13.3938,12.2929,0.85,0.7,0.305419,0.424361,9.68,10.6733,13.47,14.27,14.27,14.27,14.3733,5.66088,9.68,9.68,13.47,14.27,14.3733,14.3733,2,2,1,1,1,1,1,1,2,2,1,1,1,1,8.17721,8.08519,10.2167,0.432297,7.31741,7.40952,7.58843,8.08519,13.0267,13.1084,13.179,13.0751,13.1714,11.4834,0.370172,7.34394,7.67563,8.08519,12.9746,13.0751,13.1481,13.179,-6.19609,-5.38481,-2.07621,0.299853,-5.58155,-5.38481,-3.32137,-1.68768,-1.19487,-1.09864,1.61809,-1.09095,-1.09864,-1.91044,0.224463,-5.42857,-3.35589,-2.38465,-1.32006,-1.18374,-1.12052,-1.06802,5.65681,5.94354,8.37294,0.386561,5.10448,5.64299,5.80629,8.7971,10.6164,10.7781,11.2509,5.53972,5.64299,7.27544,0.350936,4.73024,5.15988,5.57421,5.96598,9.31526,9.9179,10.9329,0.874773,0.88979,0.854565,0.0167433,0.694629,0.729235,0.742839,0.874773,0.905005,0.93498,1.01689,1.04647,0.733764,0.827213,0.0181546,0.67821,0.703609,0.733567,0.819458,0.8956,0.970886,1.04465,-9999,-9999
202307082100,202307082130,17.82,0,18.834,17.82,0,0,0,0,0,0,0,328.55,0,329.476,328.55,0,343.686,0,333.303,343.686,0,8.165,0,9.239,8.165,0,100.88,100.732,100.88,0,0,0,0,0,1.83,1.38,1.83,0,343.8,0.118,60,-78.48,2.09,0.96,0.02,-0.44,403.93,415.19,0,14.18,13.74,13.18,12.4,11.19,9.97,0,0,0,0,0,0,17.33,20.399,26.239,23.511,10.763,0,3,3,3,3,5.92,0,9.31,0,12.0771,9.96161,16.8798,18.7748,1,16,19.4626,-5.81,0,-7.53684,-10.534,-6.21664,22.8469,1,16,23.07,469,1,1,12.7589,11.6943,1,1,3.45573,2.86391,2,2,4,4,4.08648,3.59989,12.7589,8.86,1,1,3.45573,1.79072,2,2,4,13,4.08648,2.82205,11.609,10.2825,1,1,0.323829,0.390035,8.39667,8.39667,8.86,12.7589,12.7589,12.7589,12.7589,5.235,8.39667,8.39667,8.86,12.7589,12.7589,12.7589,1,1,1,1,1,1,1,1,1,1,1,1,1,1,7.9842,7.87178,9.97452,0.423062,7.17462,7.22488,7.38978,7.87178,12.7369,12.8069,12.8669,12.798,12.8612,11.2245,0.363019,7.18315,7.47432,7.87178,12.6919,12.798,12.8363,12.8669,-2.0958,-0.98822,-0.307955,0.146858,-1.22205,-1.17545,-1.0262,-0.206135,0.0806417,0.107995,1.96664,0.107995,0.102278,-0.384539,0.132872,-2.74844,-1.17216,-0.98822,-0.0248108,0.0496998,0.0838423,0.125038,5.43537,5.85823,8.15267,0.379088,4.90533,5.43537,5.60502,8.58381,10.3975,10.5126,11.1361,5.34776,5.44831,7.0315,0.345471,4.54138,4.97744,5.27488,5.83801,8.97511,9.73508,10.6188,0,0,0,0,0,0,0,0,0,0,0,0,0,0,0,0,0,0,0,0,0,0,-9999,-9999
202307082130,202307082200,17.33,0,17.466,17.33,0,0,0,0,0,0,0,327.59,0,329.476,327.59,0,339.449,0,333.303,339.449,0,8.039,0,7.502,8.039,0,100.87,100.749,100.87,0,0,0,0,0,1.77,1.326,1.77,0,353.8,0.106,59.38,-76.57,0.33,0.67,-0.02,-0.45,400.65,415.25,0,14.15,13.74,13.2,12.42,11.19,9.97,0,0,0,0,0,0,17.32,20.407,26.237,23.507,10.763,0,3,3,3,3,5.36,0,4.35,0,5.6429,4.65446,7.88692,15.6658,1,16,15.848,-10.71,0,-13.8932,-19.4181,-11.4596,19.3483,1,12,20.2278,469,1,1,11.5857,11.19,1,1,2.81453,2.86391,2,2,6,4,4.24317,4.27608,11.5857,7.395,1,1,2.81453,1.09953,2,2,6,39,4.24317,3.36034,10.1205,8.55026,1,1,0.400124,0.4608,5.235,5.235,7.395,11.5857,11.5857,11.5857,11.5857,5.235,5.235,5.235,7.395,11.5857,11.5857,11.5857,1,1,1,1,1,1,1,1,1,1,1,1,1,1,7.85776,7.7317,9.81915,0.417642,7.08096,7.11696,7.25922,7.7317,12.5507,12.6235,12.6696,12.6235,12.6652,11.0599,0.358882,7.08096,7.34194,7.7317,12.5337,12.6235,12.6394,12.6696,-1.29424,0.336705,1.26889,0.115114,0.15542,0.336705,0.983,1.08389,1.88196,2.00852,2.10694,1.08389,1.07946,0.939432,0.132932,-1.68533,0.294229,0.951211,1.03446,1.09709,1.82461,2.08551,5.26866,5.79395,8.01076,0.377359,4.75049,5.26866,5.47195,8.44826,10.2742,10.3636,11.1734,5.20183,5.30111,6.86273,0.344813,4.3907,4.83536,5.04871,5.77373,8.75111,9.63546,10.4312,0,0,0,0,0,0,0,0,0,0,0,0,0,0,0,0,0,0,0,0,0,0,-9999,-9999
202307082200,202307082230,17.29,0,16.099,17.29,0,0,0,0,0,0,0,327.17,0,326.346,327.17,0,337.71,0,329.605,337.71,0,8.363,0,5.764,8.363,0,100.88,100.765,100.88,0,0,0,0,0,1.9,1.272,1.9,0,345.1,0.126,57.64,-76.17,0,0.68,-0.04,-0.68,399.86,412.26,0,14.1,13.73,13.22,12.44,11.2,9.97,0,0,0,0,0,0,17.32,20.454,26.281,23.533,10.776,0,3,3,3,3,4.48,0,5.9,0,7.65359,6.30833,10.6972,15.0212,1,11,15.3695,-18.03,0,-23.3768,-32.6899,-19.2778,28.3586,1,9,30.0509,470,1,1,11.0025,10.58,1,1,2.24871,2.86391,2,2,7,4,3.65687,4.06423,11.0025,7.3,1,1,2.24871,1.10329,2,2,7,41,3.65687,3.0876,9.67325,8.24738,1,1,0.361631,0.416074,5.235,5.235,7.3,11.0025,11.0025,11.0025,11.0025,5.235,5.235,5.235,7.3,11.0025,11.0025,11.0025,1,1,1,1,1,1,1,1,1,1,1,1,1,1,7.851,7.7225,9.82014,0.419147,7.07653,7.1125,7.25025,7.7225,12.5637,12.6353,12.6795,12.6353,12.6752,11.0656,0.360208,7.07653,7.33261,7.7225,12.5472,12.6353,12.6495,12.6795,-0.928997,0.422505,1.57276,0.106299,0.240937,0.422505,1.5788,1.677,1.92676,2.01525,2.09761,1.677,1.67268,1.39237,0.122778,-1.09693,0.422505,1.54786,1.63485,1.68985,1.84153,2.07726,5.19503,5.76797,8.01035,0.385517,4.67049,5.19503,5.40076,8.45632,10.3302,10.4167,11.2727,5.13611,5.23686,6.82559,0.352698,4.30339,4.76278,4.94367,5.74762,8.73078,9.69304,10.4726,0,0,0,0,0,0,0,0,0,0,0,0,0,0,0,0,0,0,0,0,0,0,-9999,-9999
202307082230,202307082300,17.03,0,15.145,17.03,0,0,0,0,0,0,0,325.98,0,326.346,325.98,0,336.89,0,329.605,336.89,0,7.958,0,4.734,7.958,0,100.87,100.763,100.87,0,0,0,0,0,1.49,1.242,1.49,0,338.5,0.094,59.02,-74.31,-0.02,0.68,-0.04,-0.88,396.89,412.86,0,14.06,13.71,13.23,12.45,11.2,9.97,0,0,0,0,0,0,17.32,20.476,26.33,23.563,10.791,0,3,3,3,3,3.94,0,2.14,0,2.77462,2.28495,3.88,8.53483,1,10,8.61634,-33.2966,1,-43.1706,-60.3695,-35.5518,18.5652,2,182,26.1365,471,1,1,11.0025,10.58,1,1,2.24871,2.86391,2,2,7,4,3.65687,4.06423,11.0025,7.3,1,1,2.24871,1.10329,2,2,7,41,3.65687,3.0876,9.67325,8.24738,1,1,0.361631,0.416074,5.235,5.235,7.3,11.0025,11.0025,11.0025,11.0025,5.235,5.235,5.235,7.3,11.0025,11.0025,11.0025,1,1,1,1,1,1,1,1,1,1,1,1,1,1,7.78569,7.64943,9.74441,0.417219,7.02832,7.06456,7.18194,7.64943,12.49,12.5516,12.5875,12.5554,12.5839,10.9876,0.358826,7.02832,7.26324,7.64943,12.4638,12.5469,12.5622,12.5875,-0.994308,0.349428,1.49704,0.106171,0.170611,0.349428,1.50228,1.58501,1.83708,1.94694,2.02824,1.58501,1.58138,1.31438,0.122323,-1.14856,0.349428,1.47352,1.55286,1.59582,1.79332,2.0106,5.07756,5.72338,7.93974,0.38876,4.55551,5.07756,5.28984,8.39234,10.2867,10.3503,11.197,5.03187,5.13267,6.72451,0.356276,4.18708,4.65726,4.78418,5.70296,8.61096,9.66966,10.4,0,0,0,0,0,0,0,0,0,0,0,0,0,0,0,0,0,0,0,0,0,0,-9999,-9999
202307082300,202307082330,16.49,0,14.191,16.49,0,0,0,0,0,0,0,325.31,0,323.961,325.31,0,336.04,0,326.788,336.04,0,6.922,0,3.703,6.922,0,100.88,100.761,100.88,0,0,0,0,0,1.84,1.212,1.84,0,336.1,0.127,63.11,-71.98,-0.03,0.67,-0.04,-0.89,393.88,414.64,0,14,13.69,13.23,12.47,11.2,9.97,0,0,0,0,0,0,17.31,20.529,26.387,23.598,10.808,0,3,3,3,3,3.76,0,1.76,0,2.28193,1.87921,3.19103,12.7574,1,14,12.7944,-36.0706,1,-46.756,-65.1562,-38.4044,19.136,2,170,27.5581,472,1,1,12.534,10.58,1,1,3.44923,2.86391,2,2,5,4,5.02156,4.63905,12.534,7.3,1,1,3.44923,1.10329,2,2,5,41,5.02156,3.81262,10.5961,8.74492,1,1,0.455091,0.50574,5.235,5.235,7.3,12.534,12.534,12.534,12.534,5.235,5.235,5.235,7.3,12.534,12.534,12.534,1,1,1,1,1,1,1,1,1,1,1,1,1,1,7.64591,7.49537,9.57101,0.4109,6.89602,6.96105,7.03839,7.49537,12.305,12.3248,12.3656,12.3581,12.3634,10.8028,0.353984,6.92419,7.11773,7.49537,12.2392,12.3412,12.3615,12.3656,-1.13409,0.195371,0.826087,0.150885,-0.30487,-0.219727,-0.175898,1.37289,1.72373,1.79381,1.88273,-0.168367,-0.170614,0.206789,0.160445,-1.66909,-0.294823,-0.223536,-0.172519,1.37063,1.61671,1.86982,4.90603,5.65503,7.77954,0.385793,4.39761,4.90603,5.13157,8.23548,10.0814,10.1629,10.7813,4.87949,4.97849,6.54308,0.354312,4.03563,4.51086,4.55981,5.63463,8.3659,9.54071,10.1819,0,0,0,0,0,0,0,0,0,0,0,0,0,0,0,0,0,0,0,0,0,0,-9999,-9999
202307082330,202307090000,15.81,0,13.33,15.81,0,0,0,0,0,0,0,325.06,0,323.961,325.06,0,335.535,0,326.788,335.535,0,5.48,0,3.209,5.48,0,100.88,100.765,100.88,0,0,0,0,0,1.69,1.219,1.69,0,345.5,0.151,69.5,-70.36,-0.03,0.68,-0.04,-0.76,392.02,419,0,13.94,13.66,13.24,12.48,11.2,9.97,0,0,0,0,0,0,17.32,20.595,26.454,23.638,10.829,0,3,3,3,3,3.23,0,16.2179,1,21.0222,17.2672,29.2952,12.9646,2,148,15.7347,-17.27,0,-22.386,-31.1957,-18.3874,22.2745,1,20,24.2136,473,1,1,10.9713,9.55077,1,1,2.24871,2.0428,2,2,7,8,2.81899,3.15814,10.9713,7.87273,1,1,2.24871,1.28376,2,2,7,31,2.81899,2.72925,9.83346,8.84941,1,1,0.256397,0.284067,6.15429,7.57125,7.87273,10.9713,10.9713,10.9713,10.9713,6.15429,6.15429,7.57125,7.87273,10.9713,10.9713,10.9713,1,1,1,1,1,1,1,1,1,1,1,1,1,1,7.46903,7.30143,9.34883,0.402361,6.72755,6.82941,6.85777,7.30671,12.0235,12.066,12.0806,12.1016,12.0782,10.5645,0.347396,6.79178,6.93473,7.30143,11.9487,12.0782,12.0953,12.1016,-1.09597,-0.571295,0.499404,0.162818,-0.742693,-0.717717,-0.636522,0.675116,1.10686,1.74679,1.84724,1.10741,1.10686,0.730962,0.12657,-0.713359,-0.612481,0.161403,1.09015,1.12399,1.13025,1.81887,4.71003,5.5746,7.57469,0.379894,4.22056,4.71003,4.9476,8.03093,9.81823,9.92799,10.2571,4.70445,4.80072,6.32336,0.349569,3.86907,4.30578,4.35171,5.53091,8.06114,9.35639,9.93993,0,0,0,0,0,0,0,0,0,0,0,0,0,0,0,0,0,0,0,0,0,0,-9999,-9999
202307090000,202307090030,14.94,0,12.47,14.94,0,0,0,0,0,0,0,324.13,0,321.336,324.13,0,347.195,0,323.688,347.195,0,4.325,0,2.715,4.325,0,100.89,100.769,100.89,0,0,0,0,0,1.57,1.226,1.57,0,7.7,0.183,74.55,-67.68,-0.04,0.68,-0.04,-0.98,388.6,423.24,0,13.88,13.63,13.24,12.5,11.2,9.98,0,0,0,0,0,0,17.32,20.674,26.535,23.689,10.854,0,3,3,3,3,2.78,0,-3.79,0,-4.90104,-6.84607,-4.03415,13.381,1,33,13.5424,-20.47,0,-26.4708,-36.976,-21.7886,20.5749,1,35,23.4537,474,1,1,8.32656,7.54308,1,1,1.71467,1.30897,2,2,38,38,1.90942,1.73668,8.32656,6.995,1,1,1.71467,1.09953,2,2,38,43,1.90942,1.58481,7.8039,7.2938,1,1,0.12447,0.139726,6.04389,6.64632,6.995,8.32656,8.32656,8.32656,8.32656,5.83,6.04389,6.64632,6.995,8.32656,8.32656,8.32656,1,1,1,1,1,1,1,1,1,1,1,1,1,1,7.24205,7.0539,9.06091,0.390839,6.51251,6.62726,6.65946,7.06758,11.6358,11.7042,11.7457,11.7648,11.7057,10.2537,0.338468,6.62087,6.70123,7.0539,11.6377,11.7402,11.7621,11.7752,0.247052,0.0589004,1.76711,0.265509,-0.0691018,-0.0131898,0.0549684,0.689838,3.38422,3.50817,3.774,3.37762,3.37918,2.44979,0.227386,-0.0190558,0.0549746,0.630831,3.37231,3.43553,3.44866,3.56506,4.48151,5.47748,7.31052,0.37027,4.01804,4.49933,4.72959,7.72787,9.45344,9.59462,9.82989,4.49933,4.59161,6.05311,0.341207,3.68228,4.02031,4.16072,5.27744,7.69606,9.09889,9.6428,0,0,0,0,0,0,0,0,0,0,0,0,0,0,0,0,0,0,0,0,0,0,-9999,-9999
202307090030,202307090100,14.5,0,11.925,14.5,0,0,0,0,0,0,0,323.73,0,321.336,323.73,0,346.008,0,323.688,346.008,0,3.627,0,2.332,3.627,0,100.89,100.766,100.89,0,0,0,0,0,0.64,1.272,0.64,0,312.3,0.042,78.04,-64.45,-0.04,0.68,-0.04,-1.02,385.24,425.01,0,13.82,13.6,13.24,12.51,11.2,9.98,0,0,0,0,0,0,17.33,20.675,26.534,23.686,10.855,0,3,3,3,3,2.38,0,10.2688,1,13.2791,10.8921,18.5491,12.1303,2,221,13.3925,-2.67,0,-3.45271,-4.82295,-2.83207,23.085,1,38,23.1321,475,1,1,7.46093,6.84444,1,1,1.50797,1.28516,2,2,54,46,1.61715,1.50189,7.46093,6.41647,1,1,1.50797,1.09953,2,2,54,47,1.61715,1.34648,7.09578,6.71548,1,1,0.0881711,0.094898,5.90655,6.29267,6.41647,7.46093,7.46093,7.46093,7.46093,5.80038,5.90655,6.29267,6.41647,7.46093,7.46093,7.46093,1,1,1,1,1,1,1,1,1,1,1,1,1,1,7.12919,6.93036,8.92215,0.385953,6.40449,6.51582,6.57485,6.94825,11.4528,11.5301,11.5975,11.6069,11.5302,10.1059,0.334763,6.51195,6.58447,6.93036,11.4592,11.5882,11.6055,11.625,0.712721,0.513887,2.20666,0.298772,0.219383,0.290782,0.39252,0.712419,4.06923,4.14597,4.52822,4.06662,4.06923,3.01013,0.256911,0.290782,0.500977,0.670492,4.05774,4.14234,4.14954,4.16999,4.33814,5.41748,7.18089,0.369605,3.88373,4.3688,4.59491,7.59875,9.30269,9.43896,9.66101,4.3688,4.45974,5.90539,0.34081,3.5526,3.84566,4.03432,5.13018,7.50213,8.99472,9.5121,0,0,0,0,0,0,0,0,0,0,0,0,0,0,0,0,0,0,0,0,0,0,-9999,-9999
202307090100,202307090130,14.58,0,11.38,14.58,0,0,0,0,0,0,0,323.45,0,318.609,323.45,0,346.63,0,320.466,346.63,0,3.648,0,1.948,3.648,0,100.89,100.763,100.89,0,0,0,0,0,1.45,1.319,1.45,0,292.1,0.089,78.03,-64.35,-0.04,0.68,-0.04,-1.16,384.86,421.22,0,13.75,13.56,13.23,12.52,11.21,9.98,0,0,0,0,0,0,17.33,20.676,26.533,23.682,10.856,0,3,3,3,3,2.02,0,10.067,1,13.0181,10.678,18.1845,12.0604,2,225,13.2822,-42.1446,1,-54.4902,-75.6442,-44.6523,19.136,2,130,29.8997,476,1,1,7.59179,6.92687,1,1,1.53518,1.28516,2,2,49,46,1.65675,1.53382,7.59179,6.44733,1,1,1.53518,1.09953,2,2,49,47,1.65675,1.38201,7.19639,6.78663,1,1,0.0951248,0.103225,5.91731,6.34593,6.44733,7.59179,7.59179,7.59179,7.59179,5.73958,5.91731,6.34593,6.44733,7.59179,7.59179,7.59179,1,1,1,1,1,1,1,1,1,1,1,1,1,1,7.15387,6.95536,8.9633,0.389113,6.42507,6.53826,6.59401,6.97272,11.5165,11.5908,11.6556,11.6662,11.5924,10.1552,0.337385,6.53482,6.60738,6.95536,11.5226,11.6469,11.6632,11.6832,0.706542,0.508031,2.17667,0.29517,0.188986,0.260571,0.358109,0.706542,4.00851,4.07444,4.50882,3.99812,4.00057,2.95883,0.253527,0.260571,0.468013,0.678732,3.99081,4.07104,4.0798,4.10559,4.29285,5.4028,7.21305,0.379425,3.82749,4.32554,4.55803,7.63788,9.39213,9.53434,9.7614,4.32554,4.41836,5.90182,0.35005,3.48746,3.78123,3.98289,5.10739,7.53156,9.07941,9.61289,0,0,0,0,0,0,0,0,0,0,0,0,0,0,0,0,0,0,0,0,0,0,-9999,-9999
202307090130,202307090200,14.29,0,10.907,14.29,0,0,0,0,0,0,0,323.23,0,318.609,323.23,0,344.397,0,320.466,344.397,0,3.57,0,1.661,3.57,0,100.89,100.766,100.89,0,0,0,0,0,1.73,1.291,1.73,0,309.3,0.065,78.09,-64.8,-0.03,0.67,-0.04,-1.18,385.23,418.15,0,13.69,13.52,13.22,12.52,11.21,9.98,0,0,0,0,0,0,17.34,20.678,26.532,23.68,10.857,0,3,3,3,3,1.65,0,10.0196,1,12.9548,10.6158,17.984,12.0604,2,225,13.2396,-5.34,0,-6.90427,-9.58463,-5.65775,23.213,1,37,23.3948,477,1,1,7.23532,6.6278,1,1,1.50797,1.28516,2,2,56,48,1.60255,1.46553,7.23532,6.24359,1,1,1.50797,1.09953,2,2,56,47,1.60255,1.3058,6.89937,6.54493,1,1,0.0809003,0.0858447,5.82657,6.15056,6.24359,7.23532,7.23532,7.23532,7.23532,5.79194,5.82657,6.15056,6.24359,7.23532,7.23532,7.23532,1,1,1,1,1,1,1,1,1,1,1,1,1,1,7.08067,6.87479,8.87617,0.386498,6.35424,6.46487,6.52949,6.89494,11.4041,11.4848,11.5662,11.5703,11.4848,10.0638,0.335465,6.45949,6.53676,6.87479,11.4118,11.5549,11.5703,11.5924,0.837078,0.631202,2.33124,0.307564,0.309072,0.380433,0.484304,0.731565,4.25563,4.33502,4.70188,4.24631,4.24946,3.16448,0.264624,0.378927,0.508687,0.71537,4.23692,4.33061,4.34291,4.36427,4.1796,5.35603,7.12918,0.381621,3.7175,4.22109,4.45227,7.5556,9.33214,9.47073,9.66794,4.22109,4.31342,5.7962,0.352203,3.37854,3.63922,3.87934,4.98439,7.40226,9.02581,9.46789,0,0,0,0,0,0,0,0,0,0,0,0,0,0,0,0,0,0,0,0,0,0,-9999,-9999
202307090200,202307090230,14.02,0,10.434,14.02,0,0,0,0,0,0,0,323.66,0,316.728,323.66,0,341.898,0,318.245,341.898,0,3.609,0,1.373,3.609,0,100.9,100.77,100.9,0,0,0,0,0,1.67,1.263,1.67,0,342,0.128,77.46,-62.38,0,0.68,-0.05,-1.22,383.6,420.88,0,13.62,13.48,13.21,12.53,11.21,9.98,0,0,0,0,0,0,17.34,20.681,26.532,23.678,10.859,0,3,3,3,3,1.39,0,9.74982,1,12.6059,10.2528,17.4997,11.8085,2,229,12.973,-9.42,0,-12.1642,-16.9077,-9.90593,21.2483,1,38,21.873,478,1,1,7.16521,6.57209,1,1,1.50797,1.28516,2,2,58,48,1.59717,1.45399,7.16521,6.2039,1,1,1.50797,1.09953,2,2,58,47,1.59717,1.29283,6.83972,6.49569,1,1,0.0783813,0.0830487,5.80514,6.11263,6.2039,7.16521,7.16521,7.16521,7.168,5.77,5.80514,6.11263,6.2039,7.16521,7.16521,7.16521,1,1,1,1,1,1,1,1,1,1,1,1,1,1,7.01277,6.80006,8.79585,0.384168,6.28843,6.39802,6.45802,6.82279,11.3009,11.3861,11.4824,11.4824,11.3861,9.97984,0.333769,6.38958,6.46828,6.80006,11.3102,11.4707,11.4838,11.5092,0.808867,0.596158,2.30017,0.307808,0.277142,0.347469,0.452014,0.683157,4.23314,4.31904,4.66039,4.21706,4.22085,3.14012,0.265129,0.345386,0.465259,0.686553,4.20576,4.31724,4.33085,4.35273,4.07127,5.31108,7.0511,0.384142,3.61162,4.1206,4.35078,7.47887,9.26129,9.41582,9.5837,4.1206,4.21252,5.69657,0.354598,3.27339,3.50429,3.77945,4.86336,7.28192,8.97735,9.39007,0,0,0,0,0,0,0,0,0,0,0,0,0,0,0,0,0,0,0,0,0,0,-9999,-9999
202307090230,202307090300,13.39,0,10.056,13.39,0,0,0,0,0,0,0,323.66,0,316.728,323.66,0,340.602,0,318.245,340.602,0,2.553,0,1.115,2.553,0,100.9,100.776,100.9,0,0,0,0,0,0.99,1.279,0.99,0,322.6,0.079,83.39,-58.25,0.48,0.68,-0.04,-4.41,380.41,438.28,0,13.56,13.44,13.19,12.54,11.21,9.98,0,0,0,0,0,0,17.35,20.684,26.532,23.675,10.86,0,3,3,3,3,1.15,0,6.81027,1,8.79424,7.15584,12.2236,11.067,2,263,11.6873,-45.2025,1,-58.3709,-81.1328,-47.4962,19.6279,2,119,31.733,479,1,1,6.48467,6.20075,1,1,1.4293,1.23639,2,2,65,49,1.43936,1.27902,6.48467,6.18385,1,1,1.4293,1.09953,2,2,65,47,1.43936,1.14726,6.37351,6.23165,1,1,0.0334731,0.0360614,5.82972,6.14486,6.18385,6.48467,6.48467,6.48467,6.59607,5.79656,5.82972,6.14486,6.18385,6.48467,6.48467,6.48467,1,1,1,1,1,1,1,1,1,1,1,1,1,1,6.84989,6.62343,8.59084,0.376177,6.13422,6.24008,6.29336,6.65179,11.0265,11.122,11.2427,11.2427,11.122,9.7587,0.327621,6.22487,6.3251,6.62343,11.0393,11.2333,11.2545,11.2799,0.666041,0.439576,2.35919,0.347246,0.0802984,0.148497,0.282024,0.535384,4.63206,4.66632,4.77299,4.63206,4.63728,3.3852,0.301438,0.145133,0.317408,0.540242,4.605,4.7506,4.77232,4.79526,3.9005,5.23483,6.86019,0.379273,3.45689,3.96277,4.18441,7.28242,8.99371,9.19527,9.31001,3.96277,4.05193,5.5001,0.3499,3.12933,3.30221,3.62641,4.70495,7.01065,8.79059,9.19758,0,0,0,0,0,0,0,0,0,0,0,0,0,0,0,0,0,0,0,0,0,0,-9999,-9999
202307090300,202307090330,13.57,0,9.678,13.57,0,0,0.51,0,0,0.51,0,323.07,0,316.056,323.07,0,340.752,0,317.451,340.752,0,2.911,0,0.856,2.911,0,100.91,100.781,100.91,0,0,0,0,0,1.68,1.296,1.68,0,290,0.061,81.28,-58.19,3.72,2.1,0.05,-3.12,380.69,423.68,0,13.5,13.4,13.18,12.54,11.22,9.98,0,0,0,0,0,0,17.36,20.687,26.532,23.673,10.861,0,3,3,3,3,0.9,0,8.46805,1,10.935,8.89774,15.1991,11.6156,2,246,12.5196,-46.1551,1,-59.601,-82.8426,-48.4971,19.7922,2,112,32.2481,479,1,1,7.08652,6.45488,1,1,1.4293,1.28376,2,2,61,49,1.5262,1.43783,7.08652,6.06179,1,1,1.4293,1.08139,2,2,61,46,1.5262,1.26044,6.75257,6.40368,1,1,0.0799001,0.0832977,5.6975,6.01622,6.06179,7.08652,7.08652,7.08652,7.08652,5.6975,5.79143,6.01622,6.06179,7.08652,7.08652,7.08652,1,1,1,1,1,1,1,1,1,1,1,1,1,1,6.90076,6.67648,8.66603,0.380835,6.17922,6.28842,6.34268,6.70349,11.1366,11.229,11.3433,11.3433,11.229,9.84537,0.331418,6.27386,6.36456,6.67648,11.1485,11.3346,11.3542,11.3779,0.838967,0.614691,2.26235,0.304178,0.257908,0.326462,0.387787,0.706792,4.15825,4.26867,4.62337,4.13763,4.14249,3.0928,0.261718,0.323426,0.489239,0.711278,4.12314,4.25683,4.28388,4.30274,3.87403,5.22925,6.92184,0.390769,3.4158,3.93599,4.16577,7.35243,9.13318,9.31721,9.459,3.93599,4.02757,5.52302,0.360733,3.07711,3.25988,3.58908,4.70546,7.08032,8.90824,9.31886,0.0704557,0.0716933,0.0666446,0.00192613,0.0469427,0.0502522,0.0519006,0.0704557,0.073293,0.0758808,0.0815911,0.0815911,0.0508567,0.0615395,0.00204455,0.0452304,0.0481941,0.0499945,0.0598667,0.0726875,0.0787556,0.0814081,-9999,-9999
202307090330,202307090400,13.69,0,9.633,13.69,0,16.7602,9.39,0,0,9.39,0,322.48,0,316.056,322.48,0,349.886,0,317.451,349.886,0,3.512,0,0.861,3.512,0,100.9,100.782,100.9,0,0,0,0,0,1.59,1.318,1.59,0,294.7,0.062,77.59,-48.74,22.17,20.19,0.54,-0.29,381.51,420.8,0,13.44,13.36,13.16,12.54,11.22,9.98,0,0,0,0,0,0,17.36,20.69,26.532,23.671,10.862,0,3,3,3,3,0.64,0,9.36462,1,12.0927,9.83981,16.8083,11.8085,2,231,12.8889,-46.5968,1,-60.1714,-83.6354,-48.9613,19.7922,2,110,32.4408,479,1,0,6.80061,6.20279,1,1,1.45503,1.23639,2,2,62,49,1.54056,1.33599,6.80061,5.84143,1,1,1.45503,1.06324,2,2,62,47,1.54056,1.17758,6.49805,6.17356,1,1,0.0731076,0.075755,5.55316,5.78825,5.84143,6.80061,6.80061,6.80061,6.84435,5.55316,5.78825,5.78825,5.84143,6.80061,6.80061,6.80061,1,1,1,1,1,1,1,1,1,1,1,1,1,1,6.93586,6.71261,8.72064,0.384578,6.20951,6.32155,6.37608,6.73878,11.2186,11.3089,11.419,11.419,11.3089,9.90945,0.334496,6.3071,6.39192,6.71261,11.2299,11.4107,11.4283,11.4518,1.09442,0.871182,2.54708,0.314505,0.495101,0.542716,0.587829,0.897348,4.52328,4.6184,4.95605,4.50365,4.50828,3.4114,0.271175,0.518855,0.743316,0.882547,4.48986,4.6144,4.64279,4.66203,3.83653,5.21832,6.96529,0.401163,3.36592,3.89938,4.13616,7.40333,9.24351,9.42959,9.5778,3.89938,3.99303,5.52984,0.370526,3.01756,3.20493,3.54334,4.69199,7.12527,9.00478,9.41975,1.24644,1.26801,1.18384,0.0347933,0.822162,0.881727,0.912658,1.24644,1.3128,1.35625,1.43306,1.43306,0.8928,1.08607,0.0370418,0.790437,0.845855,0.868437,1.05144,1.30165,1.38817,1.4296,-9999,-9999
202307090400,202307090430,13.3,0,9.588,13.3,0,88.4719,35.58,0,1.484,35.58,0,323.01,0,315.048,323.01,0,367.533,0,316.259,367.533,0,2.868,0,0.866,2.868,0,100.91,100.783,100.91,0,0,0,0,0,1.52,1.34,1.52,0,305,0.068,81.23,-14.28,70.48,57.39,1.86,2.17,381.08,423.97,0,13.38,13.32,13.14,12.54,11.22,9.98,0,0,0,0,0,0,17.37,20.693,26.533,23.669,10.864,0,3,3,3,3,0.44,0,1.12,0,1.44628,1.17683,2.01026,18.3301,1,25,18.3405,-2.26,0,-2.91838,-4.05642,-2.37468,31.8797,1,32,31.9041,479,1,0,4.07571,4.03706,1,1,1.49222,1.23639,2,2,46,29,1.49242,1.3103,4.07571,4.03706,1,1,1.49222,1.23639,2,2,46,29,1.49242,1.3103,4.0156,3.92033,1,1,0.0379054,0.0541144,3.208,4.02773,4.03706,4.07571,4.07571,4.07571,4.13579,3.16214,3.208,4.03706,4.03706,4.07571,4.07571,4.13579,1,1,1,1,1,1,1,1,1,1,1,1,1,1,6.83625,6.60415,8.59816,0.380249,6.11442,6.22476,6.27349,6.63383,11.0571,11.1537,11.279,11.279,11.1537,9.77875,0.331225,6.20583,6.31631,6.60415,11.0705,11.269,11.2914,11.3186,2.79919,2.56709,4.67783,0.358952,2.16908,2.23643,2.42929,3.14821,7.01775,7.07799,7.20329,7.07247,7.07799,5.76315,0.314988,2.23281,2.52775,3.15337,6.99483,7.19327,7.22079,7.24782,3.71141,5.16335,6.8476,0.400795,3.24776,3.78186,4.0147,7.28306,9.09301,9.32782,9.42537,3.78186,3.87416,5.39906,0.369982,2.9042,3.05675,3.43032,4.56195,6.955,8.90177,9.33007,4.23355,4.30402,4.08514,0.12059,2.79596,3.00352,3.11988,4.34531,4.59759,4.69733,4.95987,4.81118,3.04336,3.7121,0.129166,2.6779,2.88527,2.90158,3.5737,4.55844,4.72727,4.81118,-9999,-9999
202307090430,202307090500,13.42,0,9.669,13.42,0,169.444,63.25,0,2.843,63.25,0,322.74,0,315.048,322.74,0,368.442,0,316.259,368.442,0,2.913,0,0.898,2.913,0,100.93,100.79,100.93,0,0,0,0,0,1.4,1.324,1.4,0,307,0.105,81.08,10.49,133.76,83.19,3.5,5.04,382.53,426.1,0,13.32,13.27,13.12,12.54,11.22,9.98,0,0,0,0,0,0,17.37,20.694,26.534,23.667,10.865,0,3,3,3,3,0.29,0,30.0758,1,38.8375,31.6019,53.9823,15.498,2,69,22.703,-5.83,0,-7.5284,-10.4641,-6.12583,31.1511,1,31,31.3167,479,1,0,1.61,1.506,1,1,2.14036,2.13115,2,2,18,6,2.14166,2.13191,1.61,1.506,1,1,2.14036,2.13115,2,2,18,6,2.14166,2.13191,1.65569,1.568,1,1,0.0393128,0.0130261,1.506,1.506,1.61,1.61,1.64882,1.65556,1.76231,1.39786,1.506,1.506,1.61,1.61,1.61944,1.696,1,1,1,1,1,1,1,1,1,1,1,1,1,1,6.8713,6.6402,8.65267,0.383983,6.14467,6.25783,6.30681,6.66904,11.1389,11.2334,11.3546,11.3546,11.2334,9.84273,0.334295,6.239,6.34368,6.6402,11.1518,11.345,11.3665,11.3923,5.3653,5.1342,7.08467,0.378885,4.48911,4.7333,4.7974,5.16304,9.5876,9.62343,9.72207,9.61813,9.62343,8.18704,0.335247,4.58138,4.8161,5.1342,9.58608,9.69616,9.72758,9.77284,3.6739,5.15248,6.8908,0.411138,3.19789,3.74519,3.98499,7.33372,9.20287,9.42835,9.54366,3.74519,3.83955,5.40568,0.379738,2.84473,3.00179,3.38457,4.54837,6.99952,8.99777,9.4306,6.78159,6.89084,6.64774,0.197947,4.4995,4.84098,5.04328,7.08767,7.53232,7.64958,8.0026,7.64958,4.90789,5.99444,0.212452,4.29389,4.59455,4.65898,5.74603,7.40156,7.59919,7.75621,-9999,-9999
202307090500,202307090530,13.79,0,9.75,13.79,0,254.736,90.09,0,43.786,90.09,0,323.59,0,315.282,323.59,0,371.375,0,316.536,371.375,0,3.029,0,0.929,3.029,0,100.93,100.797,100.93,0,0,0,0,0,1.38,1.308,1.38,0,310.2,0.097,80.8,31.16,195.69,106.26,5.07,7.35,385.46,423.19,0,13.27,13.23,13.09,12.54,11.23,9.98,0,0,0,0,0,0,17.38,20.695,26.535,23.666,10.867,0,3,3,3,3,0.65,0,44.1138,1,56.965,46.3522,79.1787,17.7577,2,64,30.1244,-4.36,0,-5.63016,-7.82565,-4.58124,18.154,1,17,18.3127,479,1,0,0.706,0.45875,1,1,1.89409,2.06171,2,2,19,7,1.91343,2.07089,0.706,0.45875,1,1,1.89409,2.06171,2,2,19,7,1.91343,2.07089,0.796795,0.626739,1,1,0.0440067,0.0297476,0.45875,0.45875,0.706,0.706,0.870833,1.00143,1.35308,0.45875,0.45875,0.45875,0.706,0.706,0.848182,0.982,1,1,1,1,1,1,1,1,1,1,1,1,1,1,6.97256,6.74732,8.79456,0.391746,6.23647,6.35478,6.40695,6.77318,11.3411,11.4294,11.5367,11.5367,11.4294,10.0029,0.340538,6.33827,6.42161,6.74732,11.3521,11.5286,11.5455,11.5686,6.51381,6.28857,8.16782,0.380994,5.25447,5.87976,5.9482,6.31443,10.6795,10.7189,10.8233,10.7189,10.7234,9.20611,0.327922,5.42018,5.96193,6.28857,10.5825,10.7019,10.7153,10.7454,3.67776,5.16281,7.01471,0.42712,3.17983,3.74756,3.99998,7.47059,9.44403,9.64585,9.79869,3.74756,3.84577,5.48002,0.394948,2.80947,2.98889,3.37069,4.59142,7.15091,9.19686,9.62906,8.81116,8.94975,8.76176,0.263865,5.88097,6.33572,6.61578,9.38992,9.95327,10.1075,10.4229,9.89804,6.42595,7.85357,0.28299,5.59386,5.93161,6.10421,7.5025,9.85813,9.89804,10.2896,-9999,-9999
202307090530,202307090600,14.82,0,10.949,14.82,0,342.888,200.12,0,58.938,200.12,0,324.27,0,315.282,324.27,0,353.381,0,316.536,353.381,0,3.531,0,1.53,3.531,0,100.92,100.805,100.92,0,0,0,0,0,1.04,1.218,1.04,0,322.7,0.165,79.06,136.32,404.43,134.39,10.51,19.68,389.78,417.62,0,13.22,13.19,13.07,12.54,11.23,9.98,0,0,0,0,0,0,17.37,20.694,26.534,23.663,10.869,0,3,3,3,3,0.66,0,70.2034,1,90.6551,73.7657,126.006,27.8757,2,43,47.7149,-0.239375,1,-0.30911,-0.429648,-0.251521,20.9154,2,58,20.9158,479,1,0,-6.97083,-6.61909,1,1,2.16623,2.14321,2,2,13,8,2.16776,2.20011,-6.97083,-6.61909,1,1,2.16623,2.14321,2,2,13,8,2.16776,2.20011,-6.96332,-6.97726,1,1,0.0382905,0.0568811,-7.61333,-6.97083,-6.97083,-6.97083,-6.97083,-6.808,-6.61909,-7.995,-7.61333,-6.97083,-6.97083,-6.808,-6.61909,-6.61909,1,1,1,1,1,1,1,1,1,1,1,1,1,1,7.24943,7.04372,9.16891,0.410306,6.49175,6.62148,6.67074,7.06059,11.8649,11.933,11.9903,12.0019,11.9352,10.4188,0.35529,6.61349,6.68493,7.04372,11.8702,11.9827,11.9985,12.0166,13.8685,13.6628,16.1462,0.400483,13.4216,13.4923,13.6204,14.4413,18.8357,18.9039,18.9612,18.9039,18.906,17.3821,0.353823,13.4805,13.6204,14.4352,18.8411,18.9536,18.9693,18.9874,3.79095,5.22796,7.35735,0.459079,3.2453,3.85421,4.13513,7.84033,10.0188,10.1835,10.4255,3.85421,3.96124,5.73728,0.425434,2.83637,3.08621,3.44828,4.74934,7.59362,9.68024,10.2291,14.4048,14.6117,15.067,0.447061,10.2615,11.015,11.5201,16.1937,17.3332,17.6146,17.8439,16.1937,11.1636,13.4286,0.472432,9.70515,10.0771,10.659,12.7965,16.1937,17.2356,17.5405,-9999,-9999
202307090600,202307090630,16.12,0,12.148,16.12,0,432.394,282.08,0,140.121,282.08,0,326.29,0,318.484,326.29,0,345.563,0,320.319,345.563,0,4.206,0,2.131,4.206,0,100.92,100.814,100.92,0,0,0,0,0,1.17,1.129,1.17,0,332.7,0.264,77.05,206.15,568.45,152.78,14.42,28.03,396.91,421.07,0,13.18,13.15,13.05,12.53,11.23,9.98,0,0,0,0,0,0,17.37,20.69,26.532,23.661,10.868,0,3,3,3,3,0.8,0,51.53,0,66.5417,54.1448,92.4899,36.0914,1,9,45.9408,45.4764,1,58.7245,47.7839,81.6244,30.2403,2,5,39.2907,479,1,0,-9.6065,-9.63471,1,1,2.35953,2.50986,2,2,29,20,2.35957,2.51331,-9.6065,-9.63471,1,1,2.35953,2.50986,2,2,29,20,2.35957,2.51331,-9.59504,-9.53661,1,1,0.0259528,0.0285728,-9.85429,-9.63471,-9.63471,-9.6065,-9.6065,-9.6065,-9.37125,-9.63471,-9.63471,-9.63471,-9.6065,-9.6065,-9.37125,-9.05083,1,1,1,1,1,1,1,1,1,1,1,1,1,1,7.5998,7.42085,9.64224,0.433653,6.81578,6.93421,6.96359,7.42565,12.5279,12.5513,12.5783,12.5863,12.5739,10.9432,0.373841,6.89796,7.03873,7.42085,12.4576,12.5739,12.5779,12.5863,17.2345,17.0556,19.1788,0.446199,15.8837,16.3055,16.5118,17.0604,22.1344,22.1578,22.1848,22.1814,22.1804,20.5383,0.384215,15.8837,16.6733,17.0556,22.0641,22.1804,22.1844,22.1928,3.9482,5.31284,7.80243,0.500082,3.34319,4.00598,4.32402,8.31773,10.7528,10.9204,11.2292,4.00598,4.12453,6.07847,0.464225,2.8838,3.22475,3.55432,5.04708,8.17593,10.3089,10.9313,16.9548,17.1899,18.2644,0.540071,12.6291,13.5102,14.1032,19.1773,21.2613,21.3951,21.6841,19.1773,13.6623,16.2654,0.561581,11.9189,12.2528,13.1083,15.4609,19.1773,20.9592,21.411,-9999,-9999
202307090630,202307090700,17.05,0,13.75,17.05,0,521.72,356.39,0,169.064,356.39,0,328.76,0,318.484,328.76,0,344.378,0,320.319,344.378,0,5.079,0,3.284,5.079,0,100.92,100.81,100.92,0,0,0,0,0,0.9,1.141,0.9,0,326.1,0.261,73.88,268.75,720.08,172.5,17.7,34.76,403.35,419.34,0,13.16,13.12,13.02,12.53,11.23,9.98,0,0,0,0,0,0,17.35,20.682,26.526,23.657,10.867,0,3,3,3,3,1.1,0,71.38,0,92.1744,75.002,128.118,15.9732,1,7,42.4911,86.16,0,111.26,90.532,154.646,33.1837,2,9,57.9656,479,1,0,-12.3816,-12.985,1,1,2.45908,2.47555,2,2,50,43,2.45957,2.47658,-12.3816,-12.985,1,1,2.4421,2.47555,2,2,49,43,2.4426,2.47658,-12.4426,-12.4576,1,1,0.0318111,0.0384183,-12.985,-12.4805,-12.4805,-12.4229,-12.3816,-12.3816,-12.3228,-12.985,-12.525,-12.4738,-12.4738,-12.3816,-12.3816,-11.952,1,1,1,1,1,1,1,1,1,1,1,1,1,1,7.85261,7.69357,9.98772,0.451225,7.04905,7.12314,7.21618,7.69357,12.9551,13.0148,13.0465,13.0148,13.0431,11.327,0.387858,7.08819,7.29396,7.69357,12.9371,13.0077,13.0211,13.0465,20.8376,20.6786,22.4453,0.453081,18.9728,19.5938,19.69,20.6786,25.3624,25.4247,25.6414,25.4281,25.4247,23.7695,0.38796,18.9575,19.7678,20.6786,25.3236,25.4238,25.4397,25.4874,4.04141,5.36519,8.13391,0.533872,3.39097,4.09974,4.44755,8.67418,11.3051,11.4491,12.0002,4.09974,4.22751,6.32198,0.496028,2.8907,3.29357,3.61118,5.22439,8.60718,10.8009,11.4617,18.6224,18.877,20.5267,0.605812,14.4116,15.3525,15.9869,21.2136,24.0057,24.2751,24.477,21.2136,15.491,18.2905,0.620104,13.5916,13.8792,14.9324,17.433,21.2136,23.8573,24.3925,-9999,-9999
202307090700,202307090730,18.25,0,15.352,18.25,0,609.338,433.73,0,266.401,433.73,0,332.64,0,320.358,332.64,0,345.55,0,322.532,345.55,0,6.344,0,4.436,6.344,0,100.92,100.807,100.92,0,0,0,0,0,0.86,1.153,0.86,0,334.1,0.223,69.75,334.56,875.4,193.99,21.11,41.65,410.53,418.98,0,13.15,13.09,13,12.52,11.24,9.98,0,0,0,0,0,0,17.34,20.672,26.518,23.651,10.864,0,3,3,3,3,1.56,0,73.83,0,95.3382,77.5763,132.516,27.5185,2,44,49.1515,94.83,0,122.456,99.6419,170.208,37.4754,2,7,64.3485,479,1,0,-16.045,-15.4773,1,1,2.87716,2.84952,2,2,49,45,2.89113,2.89042,-16.045,-15.4773,1,1,2.87065,2.84952,2,2,49,45,2.88465,2.89042,-15.7765,-15.6014,1,1,0.0581888,0.0741665,-16.045,-16.045,-16.045,-16.045,-15.4773,-15.4773,-15.076,-16.045,-16.045,-16.045,-15.4773,-15.4773,-15.076,-14.818,1,1,1,1,1,1,1,1,1,1,1,1,1,1,8.17883,8.04726,10.4324,0.473634,7.33199,7.36519,7.54391,8.04726,13.5229,13.592,13.6524,13.5625,13.6458,11.8194,0.405725,7.33199,7.62519,8.04726,13.4549,13.5625,13.6261,13.6524,23.6561,23.5246,26.0338,0.539212,22.0476,22.4649,22.707,23.5246,29.5679,29.637,29.6974,29.6974,29.6908,27.5958,0.456338,22.3154,23.1025,23.5246,29.2747,29.6075,29.6711,29.6974,4.17866,5.43677,8.5711,0.577273,3.47116,4.23981,4.62664,9.18377,12.0423,12.15,13.1997,4.23981,4.37967,6.65192,0.536594,2.91719,3.40232,3.70303,5.4135,9.15188,11.4461,12.1779,19.9412,20.2129,22.4474,0.660487,16.0344,16.9909,17.6373,22.8966,26.4008,26.5918,26.8184,22.8966,17.1014,20.0336,0.66478,15.1282,15.3639,16.5692,18.9845,22.8966,26.1638,26.6741,-9999,-9999
202307090730,202307090800,19.43,0,16.618,19.43,0,693.751,507.74,0,303.294,507.74,0,337.01,0,320.358,337.01,0,348.202,0,322.532,348.202,0,7.798,0,5.656,7.798,0,100.92,100.805,100.92,0,0,0,0,0,0.89,1.057,0.89,0,355.1,0.305,65.46,395.39,1022.6,226.85,24.06,47.17,418.16,416.33,0,13.16,13.07,12.98,12.51,11.24,9.98,0,0,0,0,0,0,17.33,20.657,26.506,23.645,10.86,0,3,3,3,3,2.13,0,135.06,0,174.406,141.913,242.416,34.2529,2,59,81.9984,170.15,0,219.718,178.784,305.398,45.4189,2,17,104.27,479,1,0,-16.5157,-17.1983,1,1,2.87716,3.02521,2,2,47,43,2.99599,3.0572,-16.5157,-17.1983,1,1,2.87065,2.95118,2,2,47,42,2.98974,2.98397,-16.6242,-17.2634,1,1,0.13983,0.124189,-19.0425,-17.1983,-17.1983,-16.5157,-15.5275,-15.5275,-15.5275,-19.0425,-17.398,-17.398,-17.1983,-17.1983,-16.5157,-16.5157,1,1,1,1,1,1,1,1,1,1,1,1,1,1,8.50066,8.39754,10.8729,0.496055,7.57093,7.64922,7.86829,8.39754,14.1127,14.1765,14.2679,14.1043,14.2441,12.307,0.423632,7.59279,7.95301,8.39754,13.9903,14.1225,14.2279,14.254,25.699,25.5958,28.1364,0.430968,25.0003,25.1613,25.2671,26.6917,30.7836,30.925,31.3364,30.7697,30.7598,28.9312,0.36204,25.1513,25.3679,26.2914,29.6461,30.7596,30.8036,31.2817,4.31087,5.50416,9.01493,0.622675,3.54642,4.37926,4.80694,9.67092,12.7865,12.9059,13.6146,4.37926,4.53176,6.98509,0.578809,2.93589,3.50045,3.79191,5.48035,9.73671,12.1146,12.9252,20.9261,21.213,23.9871,0.704207,17.4207,18.3567,18.9926,24.2159,28.2889,28.4921,28.8657,24.2159,18.4306,21.4492,0.697381,16.4552,16.6388,17.9461,20.1914,24.2159,28.008,28.6632,-9999,-9999
202307090800,202307090830,20.6,0,17.884,20.6,0,773.512,572.86,0,402.652,572.86,0,341.66,0,328.512,341.66,0,352.73,0,332.164,352.73,0,9.359,0,6.875,9.359,0,100.92,100.804,100.92,0,0,0,0,0,0.75,0.961,0.75,0,322.4,0.37,61.44,448.97,1153.88,233.34,26.48,52.21,424.87,412.9,0,13.19,13.06,12.96,12.51,11.24,9.98,0,0,0,0,0,0,17.28,20.639,26.491,23.637,10.854,0,3,3,3,3,3.08,0,210.62,0,271.978,221.307,378.036,42.7495,2,38,123.797,169.96,0,219.473,178.584,305.057,45.828,2,16,104.354,479,1,0,-20.2367,-20.2367,1,1,3.19204,3.1364,2,2,45,40,3.33148,3.13645,-20.2367,-20.2367,1,1,3.19204,3.13293,2,2,45,39,3.33148,3.13299,-19.7666,-20.2081,1,1,0.129893,0.0472932,-20.275,-20.275,-20.2367,-20.2367,-19.78,-18.3675,-18.3675,-20.275,-20.275,-20.275,-20.2367,-20.2367,-20.2367,-20.2367,1,1,1,1,0,1,1,1,1,1,1,1,1,1,8.82054,8.74698,11.3126,0.518634,7.80694,7.94851,8.19171,8.74698,14.6942,14.7991,14.8932,14.6442,14.8423,12.7934,0.441696,7.82388,8.27985,8.74698,14.5018,14.6777,14.8321,14.8609,29.0572,28.9837,31.5207,0.510214,28.0819,28.2235,28.4667,28.9837,34.9309,35.0358,35.1299,35.0924,35.079,32.56,0.427265,28.0989,28.5549,28.9837,33.0308,34.9144,35.0688,35.0976,4.43963,5.56828,9.46865,0.670278,3.61809,4.51981,4.99046,10.1571,13.4834,13.6825,14.2725,4.51981,4.68561,7.32419,0.622881,2.94776,3.58141,3.87924,5.54394,10.3375,12.8111,13.7192,21.6257,21.9264,25.1615,0.738616,18.5304,19.4251,20.0396,25.2041,29.6983,29.8908,30.4486,25.2041,19.4616,22.5388,0.721175,17.5282,17.6641,19.0325,21.134,25.2041,29.4165,30.3248,-9999,-9999
202307090830,202307090900,21.28,0,18.833,21.28,0,847.257,640.63,0,441.021,640.63,0,344.91,0,328.512,344.91,0,352.905,0,332.164,352.905,0,10.619,0,8.099,10.619,0,100.92,100.806,100.92,0,0,0,0,0,1.18,1.019,1.18,0,306.8,0.447,58.04,504.6,1288.14,249.55,28.98,57.2,429.61,411.62,0,13.24,13.07,12.94,12.5,11.24,9.98,0,0,0,0,0,0,17.17,20.617,26.473,23.627,10.849,0,3,3,3,3,3.84,0,166.75,0,215.328,175.211,299.295,35.627,2,55,98.6408,168.75,0,217.91,177.313,302.885,45.828,2,16,103.755,479,1,0,-16.6967,-17.695,1,1,2.98975,3.12697,2,2,49,43,3.03114,3.16656,-16.6967,-17.695,1,1,2.87716,3.12358,2,2,49,42,2.92014,3.16321,-16.9632,-17.1667,1,1,0.065187,0.0699913,-17.695,-17.695,-17.566,-16.6967,-16.6967,-16.6967,-16.6967,-17.695,-17.695,-17.695,-16.91,-16.6967,-16.6967,-16.6967,1,1,1,1,1,1,1,1,1,1,1,1,1,1,9.00855,8.9521,11.5763,0.532916,7.94528,8.12809,8.38127,8.9521,15.0585,15.1556,15.273,14.9723,15.2055,13.0872,0.453187,7.95926,8.47129,8.9521,14.8132,15.0393,15.2012,15.2535,26.7035,26.6471,28.743,0.519989,24.8553,25.0381,25.2913,26.6471,31.9022,32.1771,32.7535,31.9177,31.9022,30.0504,0.430198,24.8693,26.1663,26.6471,31.5598,31.8979,31.9637,32.1771,4.48307,5.59444,9.74719,0.703523,3.62481,4.57739,5.07717,10.4594,13.9371,14.1307,14.8007,4.57739,4.75221,7.51517,0.653902,2.91345,3.58068,3.90032,5.56973,10.698,13.2725,14.2238,21.1648,21.4777,25.4717,0.775114,18.9565,19.6677,20.2495,25.6496,30.2699,30.4286,31.2358,25.6496,19.6987,22.8704,0.739304,18.0073,18.1561,19.3565,21.2275,25.6496,29.9068,30.9777,-9999,-9999
202307090900,202307090930,22,0,19.782,22,0,913.726,705.25,0,534.227,705.25,0,348.47,0,333.831,348.47,0,351.743,0,338.448,351.743,0,12.462,0,9.322,12.462,0,100.92,100.807,100.92,0,0,0,0,0,1.37,1.076,1.37,0,309.2,0.27,52.88,557.43,1415.67,286.11,31.35,61.2,434.54,407.52,0,13.31,13.08,12.93,12.49,11.25,9.98,0,0,0,0,0,0,17.14,20.592,26.455,23.617,10.84,0,3,3,3,3,4.73,0,167.52,0,216.322,176.02,300.677,35.627,2,55,99.037,211.07,0,272.559,221.78,378.844,55.0434,2,15,128.785,479,1,0,-16.51,-15.4018,1,2,2.87391,2.84952,2,2,48,43,3.81404,3.7957,-11.495,-15.4018,1,2,2.4421,2.84952,2,2,51,43,3.5002,3.7957,-15.0524,-14.6206,0.725,0.425,0.337116,0.340066,-17.1412,-16.51,-16.51,-16.51,-15.4018,-11.495,-11.495,-17.1412,-16.51,-16.51,-15.4018,-11.495,-11.495,-11.495,2,1,1,1,2,1,1,2,1,1,2,1,1,1,9.20759,9.16978,11.8557,0.548052,8.09118,8.31856,8.5824,9.16978,15.4445,15.5485,15.6758,15.3191,15.5903,13.398,0.465369,8.10198,8.67442,9.16978,15.1419,15.4224,15.5854,15.6607,24.6094,24.5716,26.4763,0.422264,23.7993,24.0762,24.2634,25.4598,27.0853,30.8242,31.8291,32.118,27.0853,28.4505,0.491367,23.9855,24.3164,25.4213,27.1968,31.6884,31.8291,32.118,4.53162,5.62248,10.0472,0.739222,3.63482,4.64284,5.17419,10.7841,14.348,14.6448,15.3664,4.64284,4.82743,7.72236,0.687161,2.87886,3.58041,3.9262,5.59739,11.0882,13.7719,14.7645,18.5174,18.8365,24.0261,0.840282,17.6003,17.9556,18.5174,24.1344,29.2275,29.5124,30.5168,25.0655,18.1184,21.5464,0.77577,16.8202,17.1177,17.8265,18.8345,25.0246,28.7908,30.1251,-9999,-9999
202307090930,202307091000,22.45,0,20.459,22.45,0,971.779,720.95,0,568.141,720.95,0,351.36,0,333.831,351.36,0,358.91,0,338.448,358.91,0,12.916,0,10.436,12.916,0,100.92,100.81,100.92,0,0,0,0,0,1.29,1.159,1.29,0,287.4,0.27,52.48,567.33,1448.98,283.87,31.76,62.18,437.35,406.67,0,13.39,13.11,12.92,12.48,11.25,9.98,0,0,0,0,0,0,17.12,20.563,26.434,23.606,10.831,0,3,3,3,3,5.52,0,162.31,0,209.594,170.546,291.326,35.627,2,55,96.361,242.537,1,313.194,254.844,435.324,59.8013,2,9,146.545,479,1,0,-18.39,-13.49,1,2,3.13986,2.7932,2,2,48,45,3.98261,3.32249,-13.49,-13.49,2,2,2.6222,2.7932,2,2,52,45,3.58866,3.32249,-15.9693,-14.446,0.475,0.125,0.374343,0.260858,-18.39,-18.39,-18.39,-15.83,-13.49,-13.49,-13.49,-18.39,-17.0883,-14.9187,-13.7855,-13.49,-13.49,-13.49,1,1,1,2,2,2,2,1,2,2,2,2,2,2,9.33379,9.30724,12.0375,0.558535,8.18368,8.43822,8.70918,9.30724,15.7,15.8099,15.9417,15.5489,15.8445,13.6022,0.473853,8.19245,8.80236,9.30724,15.3603,15.676,15.8392,15.9206,22.8238,22.7972,26.4835,0.655916,22.1129,22.5854,22.6122,23.5636,29.2728,29.4868,33.9389,34.2536,29.3345,29.5715,0.700116,22.4961,22.7972,24.2275,29.3854,33.7871,33.9389,34.2536,4.53293,5.63038,10.2467,0.766252,3.60903,4.66132,5.2159,11.0041,14.5292,15.0074,15.7606,4.66132,4.85311,7.84473,0.71265,2.81984,3.54075,3.91516,5.60499,11.339,14.1329,15.139,17.8519,18.1786,23.6769,0.869686,17.1245,17.4287,17.8647,23.6712,29.0299,29.3907,30.4361,24.9358,17.6338,21.1706,0.799036,16.3597,16.6831,17.3326,18.1738,24.8952,28.6239,29.9884,-9999,-9999
202307091000,202307091030,23.13,0,21.135,23.13,0,1020.42,784.32,0,647.193,784.32,0,354.78,0,339.161,354.78,0,358.859,0,344.744,358.859,0,13.927,0,11.55,13.927,0,100.91,100.812,100.91,0,0,0,0,0,1.33,1.243,1.33,0,282.8,0.51,50.83,619.07,1573.79,296.26,34.15,66.62,441.38,405.47,0,13.48,13.15,12.92,12.48,11.25,9.98,0,0,0,0,0,0,17.09,20.534,26.411,23.591,10.821,0,3,3,3,3,6.77,0,249.25,0,321.862,262.107,447.372,46.2339,2,25,144.909,328.01,0,423.566,344.93,588.737,57.4738,2,10,189.65,480,1,0,-9.13,-11.4767,1,2,2.35023,2.50043,2,2,27,39,2.62684,2.58951,-9.13,-11.4767,1,2,2.35023,2.50043,2,2,27,39,2.62684,2.58951,-10.2315,-11.0829,0.6,0.25,0.179725,0.175242,-11.4767,-11.4767,-11.4767,-10.13,-9.13,-9.13,-9.13,-11.4767,-11.4767,-11.4767,-11.4767,-11.4767,-10.13,-9.13,2,2,2,1,1,1,1,2,2,2,2,2,1,1,9.52233,9.51394,12.304,0.573222,8.32115,8.61871,8.90002,9.51394,16.0701,16.1892,16.3281,15.8803,16.2131,13.8991,0.485698,8.32684,8.99506,9.51394,15.674,16.0432,16.2095,16.2979,20.999,20.9906,23.387,0.498247,19.7979,20.3014,20.3783,20.999,26.2743,27.0251,27.6659,25.3644,25.3431,24.1306,0.39485,19.8035,20.4916,20.9402,24.8608,25.437,26.4064,27.5199,4.57147,5.65384,10.5418,0.802406,3.61064,4.72122,5.30799,11.324,15.0854,15.5165,16.3191,4.72122,4.92299,8.04476,0.746401,2.77567,3.52311,3.93458,5.62808,11.7224,14.6277,15.6722,16.5393,16.8725,23.0833,0.936477,16.2766,16.5393,16.8623,22.5401,28.7547,29.3094,30.4947,24.8481,16.7677,20.5306,0.850633,15.5322,15.931,16.4479,17.1989,24.8112,28.4324,29.8465,-9999,-9999
202307091030,202307091100,23.53,0,21.738,23.53,0,1058.83,812.72,0,671.511,812.72,0,357.41,0,339.161,357.41,0,358.038,0,344.744,358.038,0,15.393,0,12.52,15.393,0,100.91,100.808,100.91,0,0,0,0,0,1.3,1.194,1.3,0,346.8,0.449,46.95,638.56,1628.07,342.09,34.97,68.19,445.05,404.26,0,13.59,13.2,12.93,12.47,11.25,9.98,0,0,0,0,0,0,17.06,20.502,26.387,23.578,10.811,0,3,3,3,3,8.2,0,232.52,0,300.258,244.514,417.135,67.3176,1,6,144.589,303.349,1,391.721,318.997,544.2,57.4738,2,10,176.557,481,1,0,-7.92,-8.90333,0,1,2.35488,2.46481,2,2,20,16,2.40566,2.56025,-7.92,-8.90333,0,1,2.35488,2.46481,2,2,20,16,2.40566,2.56025,-8.36409,-8.76925,0.925,0.825,0.0921781,0.107319,-9.305,-8.90333,-8.90333,-7.92,-7.92,-7.92,-7.92,-9.305,-9.305,-8.90333,-8.90333,-8.77667,-7.92,-7.92,1,1,1,0,0,0,0,1,1,1,1,2,0,0,9.63522,9.63699,12.4688,0.582996,8.40354,8.72548,9.01339,9.63522,16.3036,16.4282,16.5711,16.0897,16.445,14.0846,0.493629,8.40737,9.10941,9.63699,15.8731,16.275,16.4431,16.5352,18.5386,18.5403,21.238,0.531825,17.1802,17.7154,18.2404,18.5403,24.4648,24.667,25.3315,24.3877,24.365,22.4487,0.436019,17.184,18.3654,18.6612,23.8513,24.365,24.4552,25.1783,4.56165,5.65709,10.7289,0.82888,3.57583,4.7316,5.34122,11.5315,15.4539,15.8622,16.6928,4.7316,4.94047,8.15435,0.771497,2.70793,3.45761,3.91577,5.63105,11.9553,14.9428,16.0264,14.5391,14.8704,21.664,1.01024,14.33,14.5528,14.9886,20.8571,27.6799,28.4117,29.6405,24.1637,14.9872,19.0141,0.916768,13.5174,14.0575,14.5531,15.3945,24.128,27.3239,28.9343,-9999,-9999
202307091100,202307091130,23.51,0,22.342,23.51,0,1086.34,736.42,0,696.044,736.42,0,358.22,0,346.553,358.22,0,373.284,0,353.475,373.284,0,15.342,0,13.49,15.342,0,100.91,100.804,100.91,0,0,0,0,0,1.29,1.146,1.29,0,0.5,0.251,47.06,564.43,1485.02,351.89,32.25,62.68,445.37,404.03,0,13.72,13.26,12.94,12.47,11.25,9.98,0,0,0,0,0,0,17.03,20.47,26.362,23.563,10.8,0,3,3,3,3,8.6,0,226.849,1,292.935,238.551,406.961,44.5993,2,33,132.568,208.98,0,269.86,219.76,374.905,55.0434,2,15,127.501,482,1,0,-12.342,-11.6,1,1,2.38089,2.51928,2,2,48,37,2.40963,2.64153,-8.7925,-11.6,1,1,2.32389,2.51928,2,2,26,37,2.35331,2.64153,-12.0065,-12.0202,0.925,0.825,0.163919,0.213844,-14.135,-12.342,-12.342,-12.342,-11.6,-11.6,-11.6,-14.135,-13.1886,-12.342,-11.6,-11.6,-11.6,-11.6,2,1,1,1,1,1,1,2,2,1,1,1,1,1,9.63451,9.63397,12.4797,0.585234,8.40376,8.72137,9.01008,9.63397,16.33,16.4542,16.5962,16.1152,16.47,14.102,0.495541,8.40761,9.10576,9.63397,15.8992,16.3015,16.4683,16.56,21.2345,21.234,24.4999,0.533413,20.5479,20.7058,20.9805,23.072,27.9479,28.2384,28.7458,28.8346,25.2625,26.1085,0.475349,20.6578,21.1743,23.9292,27.8073,28.2991,28.4572,28.8346,4.48134,5.63118,10.7466,0.839581,3.48847,4.66649,5.28361,11.5628,15.4943,15.9503,16.7764,4.66649,4.87773,8.12426,0.782435,2.60903,3.328,3.84019,5.60498,11.9521,15.0441,16.1001,14.3893,14.7241,21.2061,0.986675,13.8582,14.3079,14.7049,20.69,27.1295,27.8116,28.8261,23.6263,14.5779,18.554,0.902098,13.0387,13.5529,14.1208,14.9962,23.5841,26.7846,28.3619,-9999,-9999
202307091130,202307091200,24.2,0,22.755,24.2,0,1102.48,769.63,0,706.333,769.63,0,359.98,0,346.553,359.98,0,369.795,0,353.475,369.795,0,17.248,0,13.832,17.248,0,100.89,100.798,100.89,0,0,0,0,0,1.28,1.101,1.28,0,359.8,0.42,42.9,590.1,1545.06,323.67,32.72,63.58,448,403.74,0,13.85,13.33,12.96,12.47,11.26,9.98,0,0,0,0,0,0,16.99,20.437,26.335,23.547,10.79,0,3,3,3,3,9.38,0,137.08,0,176.772,144.151,245.918,33.1256,2,58,82.3911,276.629,1,356.728,290.899,496.265,60.6202,2,8,163.861,483,1,0,-10.708,-11.8467,1,1,2.47605,2.50986,2,2,43,38,2.54066,3.18665,-10.708,-11.8467,1,1,2.45908,2.50986,2,2,42,38,2.52412,3.18665,-11.4012,-12.0617,1,1,0.168754,0.203401,-14.635,-11.8467,-11.8467,-10.865,-10.708,-10.708,-10.708,-14.635,-14.635,-11.8467,-11.8467,-11.8467,-10.708,-10.708,1,1,1,1,1,1,1,1,1,1,1,1,1,1,9.82605,9.84452,12.7519,0.600393,8.5427,8.90492,9.20436,9.82605,16.709,16.8429,16.9923,16.4534,16.8473,14.4052,0.507782,8.54336,9.30191,9.84452,16.2191,16.6775,16.8473,16.9465,21.6727,21.6912,24.8136,0.496346,20.983,21.1486,21.4284,23.5399,27.665,27.9841,28.6896,27.5802,27.5553,25.8064,0.407812,21.0958,21.6301,23.1784,26.9876,27.5802,27.7132,28.5242,4.51717,5.65355,11.0577,0.878137,3.48697,4.72958,5.38149,11.9,16.1014,16.4869,17.3635,4.72958,4.95162,8.33347,0.818535,2.55772,3.29658,3.85939,5.62698,12.3566,15.5217,16.6603,12.1376,12.4626,19.5779,1.07848,11.4911,12.1376,12.4694,18.7314,25.9457,26.8058,27.8739,22.8277,12.4694,16.7573,0.988078,10.536,11.2311,11.861,12.8667,22.7871,25.5789,27.3261,-9999,-9999
202307091200,202307091230,24.83,0,23.169,24.83,0,1106.97,811.3,0,765.939,811.3,0,361.74,0,350.035,361.74,0,363.225,0,357.588,363.225,0,19.222,0,14.174,19.222,0,100.88,100.791,100.88,0,0,0,0,0,0.91,1.056,0.91,0,323.5,0.463,38.72,618.43,1632.55,319.95,35,68.45,452.93,404.25,0,13.98,13.42,12.98,12.47,11.26,9.98,0,0,0,0,0,0,16.98,20.404,26.307,23.531,10.78,0,3,3,3,3,10.15,0,243.25,0,314.114,257.724,436.603,48.5713,1,6,141.217,367.42,0,474.457,389.283,659.473,80.9683,1,6,216.036,484,1,0,-7.43667,-7.765,1,2,1.97829,2.44611,2,2,15,12,1.98509,2.46614,-8.106,-7.765,1,2,2.58409,2.44611,2,2,23,12,2.5893,2.46614,-7.63108,-7.82646,0.6,0.25,0.0605902,0.100688,-8.106,-7.765,-7.765,-7.43667,-7.43667,-7.43667,-7.095,-8.106,-8.064,-7.765,-7.765,-7.765,-7.43667,-7.095,1,2,2,1,1,1,1,1,2,2,2,2,1,1,10.0014,10.0374,13.0028,0.614587,8.66959,9.07278,9.38223,10.0014,17.06,17.1964,17.359,16.7661,17.1964,14.6851,0.519262,8.66959,9.48148,10.0374,16.5147,17.0256,17.1999,17.3041,17.7664,17.8024,20.8292,0.586937,16.7336,17.0737,17.2432,17.8024,24.454,24.825,25.3024,24.6601,25.3024,22.3162,0.490798,16.7336,17.2711,18.4121,23.9826,24.2949,24.7408,25.1995,4.54153,5.67099,11.3497,0.915314,3.4766,4.78285,5.46833,12.2175,16.6717,16.9954,17.9182,4.78285,5.01532,8.52562,0.853445,2.49907,3.25048,3.87019,5.64406,12.7348,15.9784,17.189,10.122,10.4322,18.1182,1.17619,9.18795,10.0759,10.4377,16.8795,24.9878,25.9462,27.1344,22.1218,10.4377,15.0704,1.08164,8.11333,8.96403,9.68366,10.8215,22.0836,24.6141,26.4525,-9999,-9999
202307091230,202307091300,24.81,0,23.606,24.81,0,1099.74,718.83,0,760.866,718.83,0,362.86,0,350.035,362.86,0,378.181,0,357.588,378.181,0,19.343,0,14.893,19.343,0,100.87,100.791,100.87,0,0,0,0,0,1.56,0.984,1.56,0,359.1,0.432,38.26,535.39,1453.65,310.83,31.39,61.63,453.42,404.46,0,14.1,13.51,13.01,12.47,11.26,9.98,0,0,0,0,0,0,16.97,20.369,26.28,23.516,10.771,0,3,3,3,3,10.35,0,179.78,0,231.836,190.478,322.521,37.5909,2,47,104.852,281.836,1,363.443,298.606,505.606,59.8013,2,7,164.688,485,1,0,-1.89,-10.145,0,1,1.74921,2.65624,2,2,18,22,4.48286,4.90835,-1.89,-10.145,0,1,1.74921,2.65624,2,2,18,22,4.48286,4.90835,-5.87263,-8.91461,0.975,0.975,0.673191,0.550872,-10.145,-10.145,-10.145,-1.89,-1.89,-1.89,-1.89,-11.25,-10.145,-10.145,-10.145,-10.145,-1.89,-1.89,1,1,1,0,0,0,0,2,1,1,1,1,0,0,10.0009,10.0345,13.0143,0.616919,8.66995,9.06871,9.37899,10.0009,17.087,17.2226,17.3855,16.7928,17.2226,14.7034,0.52125,8.66995,9.47789,10.0345,16.542,17.0534,17.2264,17.3302,20.1459,20.1795,21.9289,0.588031,18.5348,18.8157,19.1396,19.6474,26.6313,27.232,27.5305,19.1396,19.1126,20.576,0.597125,14.2629,18.3483,18.4947,19.1126,20.1795,26.6227,27.3752,4.45899,5.64474,11.3703,0.926488,3.38706,4.7174,5.41093,12.2529,16.7152,17.0899,18.0076,4.7174,4.95242,8.49607,0.864976,2.39709,3.11406,3.79346,5.61766,12.7339,16.0874,17.2678,9.87985,10.1898,17.5383,1.13901,8.75515,9.6625,10.0188,16.5447,24.2364,25.1615,26.0574,21.4157,10.0164,14.5406,1.05196,7.70232,8.51236,9.26195,10.4027,21.3694,23.8765,25.6846,-9999,-9999
202307091300,202307091330,25.05,0,24.043,25.05,0,1080.92,765.14,0,767.489,765.14,0,362.1,0,350.629,362.1,0,367.373,0,358.29,367.373,0,19.917,0,15.613,19.917,0,100.84,100.791,100.84,0,0,0,0,0,1.55,0.913,1.55,0,315.7,0.443,37.33,569.14,1547.8,287.18,33.29,66.82,454.58,403.9,0,14.21,13.6,13.05,12.48,11.26,9.98,0,0,0,0,0,0,16.95,20.336,26.252,23.5,10.762,0,3,3,3,3,10.31,0,245.36,0,316.405,258.017,440.169,46.2339,2,27,142.724,310.94,0,400.974,326.98,557.818,59.6708,2,10,181.224,486,1,0,-10.08,-11.6,0,1,2.59854,2.51928,2,2,33,37,2.7074,2.63142,-10.08,-11.6,0,1,2.59854,2.51928,2,2,33,37,2.7074,2.63142,-10.7176,-11.2912,0.925,0.85,0.121803,0.147939,-11.6,-11.6,-11.6,-10.08,-10.08,-10.08,-10.08,-11.6,-11.6,-11.6,-11.6,-11.25,-10.08,-10.08,1,1,1,0,0,0,0,1,1,1,1,2,0,0,10.0707,10.11,13.122,0.624056,8.72088,9.13347,9.4483,10.0707,17.24,17.3788,17.549,16.9344,17.3788,14.8268,0.527085,8.72088,9.54765,10.11,16.6772,17.2102,17.3837,17.4898,21.6708,21.71,24.4132,0.572045,19.9709,20.6117,21.0503,21.71,27.6133,28.2319,28.9915,27.4866,27.4588,25.5444,0.462512,19.9709,21.1729,21.71,26.8206,27.4866,27.8544,28.8102,4.41809,5.63564,11.502,0.94847,3.32811,4.69963,5.41188,12.404,16.9733,17.3545,18.2876,4.69963,4.94051,8.55624,0.886294,2.31063,3.00998,3.75131,5.60832,12.8876,16.3406,17.5308,9.40103,9.71203,17.4369,1.19987,8.19102,9.17602,9.54145,16.1815,24.4761,25.4041,26.4924,21.5672,9.54145,14.2781,1.10795,7.0975,7.9225,8.74022,9.93557,21.5239,24.1173,25.9288,-9999,-9999
202307091330,202307091400,25.89,0,24.295,25.89,0,1050.82,860.99,0,746.022,860.99,0,367.96,0,350.629,367.96,0,355.885,0,358.29,355.885,0,21.71,0,16.083,21.71,0,100.81,100.772,100.81,0,0,0,0,0,0.87,0.842,0.87,0,352.1,0.421,35.01,647.11,1733.33,292.46,36.56,75.95,461.41,403.62,0,14.29,13.67,13.09,12.48,11.26,9.98,0,0,0,0,0,0,16.91,20.301,26.223,23.485,10.753,0,3,3,3,3,10.4,0,149.29,0,192.388,156.991,267.822,33.3692,2,59,88.6761,401.66,0,517.613,422.379,720.567,53.5481,2,4,227.437,487,1,0,-4.09,-8.192,0,2,2.07476,2.55169,2,2,12,14,2.9174,2.55169,-8.192,-8.192,2,2,2.47181,2.55169,2,2,22,14,3.21192,2.55169,-6.27756,-7.75983,0.475,0.125,0.334884,0.236221,-8.192,-8.192,-8.192,-8.192,-4.09,-4.09,-4.09,-8.192,-8.192,-8.192,-8.192,-8.192,-8.192,-4.09,2,2,2,2,0,0,0,2,2,2,2,2,2,0,10.3031,10.3669,13.4522,0.642403,8.88808,9.3572,9.68525,10.3031,17.6856,17.8362,18.0304,17.3421,17.8362,15.1937,0.54191,8.88808,9.78693,10.3669,17.0587,17.6659,17.8445,17.959,18.4951,18.5589,21.212,0.587643,17.0801,17.7709,17.8794,18.5589,25.6812,25.9102,26.2224,21.957,26.0282,21.4712,0.493431,16.8419,17.9153,18.4936,21.2184,24.8153,25.8579,26.0555,4.47203,5.66529,11.8954,0.996341,3.33854,4.79323,5.49714,12.8279,17.673,18.0215,19.0174,4.79323,5.04793,8.82684,0.931073,2.25705,2.97477,3.7889,5.67489,13.4065,16.9375,18.228,7.97464,8.26995,16.6951,1.31905,6.55324,7.66901,8.05642,14.7818,24.4222,25.3772,26.6681,21.4564,8.05642,13.2424,1.21589,5.46023,6.35363,7.17016,8.44205,21.4202,24.0357,25.8431,-9999,-9999
202307091400,202307091430,25.77,0,24.547,25.77,0,1009.96,684.93,0,757.922,684.93,0,377.35,0,353.13,377.35,0,378.118,0,361.244,378.118,0,21.006,0,16.554,21.006,0,100.79,100.753,100.79,0,0,0,0,0,1.14,0.771,1.14,0,20.6,0.354,36.67,505.1,1386.58,374.36,29.6,62.65,459.48,403.24,0,14.39,13.75,13.13,12.49,11.26,9.98,0,0,0,0,0,0,16.9,20.267,26.193,23.47,10.745,0,3,3,3,3,11.47,0,146.463,2,188.745,155.178,262.751,33.8111,2,60,86.6146,316.185,2,407.463,334.999,567.228,59.8013,2,9,182.24,488,1,0,-5.82,-7.785,2,2,2.26288,2.58409,2,2,12,11,2.46697,2.76456,-5.82,-7.785,2,2,2.26288,2.58409,2,2,12,11,2.46697,2.76456,-6.93189,-8.68191,0.175,0.125,0.466429,0.55954,-17.3437,-7.785,-7.785,-6.1125,-5.82,-5.82,-3.13,-18.2318,-7.785,-7.785,-7.785,-7.785,-5.82,-5.82,1,2,2,2,2,2,0,1,2,2,2,2,2,2,10.2757,10.3338,13.4272,0.64294,8.8692,9.32666,9.65413,10.2757,17.6646,17.8133,18.005,17.3254,17.8133,15.1721,0.542457,8.8692,9.75513,10.3338,17.0454,17.645,17.8215,17.9345,18.0607,18.1188,22.1091,0.619484,16.6737,17.4413,17.5675,23.5352,25.4688,26.0794,26.9669,23.6637,23.6333,22.1039,0.525529,15.8591,17.5401,18.1188,23.1579,24.4001,25.43,26.0794,4.3719,5.63233,11.8748,1.00358,3.23573,4.70895,5.45183,12.821,17.6993,18.0539,19.0364,4.70895,4.96503,8.76263,0.939178,2.14717,2.8214,3.69799,5.62947,13.3466,16.9952,18.2386,8.37438,8.67733,16.2873,1.20347,6.85134,7.92251,8.37438,15.0566,23.3976,24.2819,25.122,20.5294,8.28729,13.0681,1.11595,5.7778,6.57584,7.44629,8.68066,20.4779,23.0109,24.8232,-9999,-9999
202307091430,202307091500,25.83,0,24.674,25.83,0,959.041,629.96,0,719.579,629.96,0,377.14,0,353.13,377.14,0,384.367,0,361.244,384.367,0,20.871,0,16.704,20.871,0,100.78,100.732,100.78,0,0,0,0,0,1.2,0.687,1.2,0,82.5,0.429,37.3,454.14,1254.85,404.14,28.53,61.52,459.3,403.31,0,14.51,13.83,13.17,12.5,11.27,9.98,0,0,0,0,0,0,16.88,20.235,26.165,23.455,10.739,0,3,3,3,3,12.01,0,141.04,0,181.223,149.432,252.642,33.3692,2,63,83.4686,275.21,0,353.618,291.586,492.978,61.4391,2,7,161.438,489,1,0,-14.9424,-14.9679,1,1,2.79278,2.74866,2,2,52,44,2.79565,2.76108,-14.9424,-14.9679,1,1,2.75405,2.74866,2,2,51,44,2.75697,2.76108,-14.9556,-14.8612,1,1,0.0292922,0.032545,-15.1259,-15.1259,-15.1259,-14.9679,-14.9424,-14.8724,-14.5487,-15.1259,-15.072,-14.9679,-14.9424,-14.8724,-14.5487,-14.5487,1,1,1,1,1,1,1,1,1,1,1,1,1,1,10.2969,10.3552,13.469,0.646837,8.88516,9.34381,9.6733,10.2969,17.7312,17.8807,18.0749,17.3884,17.8807,15.2234,0.5457,8.88516,9.77419,10.3552,17.1063,17.7137,17.8894,18.0029,25.2648,25.3231,28.3302,0.66846,23.4339,24.0179,24.2242,25.2648,32.6816,32.8231,33.0173,32.8537,32.8231,30.179,0.564619,23.4339,24.6466,25.3231,32.1614,32.6816,32.8318,32.9453,4.30031,5.61098,11.9328,1.0186,3.15381,4.65818,5.42726,12.896,17.813,18.207,19.1903,4.65818,4.91802,8.76168,0.954344,2.0472,2.68886,3.63107,5.60707,13.3965,17.156,18.3796,8.40707,8.71382,16.0645,1.17254,6.78181,7.85341,8.40707,15.052,23.0688,23.8807,24.5807,20.1424,8.20907,12.888,1.09052,5.71768,6.46357,7.37761,8.67634,20.0855,22.5624,24.4334,-9999,-9999
202307091500,202307091530,26.37,0,24.801,26.37,0,898.929,665.69,0,675.347,665.69,0,391.41,0,355.827,391.41,0,370.698,0,364.43,370.698,0,21.898,0,16.855,21.898,0,100.75,100.711,100.75,0,0,0.001,0,0,1.13,0.603,1.13,0,36.8,0.383,36.28,483.2,1347.17,382.08,30.71,69.14,462.05,402.84,0,14.62,13.9,13.21,12.51,11.27,9.99,0,0,0,0,0,0,16.87,20.204,26.136,23.439,10.732,0,3,3,3,3,12.11,0,131.265,2,168.663,139.076,235.132,32.7621,2,56,78.3812,338.935,2,435.499,359.103,607.127,59.5404,2,7,193.258,489,1,0,-15.6735,-15.9457,1,1,2.87065,2.85916,2,2,51,45,2.87426,2.86333,-15.6735,-15.9457,1,1,2.85916,2.85916,2,2,51,45,2.86278,2.86333,-14.536,-15.8784,0.875,1,0.541881,0.0361874,-16.0136,-15.9614,-15.8064,-15.757,-15.6735,-15.6735,-5.595,-16.7106,-15.9826,-15.9614,-15.8064,-15.7546,-15.6735,-15.6735,1,1,1,1,1,1,2,1,1,1,1,1,1,1,10.4482,10.5218,13.6893,0.659803,8.994,9.48822,9.82674,10.4547,18.0332,18.1903,18.4006,17.6651,18.1903,15.4703,0.55622,8.994,9.929,10.5218,17.3713,18.023,18.2015,18.3211,26.3939,26.4675,29.5677,0.639967,24.9766,25.4968,25.8865,26.4242,33.7494,33.9033,34.0742,33.8964,33.8638,30.0063,0.777358,18.5495,24.9666,25.8904,33.1524,33.7591,33.8964,33.9946,4.30289,5.62006,12.2046,1.05504,3.12581,4.69712,5.45798,13.1943,18.3382,18.6899,19.712,4.69712,4.96737,8.93116,0.989002,1.97062,2.60514,3.62744,5.6463,13.7442,17.6007,18.8753,7.65799,7.95753,15.7136,1.24007,5.92462,7.06544,7.65799,14.3412,23.4236,23.9099,24.7288,20.1038,7.43014,12.3605,1.15126,4.86477,5.62228,6.5554,7.9186,20.049,22.6488,24.4653,-9999,-9999
202307091530,202307091600,25.99,0,24.864,25.99,0,830.657,453.15,0,623.887,453.15,0,389.24,0,355.827,389.24,0,421.131,0,364.43,421.131,0,20.465,0,16.872,20.465,0,100.74,100.705,100.74,0,0,0.001,0,0,1.31,0.543,1.31,0,43.7,0.344,39.1,308.58,919.63,272.33,21.59,48.68,457.31,402.36,0,14.71,13.98,13.26,12.53,11.27,9.99,0,0,0,0,0,0,16.85,20.175,26.108,23.424,10.725,0,3,3,3,3,12.09,0,65.62,2,84.3154,69.5246,117.544,26.8691,2,41,44.5985,201.17,2,258.484,213.14,360.352,53.6041,2,16,121.581,489,1,0,-14.3193,-14.3644,1,1,2.75405,2.83329,2,2,55,46,2.7683,2.84818,-14.2693,-14.3644,1,1,2.64587,2.83329,2,2,55,46,2.6607,2.84818,-13.5417,-14.5882,0.925,1,0.518207,0.0380508,-14.96,-14.8165,-14.6692,-14.3193,-14.2693,-14.2555,-2.205,-14.96,-14.901,-14.8033,-14.6692,-14.3193,-14.3193,-14.2693,1,1,1,1,1,1,2,1,1,1,1,1,1,1,10.3503,10.41,13.5675,0.65542,8.92487,9.38874,9.72287,10.3503,17.8847,18.0361,18.2365,17.5326,18.0361,15.3428,0.552818,8.92487,9.82366,10.41,17.2448,17.8716,18.0461,18.1608,24.7147,24.7744,28.1557,0.631518,23.5374,24.1335,24.3944,24.9331,32.2045,32.3867,32.5808,32.3867,32.3054,28.8845,0.780178,15.0528,24.0241,24.7837,31.5688,32.205,32.3402,32.4801,4.16263,5.5707,12.0676,1.05064,2.99383,4.56407,5.36276,13.066,18.076,18.5429,19.5309,4.56407,4.83207,8.77427,0.986541,1.84826,2.42569,3.5022,5.56751,13.5221,17.5038,18.693,8.38574,8.69124,14.822,1.01863,6.44694,7.4606,8.17776,14.6546,20.9382,21.5588,22.179,18.284,7.78005,11.9501,0.958937,5.47195,6.08281,7.01233,8.65457,18.2119,20.2899,21.6581,-9999,-9999
202307091600,202307091630,25.45,0,24.926,25.45,0,755.39,245.64,0,589.709,245.64,0,379.66,0,362.659,379.66,0,436.319,0,372.501,436.319,0,19.134,0,16.889,19.134,0,100.72,100.698,100.72,0,0,0.001,0,0,1.08,0.483,1.08,0,80.3,0.314,41.21,133.94,514.73,274.01,12.74,26.18,451.82,401.25,0,14.8,14.06,13.31,12.55,11.27,9.99,0,0,0,0,0,0,16.84,20.149,26.08,23.409,10.718,0,3,3,3,3,11.95,0,100.49,1,129.12,106.469,180.006,33.9234,2,42,64.2052,106.65,1,137.035,112.996,191.04,33.1837,2,5,66.6944,489,1,0,-7.68355,-8.19522,1,1,2.16222,2.55169,2,2,16,14,2.1773,2.56712,-7.68355,-8.19522,1,1,2.16222,2.55169,2,2,16,14,2.1773,2.56712,-7.1354,-7.99323,0.875,1,0.323995,0.0369767,-8.29333,-8.19522,-8.17538,-7.68355,-7.68355,-7.68355,-1.815,-8.29333,-8.24571,-8.19522,-7.99571,-7.69,-7.68355,-7.68355,1,1,1,1,1,1,2,1,1,1,1,1,1,1,10.2088,10.2498,13.3856,0.647945,8.82438,9.24685,9.57424,10.2088,17.6565,17.8001,17.9861,17.3276,17.8001,15.1492,0.54694,8.82438,9.67307,10.2498,17.0565,17.639,17.8083,17.9173,18.404,18.445,21.3788,0.637787,16.7873,17.0602,17.5397,18.404,25.4194,25.6697,25.8717,25.513,25.4836,22.2847,0.629665,14.5037,17.4537,17.9188,24.7804,25.4194,25.513,25.8233,3.99985,5.51124,11.8581,1.03898,2.84604,4.40208,5.18588,12.8608,17.7843,18.282,19.2243,4.40208,4.66553,8.56134,0.977307,1.72067,2.23605,3.35723,5.48283,13.2015,17.3071,18.39,8.36556,8.64081,12.217,0.710117,5.83789,6.64538,7.23755,13.3877,16.5003,16.7734,17.3862,14.5801,6.88748,10.0411,0.691592,5.12498,5.54725,6.2916,8.51136,14.5037,15.9706,16.9311,-9999,-9999
202307091630,202307091700,24.92,0,24.968,24.92,0,674.418,115.57,0,526.268,115.57,0,373.67,0,362.659,373.67,0,434.056,0,372.501,434.056,0,17.966,0,17.172,17.966,0,100.72,100.677,100.72,0,0,0.001,0,0,1.05,0.41,1.05,0,157.2,0.115,43.03,26.29,258.18,237.96,6.76,10.92,446.51,401.12,0,14.86,14.12,13.36,12.56,11.27,9.99,0,0,0,0,0,0,16.83,20.126,26.055,23.395,10.713,0,3,3,3,3,11.56,0,24.91,0,32.0069,26.3922,44.6208,14.8469,2,85,20.0754,-5.68,0,-7.29825,-10.1745,-6.01798,18.9134,2,98,19.1627,489,1,0,0.68,1.121,1,1,1.89409,1.95938,2,2,19,6,2.0027,2.03391,0.68,1.121,1,1,1.89409,1.95938,2,2,19,6,2.0027,2.03391,0.776092,1.29661,0.925,1,0.138558,0.0837823,-1.765,0.47,0.68,0.68,1.121,1.77111,1.77111,0.68,0.68,0.68,1.121,1.77111,1.77111,1.9375,2,1,1,1,1,1,1,1,1,1,1,1,1,1,10.0698,10.0927,13.2068,0.640594,8.72541,9.10762,9.42843,10.0698,17.4322,17.568,17.7401,17.1258,17.568,14.9589,0.541167,8.72541,9.52534,10.0927,16.871,17.4103,17.5746,17.678,8.94876,8.97165,11.9102,0.716354,6.78791,6.95394,7.65925,8.94876,16.576,16.799,17.0097,16.9156,16.888,14.1828,0.608027,6.82047,7.75423,8.97165,16.2014,16.6593,16.8946,16.998,3.84094,5.45243,11.6521,1.02769,2.70164,4.24312,5.0123,12.6578,17.5484,18.0245,18.9227,4.24312,4.50207,8.35301,0.968224,1.59616,2.05359,3.2068,5.42404,12.8885,17.1115,18.0921,7.0167,7.21616,8.41571,0.434434,4.05831,4.63831,5.04874,9.7177,10.7373,10.972,11.1672,9.8929,4.792,6.93997,0.445268,3.62924,3.88093,4.37156,6.27347,9.8929,10.5714,11.081,-9999,-9999
202307091700,202307091730,25.62,0,25.009,25.62,0,589.127,398.08,0,436.496,398.08,0,376.91,0,360.706,376.91,0,385.123,0,370.194,385.123,0,18.989,0,17.454,18.989,0,100.69,100.656,100.69,0,0,0,0,0,0.63,0.337,0.63,0,183.5,0.25,42.24,244.41,807.27,260.7,20.62,48.04,453.95,400.66,0,14.9,14.18,13.41,12.58,11.28,9.99,0,0,0,0,0,0,16.82,20.104,26.03,23.382,10.706,0,3,3,3,3,12.24,0,158.89,0,204.158,168.344,284.616,35.0659,2,56,93.0512,94.7391,1,121.731,100.376,169.704,37.4754,2,7,63.6046,489,1,0,-13.9547,-14.0946,1,1,2.6222,2.58312,2,2,52,46,2.63122,2.59368,-13.9852,-14.0946,1,1,2.59854,2.58312,2,2,51,46,2.60763,2.59368,-14.0755,-14.1632,1,1,0.0305134,0.0296263,-14.4224,-14.3377,-14.1826,-13.9547,-13.9547,-13.9026,-13.9026,-14.4224,-14.4224,-14.3377,-14.1561,-14.0924,-13.9547,-13.9435,1,1,1,1,1,1,1,1,1,1,1,1,1,1,10.2649,10.3076,13.4878,0.656695,8.86607,9.29441,9.62657,10.2649,17.8146,17.9603,18.1528,17.4761,17.9603,15.2725,0.554191,8.86607,9.72533,10.3076,17.1991,17.8017,17.9698,18.0801,24.3595,24.4022,27.651,0.660029,22.955,23.2337,23.719,24.4022,31.8963,32.0476,32.3089,31.945,31.9455,29.3481,0.546986,22.9517,24.063,24.8083,31.1582,31.8489,31.9455,32.1761,3.86403,5.47173,11.9963,1.07136,2.68747,4.30964,5.11953,13.0343,18.1423,18.6229,19.5707,4.30964,4.58132,8.57691,1.00985,1.52281,1.97516,3.20464,5.44295,13.3319,17.6588,18.709,9.33051,9.66042,15.1543,0.959929,7.04096,8.02057,8.74676,15.5435,20.9949,21.4028,22.1098,18.086,8.31154,12.3179,0.91364,6.10593,6.54292,7.57585,9.62557,18.008,20.3772,21.4875,-9999,-9999
202307091730,202307091800,25.02,0,24.869,25.02,0,500.974,279.12,0,370.889,279.12,0,364.51,0,360.706,364.51,0,418.533,0,370.194,418.533,0,17.033,0,17.122,17.033,0,100.69,100.623,100.69,0,0,0,0,0,2.25,0.25,2.25,0,276.5,0.618,46.31,137.58,559.91,225.46,14.86,34.12,449.14,401.75,0,14.94,14.23,13.45,12.6,11.28,9.99,0,0,0,0,0,0,16.81,20.085,26.008,23.371,10.701,0,3,3,3,3,12.23,0,114.22,0,146.762,121.016,204.6,34.3114,2,50,70.8255,160.28,0,205.944,169.817,287.106,45.0063,2,13,97.9031,489,1,0,-8.41065,-9.11318,1,1,2.58409,2.51928,2,2,21,17,2.60785,2.54365,-8.41065,-9.11318,1,1,2.58409,2.51928,2,2,21,17,2.60785,2.54365,-8.62902,-8.7783,1,1,0.045457,0.0507073,-9.1532,-9.11318,-8.90423,-8.46125,-8.41065,-8.41065,-8.41065,-9.1532,-9.11318,-9.11318,-8.81789,-8.43529,-8.41065,-8.41065,1,1,1,1,1,1,1,1,1,1,1,1,1,1,10.1067,10.1292,13.2823,0.647928,8.75345,9.13657,9.46108,10.1067,17.5547,17.6916,17.8681,17.242,17.6916,15.0528,0.547281,8.75345,9.55772,10.1292,16.9836,17.5366,17.6992,17.8032,19.2199,19.2423,22.0606,0.636855,17.1887,17.5915,18.279,19.2199,26.0867,26.257,26.6987,26.1302,26.1023,23.6818,0.527256,17.4962,18.6272,19.2423,25.4448,26.0867,26.1929,26.389,3.6964,5.40886,11.7559,1.05647,2.53723,4.13771,4.92924,12.7945,17.8516,18.3104,19.2093,4.13771,4.40372,8.34287,0.99736,1.39792,1.79233,3.05493,5.38011,12.9724,17.4139,18.3538,10.1278,10.4463,14.1084,0.772813,7.0747,7.94359,8.61105,15.4672,18.807,19.127,19.5969,16.2211,8.18483,11.6297,0.757661,6.31635,6.61097,7.55667,10.2779,16.1406,18.3186,19.14,-9999,-9999
202307091800,202307091830,24.09,0,24.729,24.09,0,411.469,202.25,0,354.738,202.25,0,358.11,0,360.991,358.11,0,432.424,0,370.531,432.424,0,15.755,0,16.791,15.755,0,100.68,100.59,100.68,0,0,0,0,0,2.22,0.162,2.22,0,305,0.446,47.5,74.27,407.73,219.1,11.07,26.3,443.08,403.03,0,14.97,14.27,13.5,12.63,11.28,9.99,0,0,0,0,0,0,16.8,20.069,25.988,23.36,10.696,0,3,3,3,3,10.73,0,86.76,0,111.478,91.9225,155.411,32.9083,2,41,57.4277,53.02,0,68.1256,56.1749,94.9736,28.6296,2,4,40.5815,489,1,0,-2.33,-8.06833,0,1,1.9719,2.55169,2,2,18,14,3.48145,3.95436,-2.33,-8.06833,0,1,1.9719,2.55169,2,2,18,14,3.48145,3.95436,-4.40914,-6.2915,1,1,0.443889,0.43094,-8.599,-8.06833,-8.01556,-2.33,-2.33,-2.33,-2.33,-8.599,-8.37182,-8.06833,-8.01556,-2.76,-2.33,-2.33,1,1,1,0,0,0,0,1,1,1,1,1,0,0,9.85839,9.85101,12.9524,0.632746,8.57556,8.89136,9.20345,9.85101,17.1298,17.2535,17.405,16.8571,17.2535,14.6962,0.535245,8.57577,9.29698,9.85101,16.6273,17.103,17.2579,17.3523,17.9267,17.9193,19.2439,0.425455,16.5911,16.7351,17.219,17.9481,19.6928,20.7753,25.1714,19.6083,19.5835,19.1053,0.374416,14.6772,17.2731,17.8544,19.0139,19.5835,19.6928,24.8173,3.48498,5.32493,11.3669,1.02679,2.35701,3.90827,4.66648,12.3951,17.3309,17.7157,18.5895,3.90827,4.16389,7.99597,0.970831,1.26464,1.59407,2.86709,5.29634,12.4146,16.9612,17.7629,10.0307,10.3189,12.5408,0.644099,6.25261,7.07735,7.68473,14.1958,16.2751,16.4379,16.6701,14.1958,7.28403,10.3222,0.651384,5.60638,5.82708,6.71351,9.23793,14.1958,15.9571,16.5674,-9999,-9999
202307091830,202307091900,23.57,0,24.589,23.57,0,322.142,165.13,0,277.24,165.13,0,356.06,0,360.991,356.06,0,422.626,0,370.531,422.626,0,15.314,0,16.499,15.314,0,100.68,100.593,100.68,0,0,0,0,0,1.74,0.445,1.74,0,291,0.337,47.35,45.45,333.99,210.08,9.37,23.65,439.65,403.89,0,14.99,14.3,13.54,12.65,11.28,9.99,0,0,0,0,0,0,16.78,20.055,25.971,23.35,10.691,0,3,3,3,3,10.29,0,78.88,0,101.353,83.5736,141.296,30.8096,2,46,52.727,12.69,0,16.3054,13.4451,22.7313,22.7615,2,7,23.7797,489,1,0,-2.79667,-4.05,1,1,2.04971,1.97829,2,2,17,3,2.20273,2.15905,-2.79667,-4.05,1,1,2.04971,1.97829,2,2,17,3,2.20273,2.15905,-3.41718,-3.76334,1,1,0.113675,0.103427,-4.66727,-4.41,-4.05,-3.03,-2.79667,-2.79667,-2.79667,-4.66727,-4.52625,-4.05,-3.97444,-3.03,-2.79667,-2.79667,1,0,1,1,1,1,1,1,1,1,1,1,1,1,9.72141,9.69697,12.7756,0.62537,8.47742,8.75485,9.06051,9.69697,16.9051,17.0233,17.1614,16.656,17.0233,14.5074,0.529466,8.47994,9.1522,9.69697,16.4406,16.876,17.026,17.1151,13.7714,13.747,16.539,0.570752,12.7042,13.0037,13.1239,13.747,19.9215,20.3777,21.0024,19.843,19.8199,17.9246,0.461481,13.0037,13.1472,13.747,19.2914,19.8199,19.9215,20.9733,3.33494,5.26703,11.1614,1.01544,2.22091,3.75453,4.49786,12.1752,17.0862,17.422,18.286,3.75453,4.00549,7.79372,0.961167,1.14911,1.43203,2.73144,5.23846,12.11,16.7553,17.5,9.52397,9.78787,11.3222,0.578861,5.4852,6.27264,6.8344,12.7967,14.4765,14.7652,14.9719,12.7967,6.45971,9.26455,0.594448,4.90242,5.08769,5.92483,8.22562,12.7967,14.3724,14.822,-9999,-9999
202307091900,202307091930,22.87,0,24.448,22.87,0,234.524,84.5,0,226.431,84.5,0,351.94,0,362.49,351.94,0,421.658,0,372.301,421.658,0,14.529,0,16.208,14.529,0,100.68,100.596,100.68,0,0,0,0,0,1.7,0.727,1.7,0,283.5,0.286,47.89,-13.41,185.68,146.13,5.19,13.03,434.48,405.34,0,15,14.33,13.58,12.67,11.28,9.99,0,0,0,0,0,0,16.77,20.042,25.956,23.34,10.686,0,3,3,3,3,10.08,0,23.14,0,29.7327,24.5169,41.4502,14.8469,2,107,19.4421,-9.68,1,-12.4379,-17.3396,-10.256,19.3796,2,138,20.0784,489,1,0,6.376,7.83187,1,1,1.42048,1.47266,2,2,66,34,1.85599,1.64275,6.376,7.83187,1,1,1.42048,1.28516,2,2,66,32,1.85599,1.477,6.40087,6.84606,1,1,0.132591,0.159139,5.25778,5.4428,5.75043,6.376,6.46615,7.83187,7.83187,5.75043,6.376,6.376,6.46615,7.83187,7.83187,7.83187,1,1,1,1,1,1,1,1,1,1,1,1,1,1,9.53511,9.48874,12.5307,0.61446,8.34329,8.57082,8.86748,9.48874,16.5826,16.6952,16.8201,16.3719,16.7,14.2434,0.520868,8.34891,8.95679,9.48874,16.1755,16.5565,16.7,16.7825,1.70324,1.65687,5.68469,0.672254,0.598256,1.14346,1.59362,2.34693,10.2176,10.3192,10.4441,10.3447,10.324,7.84251,0.598004,1.12492,1.65687,2.46285,10.0849,10.3937,10.4572,10.7361,3.16301,5.19754,10.8755,0.996107,2.07043,3.57097,4.29134,11.8079,16.7197,16.9945,17.8415,3.57097,3.81471,7.53172,0.943765,1.03089,1.2658,2.57653,5.16907,11.7637,16.4341,17.1077,7.03689,7.20798,7.37533,0.382919,3.30144,3.8632,4.24017,8.43122,9.3496,9.45937,9.7154,8.43122,3.9861,5.95264,0.404154,2.93296,3.05554,3.61015,5.16131,8.52182,9.21239,9.41652,-9999,-9999
202307091930,202307092000,22.25,0,23.955,22.25,0,150.112,57.21,0,144.026,57.21,0,350.28,0,362.49,350.28,0,421.642,0,372.301,421.642,0,12.723,0,14.228,12.723,0,100.69,100.594,100.69,0,0,0,0,0,1.43,0.816,1.43,0,291.9,0.167,52.62,-36.91,114.19,91.89,3.26,10.29,430.22,405.08,0,15,14.36,13.62,12.69,11.29,9.99,0,0,0,0,0,0,16.77,20.039,25.944,23.331,10.682,0,3,3,3,3,9.52,0,18.43,0,23.6808,19.5266,33.0133,13.6216,2,142,16.8967,-7.68,0,-9.86806,-13.757,-8.13699,19.3483,2,121,19.7918,489,1,0,12.34,12.34,1,1,3.44923,3.54603,2,2,5,2,3.44923,3.54603,12.34,12.34,1,1,3.44923,-9999,2,-9999,5,-9999,3.44923,-9999,12.34,12.2485,1,1,0.00000000000000199111,0.0915,12.34,12.34,12.34,12.34,12.34,12.34,12.34,12.34,12.34,12.34,12.34,12.34,12.34,12.34,1,1,1,1,1,1,1,1,1,1,1,1,1,1,9.37042,9.30488,12.3154,0.605026,8.22439,8.4081,8.69694,9.30488,16.3,16.4037,16.521,16.1226,16.4167,14.0116,0.513458,8.23273,8.78414,9.30488,15.943,16.2766,16.4153,16.4911,-2.96958,-3.03512,0.0668921,0.596656,-4.11561,-3.693,-3.64175,-2.96958,3.96,4.06371,4.18101,4.09536,4.0767,1.67155,0.513458,-4.10727,-3.55586,-3.03512,3.60303,3.93658,4.07528,4.15108,3.00514,5.13315,10.625,0.980293,1.93061,3.40346,4.10443,11.5513,16.5244,16.6268,17.4573,3.40346,3.64107,7.29919,0.929452,0.918357,1.11147,2.43327,5.10474,11.4037,16.1361,16.7688,5.76742,5.89158,5.6049,0.298358,2.38437,2.82857,3.11804,6.42649,7.04293,7.12631,7.28388,6.42649,2.92062,4.4791,0.317372,2.1083,2.19321,2.62705,3.80565,6.44104,6.94271,7.23984,-9999,-9999
202307092000,202307092030,21.49,0,23.462,21.49,0,70.3503,20.45,0,138.385,20.45,0,348.2,0,353.038,348.2,0,417.706,0,361.135,417.706,0,11.449,0,12.247,11.449,0,100.71,100.592,100.71,0,0,0,0,0,1.25,0.906,1.25,0,287,0.125,55.34,-62.85,47.76,41.42,1.29,3.44,424.81,407.89,0,14.99,14.38,13.65,12.72,11.29,9.99,0,0,0,0,0,0,16.76,20.081,25.936,23.324,10.679,0,3,3,3,3,9.05,0,6.37,0,8.18483,6.74904,11.4104,10.8496,2,280,11.3865,-32.384,1,-41.6103,-58.0088,-34.311,18.2842,2,192,25.3557,489,1,0,9.31607,9.21333,1,1,2.9105,2.0789,2,2,16,11,2.97344,2.30038,9.31607,9.21333,1,1,2.9105,1.79072,2,2,16,9,2.97344,2.04368,8.95751,8.88734,1,1,0.100325,0.172431,7.54333,8.29595,8.63969,9.13034,9.31607,9.51304,9.65864,7.03071,7.54333,8.73645,9.315,9.44593,9.51304,9.65864,1,1,1,1,1,1,1,1,1,1,1,1,1,1,9.1673,9.07919,12.0469,0.592826,8.07707,8.20862,8.48771,9.07919,15.9447,16.0377,16.1322,15.808,16.0608,13.7209,0.503848,8.0887,8.57239,9.07919,15.6487,15.9245,16.0569,16.1253,-0.0460281,-0.13414,3.15959,0.530385,-0.82615,-0.727943,-0.297051,1.43078,6.51846,6.69229,6.81612,6.76089,6.74468,4.76338,0.465793,-0.742611,-0.13414,1.14178,6.45568,6.76089,7.01623,7.09457,2.83237,5.05957,10.3131,0.958447,1.78171,3.21471,3.89022,11.227,16.06,16.2164,16.9647,3.21471,3.44423,7.02262,0.909123,0.805552,0.958937,2.27678,5.03128,10.9659,15.6944,16.3295,2.53408,2.58211,2.28804,0.129347,0.900679,1.08487,1.20264,2.6206,2.86215,2.8826,3.07173,2.6844,1.12221,1.80585,0.137334,0.792443,0.828197,0.999812,1.49347,2.66956,2.8278,2.93496,-9999,-9999
202307092030,202307092100,21.3,0,22.424,21.3,0,7.18383,5.11,0,0,5.11,0,347.15,0,353.038,347.15,0,357.764,0,361.135,357.764,0,11.286,0,10.36,11.286,0,100.71,100.597,100.71,0,0,0,0,0,0.86,0.951,0.86,0,295.9,0.048,55.46,-71.64,12.2,9.05,0.42,1.08,420.05,407.41,0,14.98,14.39,13.68,12.74,11.29,10,0,0,0,0,0,0,16.75,20.093,25.931,23.318,10.678,0,3,3,3,3,8.55,0,35.97,1,46.218,38.1103,64.4323,16.9082,2,75,25.8188,-67.7845,1,-87.0966,-121.421,-71.818,23.4199,2,48,43.5952,489,1,0,10.5917,9.92,1,1,2.24871,2.0428,2,2,7,6,2.35317,2.15726,10.5917,9.92,1,1,2.24871,1.83175,2,2,7,5,2.35317,1.95857,10.1789,9.72933,1,1,0.14143,0.17743,9.205,9.205,9.92,10.5917,10.5917,10.5917,10.5917,5.79143,9.205,9.205,9.92,10.5917,10.5917,10.5917,1,1,1,1,1,1,1,1,1,1,1,1,1,1,9.1198,9.02492,11.9925,0.591588,8.04306,8.15962,8.43703,9.02492,15.8811,15.9713,16.0648,15.7532,15.996,13.6659,0.502986,8.05546,8.52089,9.02492,15.5991,15.8617,15.9918,16.0484,-0.800201,-0.895076,2.26318,0.478023,-1.16194,-0.895076,-0.790869,2.35693,5.30615,5.4043,5.48524,5.4199,5.4043,3.48699,0.404268,-1.14954,-0.697206,1.10319,5.0074,5.26996,5.40008,5.45666,2.73507,5.02326,10.2508,0.961081,1.6844,3.12242,3.79704,11.1697,16.0041,16.1827,16.9069,3.12242,3.35162,6.93572,0.912137,0.709014,0.861349,2.18493,4.97695,10.8608,15.658,16.2863,0.687694,0.700044,0.602976,0.0355065,0.225367,0.274141,0.30525,0.698449,0.754954,0.768347,0.809212,0.717304,0.284014,0.471895,0.0375617,0.197275,0.206456,0.251511,0.383238,0.713362,0.752973,0.773906,-9999,-9999
202307092100,202307092130,20.8,0,21.386,20.8,0,0,0,0,0,0,0,345.98,0,348.517,345.98,0,383.363,0,355.796,383.363,0,9.864,0,8.472,9.864,0,100.75,100.603,100.75,0,0,0,0,0,1.02,0.997,1.02,0,270.1,0.062,59.86,-74.67,1.69,0.81,0.01,-1.02,417.74,407.18,0,14.95,14.39,13.71,12.76,11.29,10,0,0,0,0,0,0,16.75,20.105,25.929,23.314,10.679,0,3,3,3,3,7.89,0,35.5725,1,45.7072,37.6892,63.7203,16.9082,2,73,25.6563,-59.7729,1,-76.8024,-107.07,-63.3296,22.0349,2,61,39.203,489,1,1,12.36,10.72,1,1,3.44923,2.86391,2,2,5,4,3.51149,2.97899,12.36,10.72,1,1,3.44923,2.08865,2,2,5,2,3.51149,2.24385,11.825,11.2534,1,1,0.182322,0.234405,10.72,11.0433,11.0433,12.36,12.36,12.36,12.36,5.80222,10.72,11.0433,11.0433,12.36,12.36,12.36,1,1,1,1,1,1,1,1,1,1,1,1,1,1,8.98748,8.87767,11.8211,0.584305,7.94691,8.02898,8.30033,8.87767,15.6576,15.7408,15.8335,15.5555,15.7717,13.4818,0.497306,7.96143,8.38247,8.87767,15.4147,15.6403,15.7678,15.8066,-1.73252,-1.84233,0.567708,0.471772,-3.09639,-2.76793,-2.66083,2.22018,3.33355,3.42573,3.61894,3.42573,3.41172,1.65676,0.388725,-3.08187,-2.64807,-0.782922,3.0547,3.36658,3.41172,3.47348,2.60033,4.96675,10.0523,0.950275,1.56259,2.97991,3.64017,10.9647,15.7429,15.9394,16.7833,2.97991,3.20449,6.74776,0.902092,0.607473,0.755664,2.06049,4.81133,10.5778,15.3965,16.0239,0,0,0,0,0,0,0,0,0,0,0,0,0,0,0,0,0,0,0,0,0,0,-9999,-9999
202307092130,202307092200,19.5,0,20.918,19.5,0,0,0,0,0,0,0,342.89,0,348.517,342.89,0,380.494,0,355.796,380.494,0,6.941,0,8.104,6.941,0,100.77,100.626,100.77,0,0,0,0,0,1.23,1.105,1.23,0,225.8,0.077,69.39,-74.16,0.19,0.68,-0.02,-1.31,413.54,412.46,0,14.91,14.39,13.73,12.78,11.3,10,0,0,0,0,0,0,16.75,20.118,25.928,23.311,10.679,0,3,3,3,3,7.27,0,6.02,0,7.73512,6.37821,10.7835,18.5376,1,14,18.823,-6.35,0,-8.15914,-11.3746,-6.72785,32.0109,1,15,32.1957,489,1,1,13.13,12.0543,1,1,3.45573,2.86391,2,2,4,4,3.66754,3.11621,13.13,11.3667,1,1,3.45573,2.08865,2,2,4,2,3.66754,2.42307,12.1483,11.6581,0.85,0.7,0.223696,0.317052,10.2287,10.6733,11.626,12.0691,13.13,13.13,13.13,5.77308,10.6733,10.6733,12.0543,13.13,13.13,13.13,1,2,1,1,1,1,1,1,2,2,1,1,1,1,8.63636,8.4916,11.3483,0.561465,7.68941,7.71825,7.94262,8.4916,15.0223,15.0882,15.1737,14.9883,15.1363,12.9644,0.479243,7.68941,8.02222,8.4916,14.881,15.0107,15.1266,15.1495,-3.41794,-2.8751,-0.309816,0.42341,-5.00242,-2.98389,-2.8751,1.57227,1.97402,2.01633,2.7666,2.01633,2.00635,0.816037,0.357589,-3.1927,-2.72995,-0.656817,1.78502,2.01633,2.82446,2.91925,2.37283,4.85726,9.50846,0.905724,1.38139,2.71283,3.3251,10.3829,14.9117,15.1609,16.1734,2.71283,2.92202,6.30629,0.858894,0.495197,0.6316,1.85571,4.41536,9.85003,14.5667,15.2025,0,0,0,0,0,0,0,0,0,0,0,0,0,0,0,0,0,0,0,0,0,0,-9999,-9999
202307092200,202307092230,19.08,0,20.449,19.08,0,0,0,0,0,0,0,342.17,0,346.02,342.17,0,377.459,0,352.845,377.459,0,6.625,0,7.735,6.625,0,100.76,100.65,100.76,0,0,0,0,0,1.07,1.214,1.07,0,181.7,0.064,70.01,-71.81,-0.01,0.68,-0.03,-1.33,410.34,409.93,0,14.86,14.38,13.75,12.8,11.3,10,0,0,0,0,0,0,16.75,20.159,25.962,23.331,10.69,0,3,3,3,3,6.67,0,26.7781,1,34.5085,28.3715,48.0392,15.7651,2,81,21.4732,-41.5994,1,-53.4512,-74.6282,-44.0747,19.1445,2,135,29.6562,490,1,1,12.999,11.8671,1,1,3.45573,2.86391,2,2,4,4,3.55742,2.98583,12.999,11.1483,1,1,3.45573,2.08865,2,2,4,2,3.55742,2.25292,12.0875,11.6618,1,1,0.204376,0.293283,10.0506,11.31,11.364,11.95,12.999,12.999,12.999,5.7504,11.31,11.31,11.6133,12.999,12.999,12.999,1,1,1,1,1,1,1,1,1,1,1,1,1,1,8.52573,8.36904,11.2063,0.555613,7.5884,7.63776,7.82937,8.36904,14.8384,14.8986,14.9792,14.825,14.9515,12.8121,0.474714,7.60834,7.91058,8.36904,14.7284,14.8394,14.9406,14.9602,-3.34137,-2.77926,-0.455446,0.433567,-3.70166,-3.49402,-3.46511,1.54986,1.91737,1.95252,2.72007,1.96124,1.95252,0.724563,0.367916,-3.67993,-3.39942,-0.646177,1.75918,1.95916,2.79199,2.87496,2.25461,4.80599,9.34531,0.898296,1.27269,2.58808,3.18947,10.2128,14.7009,14.965,15.7474,2.58808,2.79371,6.14926,0.851675,0.401932,0.535218,1.7448,4.26332,9.62041,14.3579,14.9917,0,0,0,0,0,0,0,0,0,0,0,0,0,0,0,0,0,0,0,0,0,0,-9999,-9999
202307092230,202307092300,18.18,0,18.784,18.18,0,0,0,0,0,0,0,340.53,0,346.02,340.53,0,372.604,0,352.845,372.604,0,5.527,0,5.513,5.527,0,100.75,100.65,100.75,0,0,0,0,0,1.49,1.237,1.49,0,152.3,0.182,73.53,-71.91,-0.05,0.67,-0.03,-1.16,408.97,414.33,0,14.81,14.36,13.76,12.82,11.3,10,0,0,0,0,0,0,16.75,20.159,26.004,23.356,10.702,0,3,3,3,3,6.17,0,22.71,0,29.2661,24.0613,40.7616,10.5444,1,13,16.2617,-25.68,0,-33.0934,-46.0924,-27.208,15.5257,1,13,20.9048,491,1,1,12.426,10.952,1,1,3.44923,2.86391,2,2,5,4,3.96919,3.47265,12.426,8.995,1,1,3.44923,1.77419,2,2,5,10,3.96919,2.6467,11.1522,10.2422,1,1,0.264076,0.322793,8.498,8.498,9.11833,11.7406,12.426,12.426,12.8007,6.62333,8.498,8.498,9.11833,12.426,12.426,12.8007,1,1,1,1,1,1,1,1,1,1,1,1,1,1,8.28395,8.10417,10.8837,0.540422,7.36192,7.46046,7.59056,8.10417,14.428,14.4754,14.5272,14.4389,14.5202,12.4596,0.462762,7.42973,7.66299,8.10417,14.3453,14.4477,14.5066,14.5262,-1.50938,-0.890834,0.641531,0.250655,-1.25052,-1.06827,-0.932527,0.738589,2.0942,2.17313,2.53431,2.10025,2.0942,1.30744,0.218112,-1.07045,-0.890834,0.0776939,1.93883,2.16718,2.64023,2.6983,2.08485,4.7225,8.97902,0.871124,1.13239,2.39289,2.96391,9.81853,14.1778,14.4486,14.8714,2.39289,2.58866,5.84569,0.824739,0.305086,0.431192,1.58932,4.0727,9.13441,13.8141,14.4501,0,0,0,0,0,0,0,0,0,0,0,0,0,0,0,0,0,0,0,0,0,0,-9999,-9999
202307092300,202307092330,18.38,0,17.118,18.38,0,0,0,0,0,0,0,341.84,0,339.8,341.84,0,372.322,0,345.499,372.322,0,6.153,0,3.291,6.153,0,100.72,100.651,100.72,0,0,0,0,0,1.42,1.26,1.42,0,115.8,0.085,70.9,-70.02,-0.04,0.67,-0.03,-1.25,408.73,409.51,0,14.75,14.34,13.77,12.84,11.3,10,0,0,0,0,0,0,16.75,20.203,26.057,23.389,10.72,0,3,3,3,3,5.83,0,4.89,0,6.30167,5.18097,8.77694,13.4789,1,11,13.7399,-41.366,1,-53.3077,-74.2467,-43.8274,19.1445,2,135,29.5803,491,1,1,12.696,11.357,1,1,3.45573,2.86391,2,2,4,4,3.8648,3.484,12.696,9.50125,1,1,3.45573,1.81124,2,2,4,8,3.8648,2.68642,11.492,10.6028,1,1,0.252182,0.312325,8.728,9.235,9.50125,11.9938,12.696,12.696,13.09,7.16,8.728,8.728,9.50125,12.696,12.696,13.09,1,1,1,1,1,1,1,1,1,1,1,1,1,1,8.34259,8.16601,10.9743,0.546502,7.41333,7.50427,7.64607,8.16601,14.5608,14.6052,14.6641,14.5608,14.6521,12.5645,0.467722,7.47393,7.7206,8.16601,14.4609,14.5704,14.6394,14.6588,-1.90071,-1.33524,0.37156,0.264566,-1.76107,-1.58893,-1.31091,0.253334,1.95614,1.96276,2.33008,1.96276,1.95614,1.07252,0.237139,-1.73655,-1.31091,-0.647126,1.78619,1.9825,2.50358,2.56701,2.03956,4.71305,9.07769,0.888937,1.07078,2.36334,2.94848,9.93452,14.3889,14.6591,15.0946,2.36334,2.56354,5.88172,0.84235,0.222479,0.351563,1.54066,4.07265,9.24124,14.0309,14.6614,0,0,0,0,0,0,0,0,0,0,0,0,0,0,0,0,0,0,0,0,0,0,-9999,-9999
202307092330,202307100000,18.27,0,16.024,18.27,0,0,0,0,0,0,0,342.99,0,339.8,342.99,0,371.159,0,345.499,371.159,0,6.182,0,2.356,6.182,0,100.72,100.641,100.72,0,0,0,0,0,1.39,1.063,1.39,0,125.8,0.074,70.56,-66.33,-0.04,0.68,-0.03,-1.35,406.29,409.38,0,14.7,14.31,13.78,12.85,11.31,10,0,0,0,0,0,0,16.74,20.267,26.127,23.432,10.743,0,3,3,3,3,5.45,0,24.8233,1,31.9895,26.3004,44.5548,15.2497,2,88,20.3878,-41.2177,1,-53.1167,-73.9806,-43.6703,19.0195,2,136,29.4378,491,1,1,12.1069,10.904,1,1,3.41479,2.86391,2,2,6,4,3.86223,3.46715,12.1069,8.935,1,1,3.41479,1.75765,2,2,6,11,3.86223,2.6284,10.9202,10.0078,1,1,0.252809,0.309876,8.19833,8.498,8.935,11.4806,12.1069,12.1069,12.4353,6.62333,8.19833,8.19833,8.935,12.1069,12.1069,12.4353,1,1,1,1,1,1,1,1,1,1,1,1,1,1,8.31654,8.13587,10.9484,0.546565,7.38648,7.48565,7.61977,8.13587,14.5348,14.5797,14.6349,14.5392,14.6251,12.5402,0.467899,7.45522,7.69142,8.13587,14.4433,14.5483,14.6122,14.6313,-1.42346,-0.79913,0.940566,0.263924,-1.04278,-0.878232,-0.693952,0.763147,2.51815,2.62455,2.94955,2.52444,2.51815,1.62005,0.235213,-1.01786,-0.693952,-0.221613,2.3567,2.61838,2.99828,3.05858,1.96019,4.68278,9.04521,0.894026,0.987993,2.28775,2.87446,9.90613,14.3919,14.6602,15.086,2.28775,2.48835,5.82262,0.847303,0.123658,0.266151,1.46264,4.00361,9.18178,14.0323,14.6629,0,0,0,0,0,0,0,0,0,0,0,0,0,0,0,0,0,0,0,0,0,0,-9999,-9999
